step,epoch,word,n_occurrences,mean_nll,sum_nll
1,0.002824858757062147,a,50,12.258912,612.945580
1,0.002824858757062147,about,50,11.003202,550.160083
1,0.002824858757062147,above,50,11.016243,550.812153
1,0.002824858757062147,after,50,10.757383,537.869175
1,0.002824858757062147,airplane,50,11.204536,560.226785
1,0.002824858757062147,all,50,11.076974,553.848722
1,0.002824858757062147,alligator,50,11.446903,572.345144
1,0.002824858757062147,am,50,11.554324,577.716225
1,0.002824858757062147,and,50,9.373355,468.667769
1,0.002824858757062147,animal,50,11.501123,575.056172
1,0.002824858757062147,ankle,5,11.275887,56.379436
1,0.002824858757062147,another,50,11.486854,574.342690
1,0.002824858757062147,any,50,10.654791,532.739541
1,0.002824858757062147,apple,50,10.195606,509.780298
1,0.002824858757062147,are,50,10.312495,515.624733
1,0.002824858757062147,arm,50,10.436680,521.833995
1,0.002824858757062147,around,50,10.982607,549.130327
1,0.002824858757062147,asleep,50,11.179723,558.986129
1,0.002824858757062147,at,50,11.184423,559.221157
1,0.002824858757062147,aunt,42,11.323881,475.603009
1,0.002824858757062147,awake,50,10.983896,549.194816
1,0.002824858757062147,away,50,10.769888,538.494401
1,0.002824858757062147,baby,50,11.071685,553.584233
1,0.002824858757062147,babysitter,11,10.973181,120.704995
1,0.002824858757062147,back,50,10.997773,549.888654
1,0.002824858757062147,backyard,19,11.009171,209.174258
1,0.002824858757062147,bad,50,11.295101,564.755066
1,0.002824858757062147,ball,50,11.396428,569.821408
1,0.002824858757062147,balloon,50,10.571079,528.553960
1,0.002824858757062147,banana,50,10.807571,540.378545
1,0.002824858757062147,basement,26,11.633157,302.462086
1,0.002824858757062147,basket,50,10.459608,522.980415
1,0.002824858757062147,bat,50,11.088053,554.402658
1,0.002824858757062147,bath,50,10.675016,533.750804
1,0.002824858757062147,bathroom,50,10.416920,520.845980
1,0.002824858757062147,bathtub,31,11.759124,364.532851
1,0.002824858757062147,be,50,12.445039,622.251969
1,0.002824858757062147,beach,50,10.368032,518.401611
1,0.002824858757062147,beads,50,11.078441,553.922061
1,0.002824858757062147,beans,50,11.355316,567.765778
1,0.002824858757062147,bear,50,11.013730,550.686502
1,0.002824858757062147,because,50,11.423637,571.181860
1,0.002824858757062147,bed,50,11.052681,552.634055
1,0.002824858757062147,bedroom,50,10.512976,525.648795
1,0.002824858757062147,bee,50,10.600545,530.027228
1,0.002824858757062147,before,50,10.423023,521.151136
1,0.002824858757062147,behind,50,11.371549,568.577438
1,0.002824858757062147,belly,50,11.906525,595.326261
1,0.002824858757062147,belt,50,10.983705,549.185263
1,0.002824858757062147,bench,50,11.255481,562.774058
1,0.002824858757062147,beside,50,10.250470,512.523478
1,0.002824858757062147,better,50,10.950005,547.500260
1,0.002824858757062147,bib,50,11.569479,578.473929
1,0.002824858757062147,bicycle,50,10.770732,538.536589
1,0.002824858757062147,big,50,11.028434,551.421695
1,0.002824858757062147,bird,50,10.429560,521.477983
1,0.002824858757062147,bite,50,10.596617,529.830828
1,0.002824858757062147,black,50,11.667495,583.374742
1,0.002824858757062147,blanket,50,11.359101,567.955039
1,0.002824858757062147,block,50,10.682627,534.131362
1,0.002824858757062147,blow,50,11.466953,573.347637
1,0.002824858757062147,blue,50,10.137032,506.851587
1,0.002824858757062147,boat,50,11.197657,559.882861
1,0.002824858757062147,book,50,10.404698,520.234920
1,0.002824858757062147,boots,50,11.363992,568.199606
1,0.002824858757062147,bottle,50,10.615666,530.783295
1,0.002824858757062147,bowl,50,11.545977,577.298856
1,0.002824858757062147,box,50,11.821337,591.066856
1,0.002824858757062147,boy,50,11.379651,568.982561
1,0.002824858757062147,bread,50,11.208798,560.439890
1,0.002824858757062147,break,50,11.941690,597.084496
1,0.002824858757062147,breakfast,50,11.194322,559.716098
1,0.002824858757062147,bring,50,12.052104,602.605204
1,0.002824858757062147,broken,50,10.928010,546.400501
1,0.002824858757062147,broom,50,11.203766,560.188300
1,0.002824858757062147,brother,50,10.568256,528.412807
1,0.002824858757062147,brown,50,11.422825,571.141236
1,0.002824858757062147,brush,50,11.414618,570.730880
1,0.002824858757062147,bubbles,50,11.169462,558.473083
1,0.002824858757062147,bucket,50,10.572171,528.608572
1,0.002824858757062147,bug,50,9.743521,487.176061
1,0.002824858757062147,build,50,11.096068,554.803408
1,0.002824858757062147,bump,50,10.779529,538.976430
1,0.002824858757062147,bunny,50,10.522319,526.115958
1,0.002824858757062147,bus,50,11.423780,571.189011
1,0.002824858757062147,but,50,11.066040,553.302009
1,0.002824858757062147,butter,50,10.729321,536.466034
1,0.002824858757062147,butterfly,50,10.733842,536.692107
1,0.002824858757062147,button,50,10.281653,514.082658
1,0.002824858757062147,buy,50,11.639841,581.992055
1,0.002824858757062147,by,50,11.412996,570.649816
1,0.002824858757062147,bye,50,11.056964,552.848200
1,0.002824858757062147,cake,50,10.206436,510.321792
1,0.002824858757062147,call,50,11.340581,567.029043
1,0.002824858757062147,camera,50,11.150436,557.521790
1,0.002824858757062147,camping,31,11.431072,354.363243
1,0.002824858757062147,can,50,11.095560,554.778016
1,0.002824858757062147,candy,50,10.828251,541.412574
1,0.002824858757062147,car,50,11.612569,580.628465
1,0.002824858757062147,careful,50,10.655988,532.799423
1,0.002824858757062147,carrots,50,11.290085,564.504235
1,0.002824858757062147,carry,50,11.217115,560.855742
1,0.002824858757062147,cat,50,10.216112,510.805625
1,0.002824858757062147,catch,50,11.941104,597.055205
1,0.002824858757062147,cereal,50,10.371297,518.564846
1,0.002824858757062147,chair,50,11.348103,567.405169
1,0.002824858757062147,chalk,40,10.808311,432.332420
1,0.002824858757062147,chase,49,11.472733,562.163928
1,0.002824858757062147,cheek,35,11.854490,414.907152
1,0.002824858757062147,cheese,50,11.312299,565.614935
1,0.002824858757062147,chicken,50,10.209355,510.467729
1,0.002824858757062147,child,50,11.233304,561.665199
1,0.002824858757062147,chin,50,11.104349,555.217432
1,0.002824858757062147,chocolate,50,10.838584,541.929204
1,0.002824858757062147,choo,50,11.510456,575.522778
1,0.002824858757062147,church,50,11.585749,579.287444
1,0.002824858757062147,circus,50,11.925896,596.294788
1,0.002824858757062147,clap,50,9.647524,482.376216
1,0.002824858757062147,clean,50,9.954049,497.702440
1,0.002824858757062147,climb,50,11.839163,591.958126
1,0.002824858757062147,clock,50,10.388012,519.400624
1,0.002824858757062147,close,50,11.988845,599.442237
1,0.002824858757062147,closet,50,11.380475,569.023774
1,0.002824858757062147,cloud,50,10.971391,548.569530
1,0.002824858757062147,clown,50,10.805206,540.260283
1,0.002824858757062147,coat,50,10.945101,547.255046
1,0.002824858757062147,coffee,50,10.459281,522.964053
1,0.002824858757062147,coke,50,10.169022,508.451085
1,0.002824858757062147,cold,50,11.305190,565.259516
1,0.002824858757062147,comb,50,10.782621,539.131034
1,0.002824858757062147,cook,50,11.259759,562.987927
1,0.002824858757062147,cookie,50,10.057464,502.873207
1,0.002824858757062147,corn,50,10.838215,541.910744
1,0.002824858757062147,couch,50,11.720911,586.045553
1,0.002824858757062147,could,50,11.566078,578.303909
1,0.002824858757062147,country,50,11.804443,590.222173
1,0.002824858757062147,cover,50,10.737383,536.869132
1,0.002824858757062147,cow,50,10.357334,517.866714
1,0.002824858757062147,cowboy,50,11.050838,552.541887
1,0.002824858757062147,cracker,50,11.987232,599.361586
1,0.002824858757062147,crayon,50,11.138002,556.900084
1,0.002824858757062147,crib,50,11.517277,575.863868
1,0.002824858757062147,cry,50,10.411056,520.552800
1,0.002824858757062147,cup,50,11.122883,556.144150
1,0.002824858757062147,cut,50,11.215227,560.761365
1,0.002824858757062147,cute,50,11.867404,593.370190
1,0.002824858757062147,daddy,50,11.344980,567.248982
1,0.002824858757062147,dance,50,10.680384,534.019186
1,0.002824858757062147,dark,50,10.974831,548.741570
1,0.002824858757062147,day,50,10.320084,516.004200
1,0.002824858757062147,deer,50,11.823789,591.189427
1,0.002824858757062147,diaper,50,11.019812,550.990593
1,0.002824858757062147,did,50,10.079510,503.975508
1,0.002824858757062147,dinner,50,10.849175,542.458736
1,0.002824858757062147,dirty,50,10.577568,528.878386
1,0.002824858757062147,dish,50,11.236156,561.807797
1,0.002824858757062147,do,50,10.617656,530.882800
1,0.002824858757062147,doctor,50,11.577928,578.896391
1,0.002824858757062147,does,50,11.423256,571.162795
1,0.002824858757062147,dog,50,10.871294,543.564681
1,0.002824858757062147,doll,50,10.948551,547.427540
1,0.002824858757062147,donkey,50,11.377944,568.897201
1,0.002824858757062147,donut,41,11.118279,455.849430
1,0.002824858757062147,door,50,10.019298,500.964908
1,0.002824858757062147,down,50,11.101086,555.054290
1,0.002824858757062147,downtown,8,11.955402,95.643219
1,0.002824858757062147,draw,50,10.176104,508.805185
1,0.002824858757062147,drawer,50,10.643309,532.165430
1,0.002824858757062147,dress,50,11.210575,560.528734
1,0.002824858757062147,drink,50,10.849944,542.497186
1,0.002824858757062147,drive,50,11.362003,568.100169
1,0.002824858757062147,drop,50,12.233959,611.697960
1,0.002824858757062147,dry,50,11.560124,578.006181
1,0.002824858757062147,dryer,20,11.963571,239.271423
1,0.002824858757062147,duck,50,11.374488,568.724411
1,0.002824858757062147,dump,50,10.818558,540.927879
1,0.002824858757062147,each,50,11.009593,550.479650
1,0.002824858757062147,ear,50,11.064487,553.224332
1,0.002824858757062147,eat,50,10.712125,535.606245
1,0.002824858757062147,egg,50,10.917937,545.896832
1,0.002824858757062147,elephant,50,11.402014,570.100678
1,0.002824858757062147,empty,50,10.521571,526.078552
1,0.002824858757062147,every,50,10.551903,527.595134
1,0.002824858757062147,eye,50,11.032914,551.645701
1,0.002824858757062147,face,50,11.073692,553.684575
1,0.002824858757062147,fall,50,11.214595,560.729747
1,0.002824858757062147,farm,50,12.290865,614.543246
1,0.002824858757062147,fast,50,10.736790,536.839485
1,0.002824858757062147,feed,50,11.126488,556.324408
1,0.002824858757062147,find,50,10.841814,542.090709
1,0.002824858757062147,fine,50,12.001663,600.083164
1,0.002824858757062147,finger,50,10.852526,542.626318
1,0.002824858757062147,finish,50,11.134441,556.722051
1,0.002824858757062147,first,50,11.066021,553.301040
1,0.002824858757062147,fish,50,10.816296,540.814795
1,0.002824858757062147,fit,50,11.112970,555.648496
1,0.002824858757062147,fix,50,11.179709,558.985462
1,0.002824858757062147,flag,50,10.399162,519.958088
1,0.002824858757062147,flower,50,10.206790,510.339499
1,0.002824858757062147,food,50,12.227118,611.355917
1,0.002824858757062147,foot,50,10.745937,537.296860
1,0.002824858757062147,for,50,10.475055,523.752753
1,0.002824858757062147,fork,50,11.279549,563.977460
1,0.002824858757062147,french,50,10.621719,531.085929
1,0.002824858757062147,friend,50,10.872005,543.600249
1,0.002824858757062147,frog,50,11.041792,552.089590
1,0.002824858757062147,full,50,9.978229,498.911441
1,0.002824858757062147,game,50,11.024212,551.210614
1,0.002824858757062147,garage,50,11.332594,566.629722
1,0.002824858757062147,garbage,50,10.364785,518.239242
1,0.002824858757062147,garden,50,11.038922,551.946092
1,0.002824858757062147,gas,50,11.455158,572.757908
1,0.002824858757062147,gentle,50,10.903389,545.169441
1,0.002824858757062147,get,50,10.399204,519.960184
1,0.002824858757062147,giraffe,50,11.261684,563.084186
1,0.002824858757062147,girl,50,10.037744,501.887183
1,0.002824858757062147,give,50,11.480086,574.004312
1,0.002824858757062147,glass,50,11.236438,561.821898
1,0.002824858757062147,glasses,50,10.755768,537.788408
1,0.002824858757062147,gloves,50,10.056187,502.809368
1,0.002824858757062147,glue,50,11.370928,568.546423
1,0.002824858757062147,go,50,11.213708,560.685400
1,0.002824858757062147,good,50,10.482836,524.141779
1,0.002824858757062147,goose,50,10.671451,533.572537
1,0.002824858757062147,grandma,50,10.975877,548.793866
1,0.002824858757062147,grandpa,45,11.065824,497.962063
1,0.002824858757062147,grapes,50,10.375757,518.787872
1,0.002824858757062147,grass,50,11.537812,576.890595
1,0.002824858757062147,green,50,10.954011,547.700547
1,0.002824858757062147,gum,50,10.009353,500.467649
1,0.002824858757062147,hair,50,11.586070,579.303492
1,0.002824858757062147,hamburger,50,11.458271,572.913568
1,0.002824858757062147,hammer,50,10.700699,535.034933
1,0.002824858757062147,hand,50,10.586149,529.307467
1,0.002824858757062147,happy,50,11.205028,560.251396
1,0.002824858757062147,hard,50,11.274263,563.713136
1,0.002824858757062147,hat,50,11.479018,573.950889
1,0.002824858757062147,hate,50,11.264546,563.227285
1,0.002824858757062147,have,50,10.633315,531.665771
1,0.002824858757062147,he,50,11.569419,578.470972
1,0.002824858757062147,head,50,11.274432,563.721590
1,0.002824858757062147,hear,50,11.013139,550.656972
1,0.002824858757062147,heavy,50,10.431836,521.591780
1,0.002824858757062147,helicopter,50,11.718878,585.943900
1,0.002824858757062147,hello,50,11.298150,564.907484
1,0.002824858757062147,help,50,10.913902,545.695076
1,0.002824858757062147,her,50,10.419859,520.992937
1,0.002824858757062147,here,50,10.974823,548.741160
1,0.002824858757062147,hi,50,11.035993,551.799625
1,0.002824858757062147,hide,50,10.388017,519.400826
1,0.002824858757062147,high,50,10.514574,525.728703
1,0.002824858757062147,him,50,10.720391,536.019546
1,0.002824858757062147,his,50,10.784682,539.234113
1,0.002824858757062147,hit,50,11.026179,551.308963
1,0.002824858757062147,hold,50,10.494651,524.732563
1,0.002824858757062147,home,50,11.397850,569.892486
1,0.002824858757062147,horse,50,10.419561,520.978062
1,0.002824858757062147,hose,50,10.214812,510.740613
1,0.002824858757062147,hot,50,10.507759,525.387965
1,0.002824858757062147,house,50,11.238570,561.928512
1,0.002824858757062147,how,50,10.253116,512.655775
1,0.002824858757062147,hug,50,10.298162,514.908106
1,0.002824858757062147,hungry,50,10.406362,520.318090
1,0.002824858757062147,hurry,50,10.225213,511.260629
1,0.002824858757062147,hurt,50,10.425280,521.263999
1,0.002824858757062147,i,50,10.689527,534.476367
1,0.002824858757062147,ice,50,11.269360,563.468002
1,0.002824858757062147,if,50,11.932466,596.623288
1,0.002824858757062147,inside,50,12.220570,611.028482
1,0.002824858757062147,into,50,11.123586,556.179312
1,0.002824858757062147,is,50,10.268293,513.414639
1,0.002824858757062147,it,50,11.624040,581.202002
1,0.002824858757062147,jacket,50,10.924871,546.243563
1,0.002824858757062147,jar,50,11.964561,598.228045
1,0.002824858757062147,jeans,16,10.745979,171.935672
1,0.002824858757062147,jelly,50,11.390717,569.535867
1,0.002824858757062147,juice,50,12.350228,617.511421
1,0.002824858757062147,jump,50,12.144763,607.238138
1,0.002824858757062147,keys,50,11.757609,587.880440
1,0.002824858757062147,kick,50,11.182204,559.110198
1,0.002824858757062147,kiss,50,11.456876,572.843778
1,0.002824858757062147,kitchen,50,10.730819,536.540939
1,0.002824858757062147,kitty,50,11.127149,556.357451
1,0.002824858757062147,knee,50,10.573304,528.665205
1,0.002824858757062147,knife,50,10.969279,548.463962
1,0.002824858757062147,knock,50,10.824083,541.204172
1,0.002824858757062147,ladder,50,11.025525,551.276272
1,0.002824858757062147,lady,50,11.428494,571.424712
1,0.002824858757062147,lamb,50,10.696413,534.820672
1,0.002824858757062147,lamp,50,9.504843,475.242157
1,0.002824858757062147,last,50,11.291196,564.559802
1,0.002824858757062147,later,50,11.310724,565.536195
1,0.002824858757062147,lawn,37,10.543299,390.102074
1,0.002824858757062147,leg,50,10.922233,546.111627
1,0.002824858757062147,lick,50,10.503370,525.168508
1,0.002824858757062147,light,50,10.701773,535.088675
1,0.002824858757062147,like,50,11.872045,593.602249
1,0.002824858757062147,lion,50,11.693031,584.651555
1,0.002824858757062147,lips,50,10.421624,521.081191
1,0.002824858757062147,listen,50,9.676516,483.825775
1,0.002824858757062147,little,50,11.069044,553.452225
1,0.002824858757062147,living,50,9.997196,499.859816
1,0.002824858757062147,lollipop,50,10.456438,522.821918
1,0.002824858757062147,long,50,11.720059,586.002939
1,0.002824858757062147,look,50,10.367383,518.369149
1,0.002824858757062147,loud,50,11.213498,560.674876
1,0.002824858757062147,love,50,12.198089,609.904467
1,0.002824858757062147,lunch,50,10.969766,548.488297
1,0.002824858757062147,mad,50,11.387623,569.381133
1,0.002824858757062147,make,50,10.111359,505.567959
1,0.002824858757062147,man,50,10.505387,525.269335
1,0.002824858757062147,me,50,12.525565,626.278275
1,0.002824858757062147,meat,50,10.895763,544.788145
1,0.002824858757062147,medicine,50,10.424624,521.231221
1,0.002824858757062147,milk,50,11.598550,579.927501
1,0.002824858757062147,mine,50,11.451629,572.581427
1,0.002824858757062147,mommy,50,11.464231,573.211549
1,0.002824858757062147,money,50,10.385952,519.297607
1,0.002824858757062147,monkey,50,10.730386,536.519284
1,0.002824858757062147,moo,50,11.604266,580.213308
1,0.002824858757062147,moon,50,11.158959,557.947932
1,0.002824858757062147,moose,32,11.487751,367.608031
1,0.002824858757062147,mop,40,11.815666,472.626622
1,0.002824858757062147,more,50,10.989461,549.473068
1,0.002824858757062147,morning,50,11.525485,576.274225
1,0.002824858757062147,motorcycle,50,10.371061,518.553029
1,0.002824858757062147,mouse,50,9.964045,498.202253
1,0.002824858757062147,mouth,50,10.164057,508.202865
1,0.002824858757062147,movie,50,11.229890,561.494518
1,0.002824858757062147,much,50,10.623016,531.150788
1,0.002824858757062147,muffin,50,10.905247,545.262361
1,0.002824858757062147,my,50,11.936564,596.828183
1,0.002824858757062147,myself,50,11.560965,578.048225
1,0.002824858757062147,nail,50,9.944240,497.212007
1,0.002824858757062147,nap,50,10.237275,511.863758
1,0.002824858757062147,napkin,50,11.243101,562.155057
1,0.002824858757062147,naughty,50,11.003785,550.189255
1,0.002824858757062147,necklace,50,12.122867,606.143337
1,0.002824858757062147,need,50,10.796840,539.842013
1,0.002824858757062147,new,50,12.230698,611.534913
1,0.002824858757062147,next,50,11.428481,571.424035
1,0.002824858757062147,nice,50,11.204553,560.227627
1,0.002824858757062147,night,50,11.018365,550.918241
1,0.002824858757062147,no,50,11.105395,555.269764
1,0.002824858757062147,noisy,50,12.760604,638.030180
1,0.002824858757062147,none,50,10.585434,529.271716
1,0.002824858757062147,noodles,50,11.763290,588.164495
1,0.002824858757062147,nose,50,10.855659,542.782928
1,0.002824858757062147,not,50,10.080420,504.020992
1,0.002824858757062147,now,50,10.156184,507.809218
1,0.002824858757062147,nurse,50,11.403076,570.153793
1,0.002824858757062147,nuts,50,10.215923,510.796132
1,0.002824858757062147,of,50,11.160376,558.018804
1,0.002824858757062147,off,50,11.309536,565.476794
1,0.002824858757062147,old,50,9.690882,484.544100
1,0.002824858757062147,on,50,10.267613,513.380667
1,0.002824858757062147,open,50,10.708240,535.412016
1,0.002824858757062147,orange,50,11.434840,571.741982
1,0.002824858757062147,other,50,10.918337,545.916859
1,0.002824858757062147,ouch,50,11.497408,574.870378
1,0.002824858757062147,our,50,12.052304,602.615186
1,0.002824858757062147,out,50,12.251612,612.580624
1,0.002824858757062147,outside,50,10.135380,506.769023
1,0.002824858757062147,oven,50,10.656974,532.848693
1,0.002824858757062147,over,50,11.134529,556.726425
1,0.002824858757062147,owl,50,11.312625,565.631254
1,0.002824858757062147,paint,50,10.853704,542.685185
1,0.002824858757062147,pajamas,50,10.029172,501.458603
1,0.002824858757062147,pancake,46,10.873619,500.186492
1,0.002824858757062147,pants,50,10.630323,531.516155
1,0.002824858757062147,paper,50,9.648324,482.416188
1,0.002824858757062147,park,50,10.396064,519.803201
1,0.002824858757062147,party,50,11.478094,573.904703
1,0.002824858757062147,peanut,50,11.637900,581.895005
1,0.002824858757062147,peas,50,10.817154,540.857676
1,0.002824858757062147,pen,50,10.703014,535.150694
1,0.002824858757062147,pencil,50,11.042135,552.106745
1,0.002824858757062147,penguin,50,10.138181,506.909044
1,0.002824858757062147,penis,18,11.542632,207.767377
1,0.002824858757062147,penny,50,10.780015,539.000771
1,0.002824858757062147,people,50,11.162109,558.105446
1,0.002824858757062147,person,50,10.678461,533.923032
1,0.002824858757062147,pick,50,9.505458,475.272879
1,0.002824858757062147,pickle,50,11.059091,552.954530
1,0.002824858757062147,picnic,50,10.831747,541.587337
1,0.002824858757062147,picture,50,10.344567,517.228349
1,0.002824858757062147,pig,50,11.328741,566.437060
1,0.002824858757062147,pillow,50,10.924134,546.206708
1,0.002824858757062147,pizza,50,10.422399,521.119971
1,0.002824858757062147,plant,50,11.370303,568.515174
1,0.002824858757062147,plate,50,10.790883,539.544141
1,0.002824858757062147,play,50,11.056619,552.830933
1,0.002824858757062147,playground,22,11.056529,243.243643
1,0.002824858757062147,please,50,10.599696,529.984780
1,0.002824858757062147,police,50,11.544568,577.228400
1,0.002824858757062147,pony,50,11.420054,571.002705
1,0.002824858757062147,pool,50,11.183099,559.154934
1,0.002824858757062147,poor,50,11.551888,577.594412
1,0.002824858757062147,popcorn,50,11.091207,554.560358
1,0.002824858757062147,popsicle,31,11.448432,354.901378
1,0.002824858757062147,porch,31,11.398806,353.362981
1,0.002824858757062147,potato,50,11.465530,573.276508
1,0.002824858757062147,pour,50,11.719665,585.983260
1,0.002824858757062147,present,50,10.923472,546.173590
1,0.002824858757062147,pretend,50,11.193594,559.679720
1,0.002824858757062147,pretty,50,11.253967,562.698343
1,0.002824858757062147,pretzel,50,10.839305,541.965265
1,0.002824858757062147,pudding,50,11.137024,556.851221
1,0.002824858757062147,pull,50,10.825710,541.285509
1,0.002824858757062147,pumpkin,50,10.841796,542.089782
1,0.002824858757062147,puppy,50,10.087691,504.384537
1,0.002824858757062147,purse,50,11.072306,553.615323
1,0.002824858757062147,push,50,11.372988,568.649386
1,0.002824858757062147,put,50,12.188116,609.405782
1,0.002824858757062147,puzzle,50,10.743721,537.186031
1,0.002824858757062147,quack,50,11.355047,567.752354
1,0.002824858757062147,quiet,50,12.311853,615.592674
1,0.002824858757062147,radio,50,11.040114,552.005706
1,0.002824858757062147,rain,50,10.936325,546.816236
1,0.002824858757062147,raisin,43,11.904846,511.908391
1,0.002824858757062147,read,50,10.318638,515.931925
1,0.002824858757062147,red,50,11.287498,564.374895
1,0.002824858757062147,refrigerator,50,10.695965,534.798235
1,0.002824858757062147,ride,50,9.706633,485.331672
1,0.002824858757062147,rip,50,10.435049,521.752435
1,0.002824858757062147,rock,50,11.096488,554.824378
1,0.002824858757062147,rocking,50,10.402731,520.136546
1,0.002824858757062147,roof,50,11.287437,564.371868
1,0.002824858757062147,room,50,10.531634,526.581680
1,0.002824858757062147,rooster,50,10.781763,539.088154
1,0.002824858757062147,run,50,11.574993,578.749652
1,0.002824858757062147,sad,50,11.660063,583.003151
1,0.002824858757062147,salt,50,11.015700,550.784976
1,0.002824858757062147,same,50,11.384890,569.244504
1,0.002824858757062147,sandwich,50,11.396677,569.833850
1,0.002824858757062147,sauce,50,10.105913,505.295668
1,0.002824858757062147,say,50,9.771233,488.561645
1,0.002824858757062147,scared,50,12.031686,601.584309
1,0.002824858757062147,scarf,50,10.750072,537.503624
1,0.002824858757062147,school,50,10.112758,505.637911
1,0.002824858757062147,scissors,50,10.762216,538.110817
1,0.002824858757062147,see,50,11.029304,551.465220
1,0.002824858757062147,shake,50,11.187617,559.380835
1,0.002824858757062147,share,50,11.108453,555.422632
1,0.002824858757062147,she,50,12.072442,603.622104
1,0.002824858757062147,sheep,50,11.162498,558.124908
1,0.002824858757062147,shh,50,10.145024,507.251182
1,0.002824858757062147,shirt,50,10.211648,510.582406
1,0.002824858757062147,shoe,50,12.132196,606.609788
1,0.002824858757062147,shopping,50,10.566427,528.321333
1,0.002824858757062147,shorts,50,10.552665,527.633246
1,0.002824858757062147,shoulder,50,11.709007,585.450340
1,0.002824858757062147,shovel,50,11.429565,571.478258
1,0.002824858757062147,show,50,10.658385,532.919226
1,0.002824858757062147,shower,50,10.260760,513.038015
1,0.002824858757062147,sick,50,11.397399,569.869952
1,0.002824858757062147,sidewalk,19,11.128607,211.443525
1,0.002824858757062147,sing,50,9.979574,498.978688
1,0.002824858757062147,sink,50,11.388394,569.419723
1,0.002824858757062147,sister,50,10.993321,549.666062
1,0.002824858757062147,sit,50,11.793607,589.680333
1,0.002824858757062147,skate,13,11.105785,144.375202
1,0.002824858757062147,sky,50,10.820877,541.043861
1,0.002824858757062147,sled,22,11.423634,251.319946
1,0.002824858757062147,sleep,50,10.419368,520.968377
1,0.002824858757062147,sleepy,50,10.516637,525.831846
1,0.002824858757062147,slide,50,10.994614,549.730694
1,0.002824858757062147,slipper,50,10.332743,516.637163
1,0.002824858757062147,slow,50,10.126327,506.316353
1,0.002824858757062147,smile,50,10.811865,540.593265
1,0.002824858757062147,snack,50,11.618107,580.905372
1,0.002824858757062147,snow,50,10.640727,532.036329
1,0.002824858757062147,so,50,11.811069,590.553472
1,0.002824858757062147,soap,50,11.657084,582.854177
1,0.002824858757062147,sock,50,11.350496,567.524781
1,0.002824858757062147,soda,50,11.441002,572.050110
1,0.002824858757062147,sofa,50,10.634527,531.726356
1,0.002824858757062147,soft,50,11.098092,554.904620
1,0.002824858757062147,some,50,11.854631,592.731550
1,0.002824858757062147,soup,50,11.355163,567.758167
1,0.002824858757062147,spill,50,11.005091,550.254529
1,0.002824858757062147,splash,50,11.199490,559.974519
1,0.002824858757062147,spoon,50,11.526672,576.333592
1,0.002824858757062147,sprinkler,13,11.274226,146.564944
1,0.002824858757062147,squirrel,50,11.126364,556.318205
1,0.002824858757062147,stairs,50,11.155817,557.790837
1,0.002824858757062147,stand,50,10.830085,541.504231
1,0.002824858757062147,star,50,10.827653,541.382664
1,0.002824858757062147,stay,50,10.595196,529.759796
1,0.002824858757062147,stick,50,12.570321,628.516044
1,0.002824858757062147,sticky,50,9.908668,495.433411
1,0.002824858757062147,stone,50,11.967568,598.378409
1,0.002824858757062147,stop,50,11.219412,560.970591
1,0.002824858757062147,store,50,10.657707,532.885369
1,0.002824858757062147,story,50,11.318904,565.945217
1,0.002824858757062147,stove,50,11.637656,581.882786
1,0.002824858757062147,strawberry,50,10.885289,544.264429
1,0.002824858757062147,street,50,11.432062,571.603125
1,0.002824858757062147,stroller,50,10.903542,545.177112
1,0.002824858757062147,stuck,50,11.434964,571.748222
1,0.002824858757062147,sun,50,11.329270,566.463489
1,0.002824858757062147,sweater,50,11.287488,564.374391
1,0.002824858757062147,sweep,50,11.467922,573.396122
1,0.002824858757062147,swim,50,10.449208,522.460394
1,0.002824858757062147,swing,50,10.784383,539.219159
1,0.002824858757062147,table,50,10.792704,539.635183
1,0.002824858757062147,take,50,11.229524,561.476225
1,0.002824858757062147,talk,50,11.259900,562.994982
1,0.002824858757062147,tape,50,11.219048,560.952407
1,0.002824858757062147,taste,50,10.358420,517.920976
1,0.002824858757062147,teacher,50,10.641898,532.094882
1,0.002824858757062147,tear,50,11.634758,581.737907
1,0.002824858757062147,telephone,50,11.781694,589.084719
1,0.002824858757062147,thank,50,11.601383,580.069129
1,0.002824858757062147,that,50,11.353047,567.652335
1,0.002824858757062147,the,50,10.847272,542.363581
1,0.002824858757062147,their,50,10.763528,538.176418
1,0.002824858757062147,them,50,11.501861,575.093059
1,0.002824858757062147,then,50,10.525870,526.293517
1,0.002824858757062147,there,50,9.899649,494.982451
1,0.002824858757062147,these,50,10.806333,540.316637
1,0.002824858757062147,they,50,10.875413,543.770635
1,0.002824858757062147,think,50,9.542756,477.137794
1,0.002824858757062147,thirsty,50,10.952998,547.649922
1,0.002824858757062147,this,50,10.164879,508.243955
1,0.002824858757062147,those,50,11.239142,561.957103
1,0.002824858757062147,throw,50,10.291941,514.597063
1,0.002824858757062147,tickle,50,11.825033,591.251633
1,0.002824858757062147,tiger,50,11.479509,573.975474
1,0.002824858757062147,time,50,9.749393,487.469651
1,0.002824858757062147,tiny,50,11.582094,579.104722
1,0.002824858757062147,tired,50,10.877449,543.872466
1,0.002824858757062147,tissue,50,12.326670,616.333497
1,0.002824858757062147,to,50,10.855996,542.799813
1,0.002824858757062147,toast,50,10.676892,533.844592
1,0.002824858757062147,today,50,10.642198,532.109920
1,0.002824858757062147,tomorrow,50,9.548214,477.410721
1,0.002824858757062147,tongue,50,10.778778,538.938908
1,0.002824858757062147,tonight,50,11.024625,551.231270
1,0.002824858757062147,too,50,11.196280,559.814017
1,0.002824858757062147,tooth,50,11.455171,572.758556
1,0.002824858757062147,toothbrush,50,10.101080,505.054019
1,0.002824858757062147,touch,50,11.356204,567.810191
1,0.002824858757062147,towel,50,11.336740,566.836989
1,0.002824858757062147,tractor,50,11.280661,564.033067
1,0.002824858757062147,train,50,10.281572,514.078620
1,0.002824858757062147,trash,50,11.741838,587.091896
1,0.002824858757062147,tray,50,11.597952,579.897587
1,0.002824858757062147,tree,50,10.882599,544.129931
1,0.002824858757062147,truck,50,11.175452,558.772591
1,0.002824858757062147,try,50,10.913361,545.668045
1,0.002824858757062147,tummy,50,11.052435,552.621743
1,0.002824858757062147,tuna,50,11.708943,585.447132
1,0.002824858757062147,turkey,50,11.423939,571.196960
1,0.002824858757062147,turn,50,11.488414,574.420717
1,0.002824858757062147,turtle,50,10.254322,512.716081
1,0.002824858757062147,tv,50,10.873191,543.659560
1,0.002824858757062147,uh,50,11.181784,559.089191
1,0.002824858757062147,uncle,50,10.890305,544.515274
1,0.002824858757062147,under,50,10.167491,508.374535
1,0.002824858757062147,up,50,11.737007,586.850364
1,0.002824858757062147,us,50,10.323078,516.153899
1,0.002824858757062147,vacuum,50,10.386837,519.341845
1,0.002824858757062147,vanilla,50,10.146933,507.346675
1,0.002824858757062147,wait,50,10.377969,518.898463
1,0.002824858757062147,wake,50,10.589023,529.451132
1,0.002824858757062147,walk,50,11.457142,572.857081
1,0.002824858757062147,walker,12,10.714611,128.575336
1,0.002824858757062147,wanna,50,11.434450,571.722520
1,0.002824858757062147,was,50,9.809383,490.469134
1,0.002824858757062147,wash,50,10.439608,521.980412
1,0.002824858757062147,washing,50,11.490514,574.525713
1,0.002824858757062147,watch,50,10.154212,507.710616
1,0.002824858757062147,water,50,10.220170,511.008501
1,0.002824858757062147,we,50,9.991641,499.582026
1,0.002824858757062147,were,50,11.898534,594.926692
1,0.002824858757062147,wet,50,10.453808,522.690386
1,0.002824858757062147,what,50,10.845699,542.284934
1,0.002824858757062147,when,50,11.251358,562.567891
1,0.002824858757062147,where,50,10.067931,503.396554
1,0.002824858757062147,which,50,11.315335,565.766765
1,0.002824858757062147,white,50,10.725762,536.288111
1,0.002824858757062147,who,50,10.288493,514.424664
1,0.002824858757062147,why,50,11.062802,553.140104
1,0.002824858757062147,will,50,10.715751,535.787546
1,0.002824858757062147,wind,50,11.603458,580.172911
1,0.002824858757062147,window,50,10.899095,544.954774
1,0.002824858757062147,windy,50,11.216599,560.829929
1,0.002824858757062147,wipe,50,11.695780,584.789005
1,0.002824858757062147,wish,50,12.028177,601.408858
1,0.002824858757062147,with,50,10.569728,528.486400
1,0.002824858757062147,wolf,50,11.308866,565.443281
1,0.002824858757062147,woods,48,11.774726,565.186842
1,0.002824858757062147,woof,50,11.431120,571.555980
1,0.002824858757062147,work,50,11.233909,561.695458
1,0.002824858757062147,would,50,11.243127,562.156355
1,0.002824858757062147,write,50,10.640410,532.020482
1,0.002824858757062147,yard,50,10.366399,518.319963
1,0.002824858757062147,yellow,50,11.091407,554.570350
1,0.002824858757062147,yes,50,11.464571,573.228528
1,0.002824858757062147,yesterday,50,11.273699,563.684961
1,0.002824858757062147,yogurt,50,10.504392,525.219606
1,0.002824858757062147,you,50,10.879263,543.963143
1,0.002824858757062147,your,50,10.187661,509.383068
1,0.002824858757062147,yourself,50,10.000428,500.021418
1,0.002824858757062147,yum,50,12.048157,602.407851
1,0.002824858757062147,zebra,50,10.479400,523.969986
1,0.002824858757062147,zipper,40,12.190531,487.621254
1,0.002824858757062147,zoo,50,11.639631,581.981525
119,0.3361581920903955,a,50,3.660138,183.006909
119,0.3361581920903955,about,50,6.162780,308.138981
119,0.3361581920903955,above,50,11.229669,561.483442
119,0.3361581920903955,after,50,8.054907,402.745327
119,0.3361581920903955,airplane,50,9.902729,495.136462
119,0.3361581920903955,all,50,5.764263,288.213128
119,0.3361581920903955,alligator,50,10.348872,517.443614
119,0.3361581920903955,am,50,7.779187,388.959345
119,0.3361581920903955,and,50,4.658436,232.921804
119,0.3361581920903955,animal,50,9.176502,458.825113
119,0.3361581920903955,ankle,5,12.374956,61.874779
119,0.3361581920903955,another,50,6.981554,349.077704
119,0.3361581920903955,any,50,6.730310,336.515513
119,0.3361581920903955,apple,50,8.820588,441.029405
119,0.3361581920903955,are,50,5.000438,250.021891
119,0.3361581920903955,arm,50,8.588313,429.415663
119,0.3361581920903955,around,50,7.252739,362.636967
119,0.3361581920903955,asleep,50,9.041866,452.093322
119,0.3361581920903955,at,50,4.881593,244.079671
119,0.3361581920903955,aunt,42,11.029143,463.224021
119,0.3361581920903955,awake,50,10.271429,513.571433
119,0.3361581920903955,away,50,7.559537,377.976830
119,0.3361581920903955,baby,50,6.150552,307.527601
119,0.3361581920903955,babysitter,11,11.498489,126.483375
119,0.3361581920903955,back,50,6.161969,308.098455
119,0.3361581920903955,backyard,19,10.077993,191.481875
119,0.3361581920903955,bad,50,9.178352,458.917622
119,0.3361581920903955,ball,50,7.069049,353.452461
119,0.3361581920903955,balloon,50,8.110905,405.545235
119,0.3361581920903955,banana,50,9.518116,475.905806
119,0.3361581920903955,basement,26,12.999411,337.984680
119,0.3361581920903955,basket,50,10.989111,549.455544
119,0.3361581920903955,bat,50,11.281992,564.099581
119,0.3361581920903955,bath,50,7.759592,387.979590
119,0.3361581920903955,bathroom,50,9.053308,452.665421
119,0.3361581920903955,bathtub,31,10.695488,331.560118
119,0.3361581920903955,be,50,4.926362,246.318089
119,0.3361581920903955,beach,50,8.668626,433.431319
119,0.3361581920903955,beads,50,11.295824,564.791211
119,0.3361581920903955,beans,50,9.753095,487.654731
119,0.3361581920903955,bear,50,8.219980,410.998998
119,0.3361581920903955,because,50,6.270778,313.538876
119,0.3361581920903955,bed,50,7.768886,388.444322
119,0.3361581920903955,bedroom,50,9.205655,460.282731
119,0.3361581920903955,bee,50,9.277978,463.898887
119,0.3361581920903955,before,50,7.879475,393.973747
119,0.3361581920903955,behind,50,8.589852,429.492596
119,0.3361581920903955,belly,50,10.261970,513.098489
119,0.3361581920903955,belt,50,10.829725,541.486235
119,0.3361581920903955,bench,50,12.409037,620.451873
119,0.3361581920903955,beside,50,10.833117,541.655828
119,0.3361581920903955,better,50,7.398521,369.926050
119,0.3361581920903955,bib,50,11.006619,550.330970
119,0.3361581920903955,bicycle,50,11.618378,580.918910
119,0.3361581920903955,big,50,5.734346,286.717302
119,0.3361581920903955,bird,50,8.028136,401.406786
119,0.3361581920903955,bite,50,8.677182,433.859121
119,0.3361581920903955,black,50,8.237720,411.885995
119,0.3361581920903955,blanket,50,9.437848,471.892392
119,0.3361581920903955,block,50,9.395025,469.751262
119,0.3361581920903955,blow,50,9.112908,455.645389
119,0.3361581920903955,blue,50,7.517519,375.875957
119,0.3361581920903955,boat,50,8.812830,440.641500
119,0.3361581920903955,book,50,6.248724,312.436221
119,0.3361581920903955,boots,50,10.117098,505.854884
119,0.3361581920903955,bottle,50,8.153244,407.662200
119,0.3361581920903955,bowl,50,8.122136,406.106778
119,0.3361581920903955,box,50,7.294735,364.736750
119,0.3361581920903955,boy,50,7.187012,359.350617
119,0.3361581920903955,bread,50,8.314015,415.700739
119,0.3361581920903955,break,50,8.069484,403.474208
119,0.3361581920903955,breakfast,50,8.460600,423.029985
119,0.3361581920903955,bring,50,8.359321,417.966036
119,0.3361581920903955,broken,50,8.277245,413.862236
119,0.3361581920903955,broom,50,10.752554,537.627680
119,0.3361581920903955,brother,50,9.159857,457.992863
119,0.3361581920903955,brown,50,9.289743,464.487173
119,0.3361581920903955,brush,50,9.441720,472.085993
119,0.3361581920903955,bubbles,50,9.717163,485.858161
119,0.3361581920903955,bucket,50,9.659723,482.986156
119,0.3361581920903955,bug,50,10.237878,511.893904
119,0.3361581920903955,build,50,8.469456,423.472817
119,0.3361581920903955,bump,50,9.382663,469.133131
119,0.3361581920903955,bunny,50,8.933683,446.684165
119,0.3361581920903955,bus,50,9.005271,450.263533
119,0.3361581920903955,but,50,5.974464,298.723194
119,0.3361581920903955,butter,50,9.319701,465.985067
119,0.3361581920903955,butterfly,50,9.376252,468.812591
119,0.3361581920903955,button,50,9.405355,470.267737
119,0.3361581920903955,buy,50,8.391353,419.567656
119,0.3361581920903955,by,50,7.560055,378.002726
119,0.3361581920903955,bye,50,8.201884,410.094205
119,0.3361581920903955,cake,50,8.614717,430.735836
119,0.3361581920903955,call,50,7.932601,396.630043
119,0.3361581920903955,camera,50,9.722172,486.108614
119,0.3361581920903955,camping,31,11.953310,370.552620
119,0.3361581920903955,can,50,4.609493,230.474642
119,0.3361581920903955,candy,50,9.528983,476.449163
119,0.3361581920903955,car,50,7.359388,367.969377
119,0.3361581920903955,careful,50,7.885074,394.253686
119,0.3361581920903955,carrots,50,11.519916,575.995810
119,0.3361581920903955,carry,50,8.587682,429.384082
119,0.3361581920903955,cat,50,7.877889,393.894427
119,0.3361581920903955,catch,50,9.638135,481.906759
119,0.3361581920903955,cereal,50,9.355952,467.797596
119,0.3361581920903955,chair,50,7.721029,386.051472
119,0.3361581920903955,chalk,40,12.053973,482.158904
119,0.3361581920903955,chase,49,12.300414,602.720280
119,0.3361581920903955,cheek,35,11.350177,397.256195
119,0.3361581920903955,cheese,50,8.963210,448.160499
119,0.3361581920903955,chicken,50,9.224631,461.231567
119,0.3361581920903955,child,50,10.300985,515.049255
119,0.3361581920903955,chin,50,10.610576,530.528804
119,0.3361581920903955,chocolate,50,9.512047,475.602354
119,0.3361581920903955,choo,50,9.405113,470.255648
119,0.3361581920903955,church,50,9.356411,467.820561
119,0.3361581920903955,circus,50,10.841086,542.054316
119,0.3361581920903955,clap,50,11.279083,563.954132
119,0.3361581920903955,clean,50,8.867542,443.377092
119,0.3361581920903955,climb,50,9.500498,475.024880
119,0.3361581920903955,clock,50,8.470806,423.540307
119,0.3361581920903955,close,50,8.869246,443.462295
119,0.3361581920903955,closet,50,10.034333,501.716672
119,0.3361581920903955,cloud,50,11.024680,551.233977
119,0.3361581920903955,clown,50,8.618368,430.918404
119,0.3361581920903955,coat,50,8.367924,418.396193
119,0.3361581920903955,coffee,50,8.946477,447.323853
119,0.3361581920903955,coke,50,11.178977,558.948862
119,0.3361581920903955,cold,50,8.051822,402.591098
119,0.3361581920903955,comb,50,9.480181,474.009044
119,0.3361581920903955,cook,50,9.117918,455.895916
119,0.3361581920903955,cookie,50,8.891484,444.574213
119,0.3361581920903955,corn,50,10.094544,504.727195
119,0.3361581920903955,couch,50,10.153684,507.684216
119,0.3361581920903955,could,50,7.012670,350.633521
119,0.3361581920903955,country,50,13.096923,654.846141
119,0.3361581920903955,cover,50,9.483713,474.185655
119,0.3361581920903955,cow,50,9.058144,452.907204
119,0.3361581920903955,cowboy,50,10.674182,533.709101
119,0.3361581920903955,cracker,50,9.934348,496.717407
119,0.3361581920903955,crayon,50,10.310146,515.507296
119,0.3361581920903955,crib,50,9.943543,497.177129
119,0.3361581920903955,cry,50,9.651569,482.578425
119,0.3361581920903955,cup,50,8.635773,431.788670
119,0.3361581920903955,cut,50,8.548894,427.444680
119,0.3361581920903955,cute,50,10.063498,503.174924
119,0.3361581920903955,daddy,50,8.058557,402.927828
119,0.3361581920903955,dance,50,9.829657,491.482833
119,0.3361581920903955,dark,50,9.828378,491.418915
119,0.3361581920903955,day,50,7.463309,373.165431
119,0.3361581920903955,deer,50,10.337396,516.869815
119,0.3361581920903955,diaper,50,10.851076,542.553800
119,0.3361581920903955,did,50,5.084507,254.225348
119,0.3361581920903955,dinner,50,8.409060,420.452991
119,0.3361581920903955,dirty,50,8.331465,416.573255
119,0.3361581920903955,dish,50,10.412842,520.642076
119,0.3361581920903955,do,50,4.566176,228.308807
119,0.3361581920903955,doctor,50,8.563527,428.176367
119,0.3361581920903955,does,50,5.711990,285.599522
119,0.3361581920903955,dog,50,7.594880,379.743989
119,0.3361581920903955,doll,50,9.286125,464.306231
119,0.3361581920903955,donkey,50,10.019287,500.964363
119,0.3361581920903955,donut,41,12.356285,506.607673
119,0.3361581920903955,door,50,7.252088,362.604396
119,0.3361581920903955,down,50,6.291594,314.579692
119,0.3361581920903955,downtown,8,14.171293,113.370340
119,0.3361581920903955,draw,50,8.039901,401.995053
119,0.3361581920903955,drawer,50,10.088218,504.410908
119,0.3361581920903955,dress,50,8.853503,442.675159
119,0.3361581920903955,drink,50,7.770746,388.537283
119,0.3361581920903955,drive,50,8.855685,442.784251
119,0.3361581920903955,drop,50,9.562164,478.108196
119,0.3361581920903955,dry,50,8.993321,449.666044
119,0.3361581920903955,dryer,20,10.811710,216.234191
119,0.3361581920903955,duck,50,8.444917,422.245872
119,0.3361581920903955,dump,50,11.264528,563.226417
119,0.3361581920903955,each,50,9.560793,478.039671
119,0.3361581920903955,ear,50,9.309886,465.494299
119,0.3361581920903955,eat,50,6.702567,335.128369
119,0.3361581920903955,egg,50,8.745365,437.268253
119,0.3361581920903955,elephant,50,8.329843,416.492140
119,0.3361581920903955,empty,50,9.320874,466.043711
119,0.3361581920903955,every,50,9.645363,482.268126
119,0.3361581920903955,eye,50,9.357439,467.871949
119,0.3361581920903955,face,50,8.059411,402.970547
119,0.3361581920903955,fall,50,7.725192,386.259581
119,0.3361581920903955,farm,50,9.367308,468.365389
119,0.3361581920903955,fast,50,9.145532,457.276586
119,0.3361581920903955,feed,50,9.511230,475.561508
119,0.3361581920903955,find,50,6.789382,339.469079
119,0.3361581920903955,fine,50,9.295876,464.793782
119,0.3361581920903955,finger,50,7.725643,386.282171
119,0.3361581920903955,finish,50,8.776753,438.837656
119,0.3361581920903955,first,50,7.752790,387.639516
119,0.3361581920903955,fish,50,8.240685,412.034248
119,0.3361581920903955,fit,50,8.243721,412.186051
119,0.3361581920903955,fix,50,8.394846,419.742323
119,0.3361581920903955,flag,50,11.065814,553.290700
119,0.3361581920903955,flower,50,9.815465,490.773240
119,0.3361581920903955,food,50,7.949327,397.466359
119,0.3361581920903955,foot,50,8.374150,418.707486
119,0.3361581920903955,for,50,5.301691,265.084559
119,0.3361581920903955,fork,50,9.127394,456.369719
119,0.3361581920903955,french,50,11.164629,558.231462
119,0.3361581920903955,friend,50,8.872874,443.643719
119,0.3361581920903955,frog,50,8.860590,443.029479
119,0.3361581920903955,full,50,9.559424,477.971185
119,0.3361581920903955,game,50,8.629608,431.480414
119,0.3361581920903955,garage,50,8.935008,446.750388
119,0.3361581920903955,garbage,50,11.781510,589.075505
119,0.3361581920903955,garden,50,8.637886,431.894307
119,0.3361581920903955,gas,50,10.713648,535.682414
119,0.3361581920903955,gentle,50,10.134805,506.740261
119,0.3361581920903955,get,50,4.794417,239.720872
119,0.3361581920903955,giraffe,50,8.518735,425.936754
119,0.3361581920903955,girl,50,6.964932,348.246594
119,0.3361581920903955,give,50,6.884337,344.216835
119,0.3361581920903955,glass,50,9.645469,482.273452
119,0.3361581920903955,glasses,50,9.169900,458.495003
119,0.3361581920903955,gloves,50,11.881574,594.078679
119,0.3361581920903955,glue,50,10.559243,527.962146
119,0.3361581920903955,go,50,4.646064,232.303205
119,0.3361581920903955,good,50,6.064501,303.225072
119,0.3361581920903955,goose,50,9.599961,479.998037
119,0.3361581920903955,grandma,50,10.045014,502.250714
119,0.3361581920903955,grandpa,45,11.072705,498.271709
119,0.3361581920903955,grapes,50,10.456131,522.806530
119,0.3361581920903955,grass,50,10.608684,530.434182
119,0.3361581920903955,green,50,7.371271,368.563574
119,0.3361581920903955,gum,50,11.501628,575.081377
119,0.3361581920903955,hair,50,7.220571,361.028558
119,0.3361581920903955,hamburger,50,9.577763,478.888126
119,0.3361581920903955,hammer,50,10.785514,539.275719
119,0.3361581920903955,hand,50,7.181149,359.057458
119,0.3361581920903955,happy,50,8.190599,409.529944
119,0.3361581920903955,hard,50,8.183154,409.157707
119,0.3361581920903955,hat,50,7.523727,376.186354
119,0.3361581920903955,hate,50,10.950069,547.503429
119,0.3361581920903955,have,50,4.718362,235.918094
119,0.3361581920903955,he,50,5.386789,269.339434
119,0.3361581920903955,head,50,6.765973,338.298628
119,0.3361581920903955,hear,50,7.728724,386.436212
119,0.3361581920903955,heavy,50,10.656213,532.810641
119,0.3361581920903955,helicopter,50,9.897901,494.895037
119,0.3361581920903955,hello,50,7.335257,366.762866
119,0.3361581920903955,help,50,7.457007,372.850331
119,0.3361581920903955,her,50,6.035768,301.788420
119,0.3361581920903955,here,50,5.307421,265.371045
119,0.3361581920903955,hi,50,7.440886,372.044278
119,0.3361581920903955,hide,50,10.045602,502.280106
119,0.3361581920903955,high,50,9.456833,472.841641
119,0.3361581920903955,him,50,6.243818,312.190909
119,0.3361581920903955,his,50,6.611039,330.551950
119,0.3361581920903955,hit,50,8.470106,423.505294
119,0.3361581920903955,hold,50,7.119342,355.967106
119,0.3361581920903955,home,50,6.877392,343.869619
119,0.3361581920903955,horse,50,8.920009,446.000442
119,0.3361581920903955,hose,50,10.482245,524.112258
119,0.3361581920903955,hot,50,8.134010,406.700495
119,0.3361581920903955,house,50,7.123823,356.191139
119,0.3361581920903955,how,50,5.622133,281.106641
119,0.3361581920903955,hug,50,9.297865,464.893258
119,0.3361581920903955,hungry,50,8.950569,447.528448
119,0.3361581920903955,hurry,50,12.132274,606.613698
119,0.3361581920903955,hurt,50,8.360734,418.036680
119,0.3361581920903955,i,50,10.213154,510.657701
119,0.3361581920903955,ice,50,8.491114,424.555687
119,0.3361581920903955,if,50,5.872177,293.608844
119,0.3361581920903955,inside,50,8.478855,423.942728
119,0.3361581920903955,into,50,7.753543,387.677139
119,0.3361581920903955,is,50,4.190525,209.526234
119,0.3361581920903955,it,50,3.469287,173.464372
119,0.3361581920903955,jacket,50,9.584505,479.225274
119,0.3361581920903955,jar,50,10.733302,536.665121
119,0.3361581920903955,jeans,16,12.540525,200.648404
119,0.3361581920903955,jelly,50,9.694783,484.739130
119,0.3361581920903955,juice,50,8.340470,417.023496
119,0.3361581920903955,jump,50,9.085770,454.288490
119,0.3361581920903955,keys,50,9.629326,481.466298
119,0.3361581920903955,kick,50,10.264100,513.204988
119,0.3361581920903955,kiss,50,8.955890,447.794500
119,0.3361581920903955,kitchen,50,8.046114,402.305691
119,0.3361581920903955,kitty,50,8.885845,444.292270
119,0.3361581920903955,knee,50,9.778023,488.901149
119,0.3361581920903955,knife,50,9.168853,458.442629
119,0.3361581920903955,knock,50,9.599930,479.996485
119,0.3361581920903955,ladder,50,9.238262,461.913103
119,0.3361581920903955,lady,50,8.500429,425.021457
119,0.3361581920903955,lamb,50,10.682059,534.102965
119,0.3361581920903955,lamp,50,11.884392,594.219617
119,0.3361581920903955,last,50,7.945554,397.277724
119,0.3361581920903955,later,50,8.154328,407.716415
119,0.3361581920903955,lawn,37,12.783860,473.002821
119,0.3361581920903955,leg,50,8.926517,446.325850
119,0.3361581920903955,lick,50,10.671698,533.584912
119,0.3361581920903955,light,50,8.826170,441.308510
119,0.3361581920903955,like,50,5.190262,259.513090
119,0.3361581920903955,lion,50,8.747719,437.385974
119,0.3361581920903955,lips,50,10.135715,506.785768
119,0.3361581920903955,listen,50,9.313286,465.664310
119,0.3361581920903955,little,50,5.310820,265.541008
119,0.3361581920903955,living,50,9.397873,469.893632
119,0.3361581920903955,lollipop,50,10.477500,523.874991
119,0.3361581920903955,long,50,7.025912,351.295608
119,0.3361581920903955,look,50,5.448221,272.411039
119,0.3361581920903955,loud,50,9.767573,488.378650
119,0.3361581920903955,love,50,7.699691,384.984560
119,0.3361581920903955,lunch,50,8.236234,411.811702
119,0.3361581920903955,mad,50,10.779838,538.991886
119,0.3361581920903955,make,50,6.195199,309.759955
119,0.3361581920903955,man,50,7.842805,392.140260
119,0.3361581920903955,me,50,4.447974,222.398683
119,0.3361581920903955,meat,50,9.279412,463.970616
119,0.3361581920903955,medicine,50,9.857964,492.898182
119,0.3361581920903955,milk,50,8.460687,423.034370
119,0.3361581920903955,mine,50,7.847762,392.388113
119,0.3361581920903955,mommy,50,9.282701,464.135047
119,0.3361581920903955,money,50,8.319886,415.994287
119,0.3361581920903955,monkey,50,8.740677,437.033853
119,0.3361581920903955,moo,50,10.159290,507.964491
119,0.3361581920903955,moon,50,9.017828,450.891381
119,0.3361581920903955,moose,32,10.563838,338.042806
119,0.3361581920903955,mop,40,12.018225,480.729017
119,0.3361581920903955,more,50,6.423750,321.187485
119,0.3361581920903955,morning,50,6.707253,335.362656
119,0.3361581920903955,motorcycle,50,11.104768,555.238420
119,0.3361581920903955,mouse,50,8.882711,444.135564
119,0.3361581920903955,mouth,50,7.697061,384.853043
119,0.3361581920903955,movie,50,9.295337,464.766855
119,0.3361581920903955,much,50,7.428617,371.430858
119,0.3361581920903955,muffin,50,12.579560,628.978024
119,0.3361581920903955,my,50,5.491202,274.560097
119,0.3361581920903955,myself,50,8.970537,448.526875
119,0.3361581920903955,nail,50,11.125255,556.262736
119,0.3361581920903955,nap,50,9.522663,476.133174
119,0.3361581920903955,napkin,50,10.157084,507.854182
119,0.3361581920903955,naughty,50,8.797518,439.875909
119,0.3361581920903955,necklace,50,10.525514,526.275713
119,0.3361581920903955,need,50,6.150262,307.513105
119,0.3361581920903955,new,50,7.319744,365.987175
119,0.3361581920903955,next,50,7.810910,390.545495
119,0.3361581920903955,nice,50,6.805694,340.284693
119,0.3361581920903955,night,50,7.722309,386.115428
119,0.3361581920903955,no,50,4.510024,225.501204
119,0.3361581920903955,noisy,50,9.991152,499.557614
119,0.3361581920903955,none,50,10.463496,523.174811
119,0.3361581920903955,noodles,50,14.068702,703.435109
119,0.3361581920903955,nose,50,7.063007,353.150352
119,0.3361581920903955,not,50,4.876980,243.849024
119,0.3361581920903955,now,50,5.542831,277.141537
119,0.3361581920903955,nurse,50,9.669430,483.471506
119,0.3361581920903955,nuts,50,11.869782,593.489124
119,0.3361581920903955,of,50,5.100496,255.024787
119,0.3361581920903955,off,50,6.022508,301.125419
119,0.3361581920903955,old,50,8.047030,402.351519
119,0.3361581920903955,on,50,3.762559,188.127968
119,0.3361581920903955,open,50,8.144268,407.213395
119,0.3361581920903955,orange,50,7.886496,394.324823
119,0.3361581920903955,other,50,5.221863,261.093168
119,0.3361581920903955,ouch,50,9.870322,493.516118
119,0.3361581920903955,our,50,7.858595,392.929752
119,0.3361581920903955,out,50,5.662252,283.112618
119,0.3361581920903955,outside,50,8.015410,400.770504
119,0.3361581920903955,oven,50,9.407229,470.361428
119,0.3361581920903955,over,50,5.591784,279.589201
119,0.3361581920903955,owl,50,10.316976,515.848806
119,0.3361581920903955,paint,50,9.197702,459.885090
119,0.3361581920903955,pajamas,50,10.901890,545.094496
119,0.3361581920903955,pancake,46,11.267314,518.296430
119,0.3361581920903955,pants,50,9.483347,474.167358
119,0.3361581920903955,paper,50,8.197573,409.878665
119,0.3361581920903955,park,50,8.190349,409.517464
119,0.3361581920903955,party,50,8.576975,428.848754
119,0.3361581920903955,peanut,50,9.263111,463.155529
119,0.3361581920903955,peas,50,9.078026,453.901291
119,0.3361581920903955,pen,50,8.866547,443.327348
119,0.3361581920903955,pencil,50,8.674085,433.704247
119,0.3361581920903955,penguin,50,9.860381,493.019028
119,0.3361581920903955,penis,18,12.665231,227.974165
119,0.3361581920903955,penny,50,10.039859,501.992961
119,0.3361581920903955,people,50,7.818932,390.946579
119,0.3361581920903955,person,50,10.132191,506.609551
119,0.3361581920903955,pick,50,8.320977,416.048850
119,0.3361581920903955,pickle,50,11.420243,571.012125
119,0.3361581920903955,picnic,50,9.882705,494.135258
119,0.3361581920903955,picture,50,7.491506,374.575290
119,0.3361581920903955,pig,50,9.269312,463.465599
119,0.3361581920903955,pillow,50,10.867881,543.394047
119,0.3361581920903955,pizza,50,8.424139,421.206933
119,0.3361581920903955,plant,50,9.411310,470.565496
119,0.3361581920903955,plate,50,8.798051,439.902565
119,0.3361581920903955,play,50,6.205276,310.263783
119,0.3361581920903955,playground,22,9.958784,219.093244
119,0.3361581920903955,please,50,6.808541,340.427033
119,0.3361581920903955,police,50,8.948177,447.408873
119,0.3361581920903955,pony,50,10.365102,518.255116
119,0.3361581920903955,pool,50,9.354462,467.723102
119,0.3361581920903955,poor,50,8.726694,436.334681
119,0.3361581920903955,popcorn,50,10.437282,521.864089
119,0.3361581920903955,popsicle,31,11.362482,352.236937
119,0.3361581920903955,porch,31,10.858730,336.620618
119,0.3361581920903955,potato,50,11.535377,576.768850
119,0.3361581920903955,pour,50,9.462792,473.139615
119,0.3361581920903955,present,50,9.404222,470.211124
119,0.3361581920903955,pretend,50,8.415148,420.757405
119,0.3361581920903955,pretty,50,8.355298,417.764902
119,0.3361581920903955,pretzel,50,11.604022,580.201116
119,0.3361581920903955,pudding,50,10.291493,514.574662
119,0.3361581920903955,pull,50,7.925007,396.250366
119,0.3361581920903955,pumpkin,50,10.577359,528.867929
119,0.3361581920903955,puppy,50,9.528609,476.430448
119,0.3361581920903955,purse,50,9.368765,468.438253
119,0.3361581920903955,push,50,8.268272,413.413594
119,0.3361581920903955,put,50,4.838197,241.909839
119,0.3361581920903955,puzzle,50,10.080119,504.005969
119,0.3361581920903955,quack,50,9.518853,475.942664
119,0.3361581920903955,quiet,50,9.226875,461.343768
119,0.3361581920903955,radio,50,9.765893,488.294641
119,0.3361581920903955,rain,50,9.445631,472.281534
119,0.3361581920903955,raisin,43,11.727195,504.269390
119,0.3361581920903955,read,50,6.975107,348.755325
119,0.3361581920903955,red,50,6.758649,337.932448
119,0.3361581920903955,refrigerator,50,9.777562,488.878091
119,0.3361581920903955,ride,50,8.364643,418.232152
119,0.3361581920903955,rip,50,10.189745,509.487247
119,0.3361581920903955,rock,50,9.733140,486.657022
119,0.3361581920903955,rocking,50,10.549363,527.468140
119,0.3361581920903955,roof,50,10.743937,537.196865
119,0.3361581920903955,room,50,7.718665,385.933234
119,0.3361581920903955,rooster,50,10.596739,529.836972
119,0.3361581920903955,run,50,9.183798,459.189923
119,0.3361581920903955,sad,50,9.591740,479.586989
119,0.3361581920903955,salt,50,10.649768,532.488399
119,0.3361581920903955,same,50,6.374681,318.734026
119,0.3361581920903955,sandwich,50,8.416376,420.818800
119,0.3361581920903955,sauce,50,10.376052,518.802594
119,0.3361581920903955,say,50,6.756848,337.842414
119,0.3361581920903955,scared,50,9.786866,489.343275
119,0.3361581920903955,scarf,50,11.230644,561.532187
119,0.3361581920903955,school,50,7.017234,350.861691
119,0.3361581920903955,scissors,50,9.514401,475.720054
119,0.3361581920903955,see,50,4.839473,241.973640
119,0.3361581920903955,shake,50,10.405819,520.290966
119,0.3361581920903955,share,50,9.527172,476.358614
119,0.3361581920903955,she,50,5.972532,298.626614
119,0.3361581920903955,sheep,50,9.067896,453.394809
119,0.3361581920903955,shh,50,9.319920,465.995996
119,0.3361581920903955,shirt,50,9.175056,458.752789
119,0.3361581920903955,shoe,50,9.116211,455.810571
119,0.3361581920903955,shopping,50,10.101038,505.051892
119,0.3361581920903955,shorts,50,9.757099,487.854956
119,0.3361581920903955,shoulder,50,10.548670,527.433484
119,0.3361581920903955,shovel,50,10.853760,542.688020
119,0.3361581920903955,show,50,7.744714,387.235712
119,0.3361581920903955,shower,50,8.512062,425.603096
119,0.3361581920903955,sick,50,8.893851,444.692550
119,0.3361581920903955,sidewalk,19,12.300755,233.714347
119,0.3361581920903955,sing,50,8.069257,403.462841
119,0.3361581920903955,sink,50,9.983305,499.165254
119,0.3361581920903955,sister,50,9.413407,470.670375
119,0.3361581920903955,sit,50,7.164952,358.247620
119,0.3361581920903955,skate,13,13.133049,170.729641
119,0.3361581920903955,sky,50,8.998176,449.908816
119,0.3361581920903955,sled,22,13.338215,293.440741
119,0.3361581920903955,sleep,50,7.559736,377.986801
119,0.3361581920903955,sleepy,50,10.477224,523.861217
119,0.3361581920903955,slide,50,9.201738,460.086916
119,0.3361581920903955,slipper,50,10.041950,502.097487
119,0.3361581920903955,slow,50,10.710575,535.528734
119,0.3361581920903955,smile,50,10.526721,526.336037
119,0.3361581920903955,snack,50,10.990100,549.504994
119,0.3361581920903955,snow,50,8.888547,444.427369
119,0.3361581920903955,so,50,6.257913,312.895671
119,0.3361581920903955,soap,50,10.328939,516.446963
119,0.3361581920903955,sock,50,8.834855,441.742764
119,0.3361581920903955,soda,50,12.042980,602.149022
119,0.3361581920903955,sofa,50,10.321555,516.077771
119,0.3361581920903955,soft,50,9.539848,476.992385
119,0.3361581920903955,some,50,5.627980,281.399005
119,0.3361581920903955,soup,50,10.114472,505.723592
119,0.3361581920903955,spill,50,10.410945,520.547236
119,0.3361581920903955,splash,50,9.800092,490.004594
119,0.3361581920903955,spoon,50,7.295729,364.786455
119,0.3361581920903955,sprinkler,13,12.559352,163.271577
119,0.3361581920903955,squirrel,50,10.746711,537.335534
119,0.3361581920903955,stairs,50,8.853656,442.682815
119,0.3361581920903955,stand,50,8.609251,430.462547
119,0.3361581920903955,star,50,9.877881,493.894030
119,0.3361581920903955,stay,50,8.542764,427.138225
119,0.3361581920903955,stick,50,8.993320,449.666018
119,0.3361581920903955,sticky,50,9.699926,484.996286
119,0.3361581920903955,stone,50,10.980085,549.004238
119,0.3361581920903955,stop,50,8.582583,429.129128
119,0.3361581920903955,store,50,9.223940,461.196986
119,0.3361581920903955,story,50,8.473854,423.692695
119,0.3361581920903955,stove,50,10.378158,518.907919
119,0.3361581920903955,strawberry,50,9.189431,459.471572
119,0.3361581920903955,street,50,9.550936,477.546823
119,0.3361581920903955,stroller,50,11.896904,594.845181
119,0.3361581920903955,stuck,50,8.744161,437.208035
119,0.3361581920903955,sun,50,8.337001,416.850044
119,0.3361581920903955,sweater,50,10.373856,518.692791
119,0.3361581920903955,sweep,50,12.035452,601.772582
119,0.3361581920903955,swim,50,9.875178,493.758894
119,0.3361581920903955,swing,50,10.236304,511.815218
119,0.3361581920903955,table,50,7.920121,396.006037
119,0.3361581920903955,take,50,5.849952,292.497590
119,0.3361581920903955,talk,50,8.476094,423.804683
119,0.3361581920903955,tape,50,8.366995,418.349729
119,0.3361581920903955,taste,50,9.792723,489.636161
119,0.3361581920903955,teacher,50,10.335511,516.775570
119,0.3361581920903955,tear,50,10.293457,514.672834
119,0.3361581920903955,telephone,50,8.406991,420.349547
119,0.3361581920903955,thank,50,6.708548,335.427390
119,0.3361581920903955,that,50,3.501381,175.069045
119,0.3361581920903955,the,50,3.697970,184.898497
119,0.3361581920903955,their,50,8.442065,422.103242
119,0.3361581920903955,them,50,4.950504,247.525201
119,0.3361581920903955,then,50,4.928583,246.429142
119,0.3361581920903955,there,50,4.545356,227.267795
119,0.3361581920903955,these,50,6.046463,302.323168
119,0.3361581920903955,they,50,5.508941,275.447027
119,0.3361581920903955,think,50,4.495158,224.757915
119,0.3361581920903955,thirsty,50,10.295529,514.776455
119,0.3361581920903955,this,50,4.421452,221.072605
119,0.3361581920903955,those,50,6.592048,329.602377
119,0.3361581920903955,throw,50,8.767302,438.365082
119,0.3361581920903955,tickle,50,9.234004,461.700191
119,0.3361581920903955,tiger,50,9.266477,463.323844
119,0.3361581920903955,time,50,6.919889,345.994438
119,0.3361581920903955,tiny,50,9.012476,450.623822
119,0.3361581920903955,tired,50,8.793078,439.653919
119,0.3361581920903955,tissue,50,9.790124,489.506186
119,0.3361581920903955,to,50,4.104251,205.212545
119,0.3361581920903955,toast,50,9.383144,469.157191
119,0.3361581920903955,today,50,6.972300,348.615008
119,0.3361581920903955,tomorrow,50,8.678264,433.913177
119,0.3361581920903955,tongue,50,10.018111,500.905563
119,0.3361581920903955,tonight,50,9.441728,472.086409
119,0.3361581920903955,too,50,6.622906,331.145277
119,0.3361581920903955,tooth,50,10.186779,509.338957
119,0.3361581920903955,toothbrush,50,11.973233,598.661658
119,0.3361581920903955,touch,50,8.268952,413.447625
119,0.3361581920903955,towel,50,9.190650,459.532506
119,0.3361581920903955,tractor,50,9.340790,467.039489
119,0.3361581920903955,train,50,7.431951,371.597566
119,0.3361581920903955,trash,50,10.307347,515.367360
119,0.3361581920903955,tray,50,10.028557,501.427862
119,0.3361581920903955,tree,50,7.891557,394.577871
119,0.3361581920903955,truck,50,9.186460,459.322989
119,0.3361581920903955,try,50,7.500568,375.028378
119,0.3361581920903955,tummy,50,8.577226,428.861318
119,0.3361581920903955,tuna,50,12.019042,600.952115
119,0.3361581920903955,turkey,50,10.402427,520.121367
119,0.3361581920903955,turn,50,7.136491,356.824533
119,0.3361581920903955,turtle,50,9.296762,464.838121
119,0.3361581920903955,tv,50,8.883246,444.162291
119,0.3361581920903955,uh,50,6.485869,324.293468
119,0.3361581920903955,uncle,50,11.397411,569.870558
119,0.3361581920903955,under,50,8.522687,426.134336
119,0.3361581920903955,up,50,4.964351,248.217546
119,0.3361581920903955,us,50,7.838544,391.927207
119,0.3361581920903955,vacuum,50,10.894753,544.737632
119,0.3361581920903955,vanilla,50,11.112764,555.638207
119,0.3361581920903955,wait,50,7.612235,380.611733
119,0.3361581920903955,wake,50,8.710684,435.534186
119,0.3361581920903955,walk,50,8.877283,443.864148
119,0.3361581920903955,walker,12,14.387593,172.651120
119,0.3361581920903955,wanna,50,4.356360,217.817994
119,0.3361581920903955,was,50,4.662582,233.129103
119,0.3361581920903955,wash,50,8.698255,434.912737
119,0.3361581920903955,washing,50,9.018115,450.905728
119,0.3361581920903955,watch,50,7.270831,363.541548
119,0.3361581920903955,water,50,6.940591,347.029537
119,0.3361581920903955,we,50,4.896760,244.837992
119,0.3361581920903955,were,50,6.675364,333.768223
119,0.3361581920903955,wet,50,8.579525,428.976228
119,0.3361581920903955,what,50,4.463174,223.158697
119,0.3361581920903955,when,50,6.753394,337.669700
119,0.3361581920903955,where,50,5.015905,250.795245
119,0.3361581920903955,which,50,7.149550,357.477489
119,0.3361581920903955,white,50,7.638502,381.925079
119,0.3361581920903955,who,50,5.781803,289.090168
119,0.3361581920903955,why,50,5.756876,287.843781
119,0.3361581920903955,will,50,6.395470,319.773481
119,0.3361581920903955,wind,50,8.965530,448.276510
119,0.3361581920903955,window,50,7.792975,389.648767
119,0.3361581920903955,windy,50,11.753698,587.684914
119,0.3361581920903955,wipe,50,8.441651,422.082570
119,0.3361581920903955,wish,50,9.919691,495.984554
119,0.3361581920903955,with,50,4.824834,241.241711
119,0.3361581920903955,wolf,50,10.279723,513.986152
119,0.3361581920903955,woods,48,10.617397,509.635033
119,0.3361581920903955,woof,50,10.100016,505.000806
119,0.3361581920903955,work,50,6.935804,346.790192
119,0.3361581920903955,would,50,6.896976,344.848782
119,0.3361581920903955,write,50,8.464865,423.243231
119,0.3361581920903955,yard,50,10.800089,540.004430
119,0.3361581920903955,yellow,50,7.774442,388.722104
119,0.3361581920903955,yes,50,5.430876,271.543805
119,0.3361581920903955,yesterday,50,8.584993,429.249654
119,0.3361581920903955,yogurt,50,11.640467,582.023343
119,0.3361581920903955,you,50,3.291218,164.560893
119,0.3361581920903955,your,50,4.256135,212.806765
119,0.3361581920903955,yourself,50,8.582815,429.140760
119,0.3361581920903955,yum,50,9.359838,467.991893
119,0.3361581920903955,zebra,50,8.791326,439.566288
119,0.3361581920903955,zipper,40,11.919537,476.781470
119,0.3361581920903955,zoo,50,8.013682,400.684102
5310,15.0,a,50,2.820117,141.005845
5310,15.0,about,50,4.613076,230.653786
5310,15.0,above,50,9.604821,480.241048
5310,15.0,after,50,7.656620,382.831025
5310,15.0,airplane,50,6.290826,314.541286
5310,15.0,all,50,5.155053,257.752646
5310,15.0,alligator,50,8.049320,402.465990
5310,15.0,am,50,6.293593,314.679672
5310,15.0,and,50,4.238306,211.915290
5310,15.0,animal,50,8.050295,402.514743
5310,15.0,ankle,5,9.621718,48.108590
5310,15.0,another,50,5.116076,255.803794
5310,15.0,any,50,4.820297,241.014849
5310,15.0,apple,50,5.771810,288.590518
5310,15.0,are,50,2.862422,143.121086
5310,15.0,arm,50,5.528872,276.443615
5310,15.0,around,50,6.164817,308.240832
5310,15.0,asleep,50,6.738057,336.902866
5310,15.0,at,50,1.935100,96.755020
5310,15.0,aunt,42,10.487811,440.488042
5310,15.0,awake,50,8.218553,410.927650
5310,15.0,away,50,3.418691,170.934539
5310,15.0,baby,50,3.528138,176.406877
5310,15.0,babysitter,11,11.069098,121.760083
5310,15.0,back,50,4.882983,244.149148
5310,15.0,backyard,19,8.597913,163.360338
5310,15.0,bad,50,7.511502,375.575098
5310,15.0,ball,50,3.714565,185.728259
5310,15.0,balloon,50,6.732008,336.600419
5310,15.0,banana,50,7.146768,357.338395
5310,15.0,basement,26,10.424361,271.033392
5310,15.0,basket,50,5.431866,271.593296
5310,15.0,bat,50,7.735949,386.797451
5310,15.0,bath,50,4.675170,233.758501
5310,15.0,bathroom,50,7.517135,375.856756
5310,15.0,bathtub,31,10.396564,322.293479
5310,15.0,be,50,3.684227,184.211343
5310,15.0,beach,50,5.886862,294.343096
5310,15.0,beads,50,9.026944,451.347214
5310,15.0,beans,50,6.148810,307.440515
5310,15.0,bear,50,4.215195,210.759772
5310,15.0,because,50,5.298241,264.912066
5310,15.0,bed,50,6.451860,322.592980
5310,15.0,bedroom,50,6.850357,342.517839
5310,15.0,bee,50,5.547670,277.383477
5310,15.0,before,50,6.864780,343.238983
5310,15.0,behind,50,5.784592,289.229602
5310,15.0,belly,50,7.750936,387.546776
5310,15.0,belt,50,9.503882,475.194109
5310,15.0,bench,50,8.754332,437.716618
5310,15.0,beside,50,10.654577,532.728828
5310,15.0,better,50,6.109586,305.479316
5310,15.0,bib,50,7.247444,362.372213
5310,15.0,bicycle,50,9.149116,457.455823
5310,15.0,big,50,5.486360,274.318015
5310,15.0,bird,50,6.976370,348.818509
5310,15.0,bite,50,6.813849,340.692429
5310,15.0,black,50,6.433821,321.691037
5310,15.0,blanket,50,6.490343,324.517174
5310,15.0,block,50,6.333805,316.690266
5310,15.0,blow,50,7.413292,370.664585
5310,15.0,blue,50,5.369126,268.456291
5310,15.0,boat,50,6.095113,304.755627
5310,15.0,book,50,4.550392,227.519577
5310,15.0,boots,50,7.486820,374.340983
5310,15.0,bottle,50,5.427261,271.363027
5310,15.0,bowl,50,5.775242,288.762081
5310,15.0,box,50,3.359940,167.996981
5310,15.0,boy,50,5.062138,253.106882
5310,15.0,bread,50,6.470953,323.547648
5310,15.0,break,50,4.866454,243.322704
5310,15.0,breakfast,50,7.285103,364.255158
5310,15.0,bring,50,6.236514,311.825679
5310,15.0,broken,50,5.532148,276.607406
5310,15.0,broom,50,10.693819,534.690973
5310,15.0,brother,50,7.213234,360.661694
5310,15.0,brown,50,7.253400,362.670004
5310,15.0,brush,50,7.110191,355.509548
5310,15.0,bubbles,50,7.846639,392.331945
5310,15.0,bucket,50,7.932061,396.603049
5310,15.0,bug,50,8.389693,419.484640
5310,15.0,build,50,5.906483,295.324147
5310,15.0,bump,50,7.917566,395.878302
5310,15.0,bunny,50,6.316382,315.819088
5310,15.0,bus,50,3.348770,167.438498
5310,15.0,but,50,4.972209,248.610441
5310,15.0,butter,50,6.790949,339.547432
5310,15.0,butterfly,50,7.828617,391.430843
5310,15.0,button,50,6.831164,341.558203
5310,15.0,buy,50,5.933301,296.665031
5310,15.0,by,50,7.099916,354.995784
5310,15.0,bye,50,4.175198,208.759914
5310,15.0,cake,50,6.212089,310.604453
5310,15.0,call,50,6.514628,325.731412
5310,15.0,camera,50,6.784459,339.222967
5310,15.0,camping,31,9.486152,294.070721
5310,15.0,can,50,3.373490,168.674515
5310,15.0,candy,50,8.435918,421.795889
5310,15.0,car,50,4.207625,210.381235
5310,15.0,careful,50,4.285943,214.297131
5310,15.0,carrots,50,8.265111,413.255535
5310,15.0,carry,50,6.741894,337.094690
5310,15.0,cat,50,5.541143,277.057150
5310,15.0,catch,50,7.152836,357.641786
5310,15.0,cereal,50,7.676503,383.825140
5310,15.0,chair,50,5.158907,257.945367
5310,15.0,chalk,40,10.500938,420.037519
5310,15.0,chase,49,10.182939,498.964008
5310,15.0,cheek,35,9.335999,326.759979
5310,15.0,cheese,50,6.094040,304.702006
5310,15.0,chicken,50,5.965038,298.251902
5310,15.0,child,50,9.210706,460.535291
5310,15.0,chin,50,8.194108,409.705384
5310,15.0,chocolate,50,6.051278,302.563895
5310,15.0,choo,50,5.864368,293.218419
5310,15.0,church,50,8.510365,425.518258
5310,15.0,circus,50,8.845974,442.298710
5310,15.0,clap,50,9.254383,462.719131
5310,15.0,clean,50,6.339409,316.970465
5310,15.0,climb,50,7.077110,353.855483
5310,15.0,clock,50,6.811160,340.557997
5310,15.0,close,50,6.457814,322.890683
5310,15.0,closet,50,7.525636,376.281801
5310,15.0,cloud,50,7.880956,394.047821
5310,15.0,clown,50,5.367677,268.383858
5310,15.0,coat,50,6.942604,347.130182
5310,15.0,coffee,50,5.738626,286.931291
5310,15.0,coke,50,11.084364,554.218216
5310,15.0,cold,50,6.823292,341.164582
5310,15.0,comb,50,8.271549,413.577440
5310,15.0,cook,50,6.295054,314.752676
5310,15.0,cookie,50,5.310757,265.537870
5310,15.0,corn,50,8.697530,434.876506
5310,15.0,couch,50,6.559594,327.979724
5310,15.0,could,50,5.516752,275.837600
5310,15.0,country,50,9.095743,454.787170
5310,15.0,cover,50,8.581475,429.073728
5310,15.0,cow,50,5.387348,269.367423
5310,15.0,cowboy,50,8.482485,424.124230
5310,15.0,cracker,50,7.162828,358.141412
5310,15.0,crayon,50,8.674222,433.711081
5310,15.0,crib,50,8.750360,437.518016
5310,15.0,cry,50,7.079020,353.951023
5310,15.0,cup,50,6.144883,307.244144
5310,15.0,cut,50,5.843704,292.185217
5310,15.0,cute,50,7.702710,385.135501
5310,15.0,daddy,50,6.056449,302.822445
5310,15.0,dance,50,8.106810,405.340508
5310,15.0,dark,50,7.090245,354.512269
5310,15.0,day,50,6.147350,307.367522
5310,15.0,deer,50,8.044911,402.245574
5310,15.0,diaper,50,8.762425,438.121255
5310,15.0,did,50,4.298999,214.949938
5310,15.0,dinner,50,7.329018,366.450893
5310,15.0,dirty,50,7.240241,362.012060
5310,15.0,dish,50,8.630741,431.537031
5310,15.0,do,50,3.431297,171.564863
5310,15.0,doctor,50,6.741550,337.077509
5310,15.0,does,50,4.822338,241.116910
5310,15.0,dog,50,5.578731,278.936565
5310,15.0,doll,50,6.260014,313.000687
5310,15.0,donkey,50,6.899681,344.984050
5310,15.0,donut,41,9.843683,403.591013
5310,15.0,door,50,4.022344,201.117219
5310,15.0,down,50,4.798306,239.915324
5310,15.0,downtown,8,18.771994,150.175949
5310,15.0,draw,50,5.929587,296.479365
5310,15.0,drawer,50,7.643055,382.152764
5310,15.0,dress,50,7.018811,350.940570
5310,15.0,drink,50,5.214955,260.747755
5310,15.0,drive,50,6.574908,328.745399
5310,15.0,drop,50,7.359447,367.972346
5310,15.0,dry,50,7.871223,393.561140
5310,15.0,dryer,20,12.899583,257.991663
5310,15.0,duck,50,6.585377,329.268866
5310,15.0,dump,50,8.047555,402.377725
5310,15.0,each,50,8.673980,433.698990
5310,15.0,ear,50,6.063381,303.169063
5310,15.0,eat,50,3.978742,198.937095
5310,15.0,egg,50,5.413180,270.658983
5310,15.0,elephant,50,4.870955,243.547745
5310,15.0,empty,50,7.760114,388.005682
5310,15.0,every,50,8.413575,420.678773
5310,15.0,eye,50,6.857634,342.881704
5310,15.0,face,50,6.962182,348.109100
5310,15.0,fall,50,4.924288,246.214419
5310,15.0,farm,50,6.044237,302.211847
5310,15.0,fast,50,6.251066,312.553317
5310,15.0,feed,50,7.214796,360.739815
5310,15.0,find,50,4.947699,247.384926
5310,15.0,fine,50,7.534446,376.722276
5310,15.0,finger,50,6.573229,328.661453
5310,15.0,finish,50,7.391974,369.598686
5310,15.0,first,50,6.499778,324.988888
5310,15.0,fish,50,5.751714,287.585676
5310,15.0,fit,50,5.329767,266.488331
5310,15.0,fix,50,5.471518,273.575882
5310,15.0,flag,50,9.459394,472.969685
5310,15.0,flower,50,8.067290,403.364522
5310,15.0,food,50,5.083714,254.185719
5310,15.0,foot,50,3.909248,195.462407
5310,15.0,for,50,4.394544,219.727207
5310,15.0,fork,50,6.780003,339.000161
5310,15.0,french,50,10.914850,545.742501
5310,15.0,friend,50,5.181545,259.077247
5310,15.0,frog,50,6.363743,318.187152
5310,15.0,full,50,8.287456,414.372798
5310,15.0,game,50,6.770011,338.500569
5310,15.0,garage,50,6.182462,309.123112
5310,15.0,garbage,50,6.055000,302.750007
5310,15.0,garden,50,5.738078,286.903895
5310,15.0,gas,50,9.466032,473.301620
5310,15.0,gentle,50,7.108343,355.417126
5310,15.0,get,50,4.295454,214.772678
5310,15.0,giraffe,50,6.696872,334.843611
5310,15.0,girl,50,3.518036,175.901810
5310,15.0,give,50,4.300324,215.016208
5310,15.0,glass,50,8.060111,403.005547
5310,15.0,glasses,50,7.000653,350.032651
5310,15.0,gloves,50,10.323405,516.170262
5310,15.0,glue,50,8.503742,425.187105
5310,15.0,go,50,2.567184,128.359217
5310,15.0,good,50,3.897834,194.891717
5310,15.0,goose,50,7.223710,361.185493
5310,15.0,grandma,50,8.459135,422.956769
5310,15.0,grandpa,45,8.855300,398.488496
5310,15.0,grapes,50,6.389351,319.467570
5310,15.0,grass,50,6.417260,320.862993
5310,15.0,green,50,5.292101,264.605070
5310,15.0,gum,50,9.176034,458.801719
5310,15.0,hair,50,4.168584,208.429188
5310,15.0,hamburger,50,8.024731,401.236559
5310,15.0,hammer,50,7.266164,363.308190
5310,15.0,hand,50,5.187057,259.352828
5310,15.0,happy,50,6.213167,310.658339
5310,15.0,hard,50,6.192776,309.638789
5310,15.0,hat,50,4.818212,240.910615
5310,15.0,hate,50,8.941392,447.069600
5310,15.0,have,50,2.451973,122.598650
5310,15.0,he,50,3.412330,170.616499
5310,15.0,head,50,4.171527,208.576360
5310,15.0,hear,50,5.735644,286.782223
5310,15.0,heavy,50,6.917179,345.858928
5310,15.0,helicopter,50,8.397667,419.883341
5310,15.0,hello,50,5.261534,263.076681
5310,15.0,help,50,5.713123,285.656126
5310,15.0,her,50,3.271421,163.571057
5310,15.0,here,50,3.828260,191.412979
5310,15.0,hi,50,6.619067,330.953332
5310,15.0,hide,50,7.651613,382.580634
5310,15.0,high,50,7.708656,385.432785
5310,15.0,him,50,4.153210,207.660494
5310,15.0,his,50,5.133312,256.665594
5310,15.0,hit,50,7.241080,362.053998
5310,15.0,hold,50,6.187735,309.386756
5310,15.0,home,50,1.312841,65.642058
5310,15.0,horse,50,5.997468,299.873402
5310,15.0,hose,50,9.629320,481.465990
5310,15.0,hot,50,5.348563,267.428131
5310,15.0,house,50,4.707422,235.371118
5310,15.0,how,50,4.686999,234.349945
5310,15.0,hug,50,6.096444,304.822194
5310,15.0,hungry,50,6.209961,310.498032
5310,15.0,hurry,50,9.225603,461.280149
5310,15.0,hurt,50,5.904190,295.209513
5310,15.0,i,50,5.645457,282.272855
5310,15.0,ice,50,6.126331,306.316572
5310,15.0,if,50,4.533721,226.686035
5310,15.0,inside,50,6.203451,310.172535
5310,15.0,into,50,6.377612,318.880587
5310,15.0,is,50,2.934411,146.720559
5310,15.0,it,50,2.361593,118.079635
5310,15.0,jacket,50,7.980448,399.022393
5310,15.0,jar,50,9.241445,462.072274
5310,15.0,jeans,16,12.568847,201.101554
5310,15.0,jelly,50,8.388020,419.401025
5310,15.0,juice,50,4.030352,201.517596
5310,15.0,jump,50,5.117847,255.892350
5310,15.0,keys,50,7.376912,368.845588
5310,15.0,kick,50,8.697241,434.862059
5310,15.0,kiss,50,4.756914,237.845723
5310,15.0,kitchen,50,5.398991,269.949575
5310,15.0,kitty,50,5.307998,265.399919
5310,15.0,knee,50,6.241350,312.067517
5310,15.0,knife,50,6.799064,339.953192
5310,15.0,knock,50,6.224955,311.247748
5310,15.0,ladder,50,6.884286,344.214300
5310,15.0,lady,50,6.587947,329.397372
5310,15.0,lamb,50,8.977506,448.875319
5310,15.0,lamp,50,11.693268,584.663414
5310,15.0,last,50,6.333814,316.690689
5310,15.0,later,50,6.116130,305.806484
5310,15.0,lawn,37,9.825033,363.526232
5310,15.0,leg,50,6.462479,323.123964
5310,15.0,lick,50,8.454413,422.720662
5310,15.0,light,50,6.235259,311.762943
5310,15.0,like,50,2.601496,130.074796
5310,15.0,lion,50,6.593217,329.660837
5310,15.0,lips,50,8.987898,449.394924
5310,15.0,listen,50,7.241657,362.082873
5310,15.0,little,50,4.187087,209.354375
5310,15.0,living,50,8.043564,402.178184
5310,15.0,lollipop,50,6.816620,340.830985
5310,15.0,long,50,6.394071,319.703542
5310,15.0,look,50,3.906676,195.333816
5310,15.0,loud,50,7.722964,386.148196
5310,15.0,love,50,6.301730,315.086497
5310,15.0,lunch,50,7.116868,355.843407
5310,15.0,mad,50,7.933074,396.653706
5310,15.0,make,50,4.554251,227.712527
5310,15.0,man,50,5.591177,279.558847
5310,15.0,me,50,3.504136,175.206784
5310,15.0,meat,50,7.691413,384.570663
5310,15.0,medicine,50,7.470470,373.523478
5310,15.0,milk,50,5.704150,285.207520
5310,15.0,mine,50,5.022629,251.131444
5310,15.0,mommy,50,7.343466,367.173302
5310,15.0,money,50,6.586887,329.344341
5310,15.0,monkey,50,6.107097,305.354828
5310,15.0,moo,50,5.708339,285.416961
5310,15.0,moon,50,5.278837,263.941843
5310,15.0,moose,32,9.681615,309.811680
5310,15.0,mop,40,12.401393,496.055708
5310,15.0,more,50,5.633717,281.685853
5310,15.0,morning,50,4.201562,210.078110
5310,15.0,motorcycle,50,9.988225,499.411254
5310,15.0,mouse,50,6.423656,321.182793
5310,15.0,mouth,50,3.303124,165.156176
5310,15.0,movie,50,6.293003,314.650137
5310,15.0,much,50,3.909211,195.460568
5310,15.0,muffin,50,9.253762,462.688092
5310,15.0,my,50,5.642908,282.145402
5310,15.0,myself,50,6.786561,339.328054
5310,15.0,nail,50,7.915559,395.777961
5310,15.0,nap,50,8.062823,403.141138
5310,15.0,napkin,50,7.555842,377.792110
5310,15.0,naughty,50,6.732905,336.645267
5310,15.0,necklace,50,9.019682,450.984105
5310,15.0,need,50,4.640387,232.019329
5310,15.0,new,50,6.508471,325.423550
5310,15.0,next,50,6.590340,329.517004
5310,15.0,nice,50,5.439873,271.993653
5310,15.0,night,50,5.530711,276.535547
5310,15.0,no,50,4.238181,211.909070
5310,15.0,noisy,50,9.577626,478.881306
5310,15.0,none,50,9.113366,455.668314
5310,15.0,noodles,50,10.902562,545.128090
5310,15.0,nose,50,4.566870,228.343477
5310,15.0,not,50,4.226311,211.315537
5310,15.0,now,50,4.525421,226.271072
5310,15.0,nurse,50,9.060538,453.026911
5310,15.0,nuts,50,11.190213,559.510662
5310,15.0,of,50,2.490417,124.520844
5310,15.0,off,50,3.769309,188.465466
5310,15.0,old,50,7.220492,361.024618
5310,15.0,on,50,3.771990,188.599514
5310,15.0,open,50,5.158216,257.910806
5310,15.0,orange,50,4.766593,238.329663
5310,15.0,other,50,4.981658,249.082906
5310,15.0,ouch,50,8.296375,414.818729
5310,15.0,our,50,6.320887,316.044334
5310,15.0,out,50,4.274172,213.708622
5310,15.0,outside,50,6.213827,310.691354
5310,15.0,oven,50,6.478463,323.923161
5310,15.0,over,50,5.160627,258.031358
5310,15.0,owl,50,7.165495,358.274748
5310,15.0,paint,50,8.119301,405.965053
5310,15.0,pajamas,50,7.482734,374.136689
5310,15.0,pancake,46,9.921703,456.398326
5310,15.0,pants,50,6.199047,309.952341
5310,15.0,paper,50,4.662272,233.113598
5310,15.0,park,50,6.001788,300.089412
5310,15.0,party,50,6.050870,302.543520
5310,15.0,peanut,50,8.057529,402.876431
5310,15.0,peas,50,4.963257,248.162874
5310,15.0,pen,50,6.148549,307.427434
5310,15.0,pencil,50,6.598645,329.932270
5310,15.0,penguin,50,7.974435,398.721768
5310,15.0,penis,18,12.790402,230.227234
5310,15.0,penny,50,8.490804,424.540203
5310,15.0,people,50,5.853006,292.650323
5310,15.0,person,50,7.974745,398.737247
5310,15.0,pick,50,5.832686,291.634296
5310,15.0,pickle,50,6.947801,347.390031
5310,15.0,picnic,50,7.019497,350.974861
5310,15.0,picture,50,4.574025,228.701241
5310,15.0,pig,50,5.948803,297.440126
5310,15.0,pillow,50,8.020951,401.047549
5310,15.0,pizza,50,5.207509,260.375462
5310,15.0,plant,50,9.693356,484.667776
5310,15.0,plate,50,6.088790,304.439518
5310,15.0,play,50,3.748117,187.405854
5310,15.0,playground,22,11.770897,258.959740
5310,15.0,please,50,5.300556,265.027807
5310,15.0,police,50,8.174156,408.707822
5310,15.0,pony,50,9.454133,472.706669
5310,15.0,pool,50,6.040607,302.030342
5310,15.0,poor,50,7.776403,388.820149
5310,15.0,popcorn,50,7.407765,370.388248
5310,15.0,popsicle,31,9.730285,301.638844
5310,15.0,porch,31,9.974082,309.196555
5310,15.0,potato,50,7.156928,357.846395
5310,15.0,pour,50,7.629478,381.473912
5310,15.0,present,50,7.584033,379.201659
5310,15.0,pretend,50,6.537702,326.885111
5310,15.0,pretty,50,6.330465,316.523235
5310,15.0,pretzel,50,9.029368,451.468376
5310,15.0,pudding,50,9.569208,478.460386
5310,15.0,pull,50,6.853964,342.698197
5310,15.0,pumpkin,50,8.587853,429.392634
5310,15.0,puppy,50,6.391658,319.582891
5310,15.0,purse,50,8.718536,435.926776
5310,15.0,push,50,4.894568,244.728418
5310,15.0,put,50,3.446171,172.308566
5310,15.0,puzzle,50,7.236503,361.825170
5310,15.0,quack,50,6.142983,307.149127
5310,15.0,quiet,50,8.213701,410.685061
5310,15.0,radio,50,9.198486,459.924291
5310,15.0,rain,50,7.377238,368.861921
5310,15.0,raisin,43,11.061499,475.644463
5310,15.0,read,50,4.406616,220.330787
5310,15.0,red,50,6.428177,321.408869
5310,15.0,refrigerator,50,7.551737,377.586858
5310,15.0,ride,50,7.070359,353.517927
5310,15.0,rip,50,8.315435,415.771758
5310,15.0,rock,50,8.612443,430.622126
5310,15.0,rocking,50,9.239734,461.986692
5310,15.0,roof,50,6.725164,336.258205
5310,15.0,room,50,5.410929,270.546459
5310,15.0,rooster,50,8.734970,436.748507
5310,15.0,run,50,7.935060,396.752987
5310,15.0,sad,50,6.946718,347.335901
5310,15.0,salt,50,8.264472,413.223618
5310,15.0,same,50,4.530223,226.511149
5310,15.0,sandwich,50,5.358724,267.936221
5310,15.0,sauce,50,8.932831,446.641561
5310,15.0,say,50,5.769509,288.475444
5310,15.0,scared,50,8.087846,404.392313
5310,15.0,scarf,50,9.277229,463.861473
5310,15.0,school,50,4.739310,236.965487
5310,15.0,scissors,50,6.818144,340.907215
5310,15.0,see,50,3.053092,152.654603
5310,15.0,shake,50,4.797748,239.887388
5310,15.0,share,50,7.616648,380.832417
5310,15.0,she,50,2.847016,142.350800
5310,15.0,sheep,50,6.943179,347.158934
5310,15.0,shh,50,8.387316,419.365800
5310,15.0,shirt,50,6.215715,310.785767
5310,15.0,shoe,50,6.622461,331.123039
5310,15.0,shopping,50,7.619971,380.998537
5310,15.0,shorts,50,8.775252,438.762594
5310,15.0,shoulder,50,7.415354,370.767697
5310,15.0,shovel,50,9.658726,482.936311
5310,15.0,show,50,6.529392,326.469622
5310,15.0,shower,50,7.296177,364.808863
5310,15.0,sick,50,8.107847,405.392354
5310,15.0,sidewalk,19,9.299095,176.682807
5310,15.0,sing,50,6.533507,326.675356
5310,15.0,sink,50,7.557297,377.864832
5310,15.0,sister,50,7.429724,371.486207
5310,15.0,sit,50,6.077892,303.894606
5310,15.0,skate,13,12.115128,157.496661
5310,15.0,sky,50,5.712709,285.635466
5310,15.0,sled,22,9.935544,218.581961
5310,15.0,sleep,50,5.805954,290.297695
5310,15.0,sleepy,50,8.395182,419.759105
5310,15.0,slide,50,7.203963,360.198169
5310,15.0,slipper,50,7.937776,396.888816
5310,15.0,slow,50,9.845859,492.292968
5310,15.0,smile,50,9.645268,482.263398
5310,15.0,snack,50,9.313195,465.659763
5310,15.0,snow,50,7.760523,388.026144
5310,15.0,so,50,4.707005,235.350253
5310,15.0,soap,50,7.680338,384.016881
5310,15.0,sock,50,7.704116,385.205781
5310,15.0,soda,50,10.727965,536.398273
5310,15.0,sofa,50,7.362155,368.107736
5310,15.0,soft,50,6.919220,345.961007
5310,15.0,some,50,3.654496,182.724796
5310,15.0,soup,50,7.100119,355.005954
5310,15.0,spill,50,7.062301,353.115056
5310,15.0,splash,50,8.097301,404.865057
5310,15.0,spoon,50,4.606625,230.331240
5310,15.0,sprinkler,13,8.999221,116.989872
5310,15.0,squirrel,50,7.540819,377.040969
5310,15.0,stairs,50,7.650563,382.528130
5310,15.0,stand,50,6.622115,331.105755
5310,15.0,star,50,5.539956,276.997817
5310,15.0,stay,50,7.081930,354.096517
5310,15.0,stick,50,6.903006,345.150292
5310,15.0,sticky,50,7.673682,383.684082
5310,15.0,stone,50,9.151332,457.566597
5310,15.0,stop,50,6.530404,326.520183
5310,15.0,store,50,5.587475,279.373757
5310,15.0,story,50,5.120754,256.037691
5310,15.0,stove,50,6.720369,336.018447
5310,15.0,strawberry,50,6.645293,332.264647
5310,15.0,street,50,7.394590,369.729504
5310,15.0,stroller,50,8.811240,440.561977
5310,15.0,stuck,50,5.441712,272.085620
5310,15.0,sun,50,6.293805,314.690255
5310,15.0,sweater,50,7.127280,356.364016
5310,15.0,sweep,50,12.092954,604.647711
5310,15.0,swim,50,8.964048,448.202383
5310,15.0,swing,50,8.211211,410.560550
5310,15.0,table,50,5.401617,270.080869
5310,15.0,take,50,4.705766,235.288297
5310,15.0,talk,50,5.973088,298.654376
5310,15.0,tape,50,6.225727,311.286366
5310,15.0,taste,50,5.423177,271.158859
5310,15.0,teacher,50,8.293641,414.682045
5310,15.0,tear,50,8.116482,405.824113
5310,15.0,telephone,50,6.183123,309.156134
5310,15.0,thank,50,5.239696,261.984820
5310,15.0,that,50,2.334128,116.706382
5310,15.0,the,50,2.112192,105.609608
5310,15.0,their,50,6.686999,334.349939
5310,15.0,them,50,3.232281,161.614029
5310,15.0,then,50,3.815750,190.787524
5310,15.0,there,50,4.209118,210.455886
5310,15.0,these,50,3.869311,193.465540
5310,15.0,they,50,3.924447,196.222335
5310,15.0,think,50,2.571262,128.563111
5310,15.0,thirsty,50,7.816020,390.801006
5310,15.0,this,50,2.772928,138.646406
5310,15.0,those,50,4.628743,231.437135
5310,15.0,throw,50,5.531558,276.577889
5310,15.0,tickle,50,5.042627,252.131354
5310,15.0,tiger,50,5.550172,277.508597
5310,15.0,time,50,3.800308,190.015417
5310,15.0,tiny,50,7.254864,362.743200
5310,15.0,tired,50,6.982409,349.120442
5310,15.0,tissue,50,6.049883,302.494152
5310,15.0,to,50,3.217196,160.859793
5310,15.0,toast,50,7.478275,373.913739
5310,15.0,today,50,6.613574,330.678687
5310,15.0,tomorrow,50,7.405568,370.278377
5310,15.0,tongue,50,7.072407,353.620346
5310,15.0,tonight,50,8.230020,411.500986
5310,15.0,too,50,5.217188,260.859381
5310,15.0,tooth,50,8.711130,435.556487
5310,15.0,toothbrush,50,9.191088,459.554379
5310,15.0,touch,50,5.772738,288.636920
5310,15.0,towel,50,6.860717,343.035853
5310,15.0,tractor,50,5.854180,292.708980
5310,15.0,train,50,5.921401,296.070039
5310,15.0,trash,50,8.560968,428.048395
5310,15.0,tray,50,8.336666,416.833324
5310,15.0,tree,50,6.849893,342.494675
5310,15.0,truck,50,4.655746,232.787287
5310,15.0,try,50,5.272674,263.633692
5310,15.0,tummy,50,6.536453,326.822642
5310,15.0,tuna,50,8.992418,449.620895
5310,15.0,turkey,50,9.137021,456.851033
5310,15.0,turn,50,5.742265,287.113231
5310,15.0,turtle,50,7.394403,369.720140
5310,15.0,tv,50,7.157762,357.888087
5310,15.0,uh,50,4.508791,225.439549
5310,15.0,uncle,50,10.092419,504.620957
5310,15.0,under,50,6.831259,341.562932
5310,15.0,up,50,3.575519,178.775971
5310,15.0,us,50,6.235903,311.795173
5310,15.0,vacuum,50,10.761571,538.078572
5310,15.0,vanilla,50,9.246318,462.315921
5310,15.0,wait,50,7.286919,364.345973
5310,15.0,wake,50,6.828844,341.442202
5310,15.0,walk,50,6.964628,348.231425
5310,15.0,walker,12,11.535809,138.429712
5310,15.0,wanna,50,3.269046,163.452301
5310,15.0,was,50,3.017873,150.893670
5310,15.0,wash,50,5.957421,297.871057
5310,15.0,washing,50,8.123267,406.163359
5310,15.0,watch,50,7.242105,362.105246
5310,15.0,water,50,4.961424,248.071212
5310,15.0,we,50,3.203252,160.162608
5310,15.0,were,50,4.343208,217.160390
5310,15.0,wet,50,6.472052,323.602586
5310,15.0,what,50,3.467791,173.389527
5310,15.0,when,50,6.034235,301.711757
5310,15.0,where,50,4.938146,246.907295
5310,15.0,which,50,6.241934,312.096714
5310,15.0,white,50,6.645005,332.250255
5310,15.0,who,50,3.596673,179.833626
5310,15.0,why,50,5.208802,260.440110
5310,15.0,will,50,5.300949,265.047469
5310,15.0,wind,50,7.167826,358.391286
5310,15.0,window,50,5.136881,256.844065
5310,15.0,windy,50,8.830104,441.505189
5310,15.0,wipe,50,7.288212,364.410597
5310,15.0,wish,50,7.876047,393.802364
5310,15.0,with,50,2.319925,115.996265
5310,15.0,wolf,50,7.992098,399.604879
5310,15.0,woods,48,8.721861,418.649334
5310,15.0,woof,50,5.068653,253.432670
5310,15.0,work,50,4.904374,245.218684
5310,15.0,would,50,4.990851,249.542544
5310,15.0,write,50,5.697531,284.876536
5310,15.0,yard,50,8.984272,449.213593
5310,15.0,yellow,50,5.106583,255.329129
5310,15.0,yes,50,6.421267,321.063339
5310,15.0,yesterday,50,6.409823,320.491133
5310,15.0,yogurt,50,8.650670,432.533512
5310,15.0,you,50,2.008674,100.433681
5310,15.0,your,50,3.576001,178.800067
5310,15.0,yourself,50,4.924881,246.244048
5310,15.0,yum,50,3.731915,186.595726
5310,15.0,zebra,50,7.293673,364.683629
5310,15.0,zipper,40,10.464035,418.561416
5310,15.0,zoo,50,6.294373,314.718662
