short,item_definition,status,fuzzy_candidate,fuzzy_dist
A,a,auto_exact,NA,NA
ABAJO,abajo,auto_exact,NA,NA
ABEJA,abeja,auto_exact,NA,NA
ABRIGO,abrigo,auto_exact,NA,NA
ABRIR,abrir,auto_exact,NA,NA
ABUELA,abuela,auto_exact,NA,NA
ABUELO,abuelo,auto_exact,NA,NA
ACERRIN,acerrín,auto_exact,NA,NA
ADENTRO,adentro,auto_exact,NA,NA
AFUERA,afuera,auto_exact,NA,NA
AGARRAR,agarrar,auto_exact,NA,NA
AGUA,agua,auto_exact,NA,NA
AHI,ahí,auto_exact,NA,NA
AHITEVOY,ahí te voy,auto_exact,NA,NA
ALLA,allá,auto_exact,NA,NA
ALLI,allí,auto_exact,NA,NA
ALMOHADA,almohada,auto_exact,NA,NA
ALMORZAR,almorzar,auto_exact,NA,NA
ALRATO,al rato,auto_exact,NA,NA
ALTO,alto,auto_exact,NA,NA
AM,¡am!,auto_exact,NA,NA
AMARILLO,amarillo,auto_exact,NA,NA
AMIGA,amiga,auto_exact,NA,NA
AMIGO,amigo,auto_exact,NA,NA
ANDAR,andar,auto_exact,NA,NA
ANIMAL,animal,auto_exact,NA,NA
ANTES,antes,auto_exact,NA,NA
APAGAR,apagar,auto_exact,NA,NA
AQUEL,aquel,auto_exact,NA,NA
AQUI,aquí,auto_exact,NA,NA
ARANA,araña,auto_exact,NA,NA
ARBOL,árbol,auto_exact,NA,NA
ARDILLA,ardilla,auto_exact,NA,NA
ARETES,aretes,auto_exact,NA,NA
ARRIBA,arriba,auto_exact,NA,NA
ARROZ,arroz,auto_exact,NA,NA
ASI,así,auto_exact,NA,NA
ATOLE,atole,auto_exact,NA,NA
ATRAS,atrás,auto_exact,NA,NA
ATUN,atún,auto_exact,NA,NA
AUTOBUS,autobús,auto_exact,NA,NA
AVENTAR,aventar,auto_exact,NA,NA
AVER,a ver...,auto_exact,NA,NA
AVION,avión,auto_exact,NA,NA
AY,¡ay!,auto_exact,NA,NA
AYER,ayer,auto_exact,NA,NA
AYUDAR,ayudar,auto_exact,NA,NA
AZUCAR,azúcar,auto_exact,NA,NA
AZUL,azul,auto_exact,NA,NA
BACINICA,bacinica,auto_exact,NA,NA
BAILAR,bailar,auto_exact,NA,NA
BAJARSE,bajar(se),auto_exact,NA,NA
BANDERA,bandera,auto_exact,NA,NA
BANO,baño,auto_exact,NA,NA
BARBA,barba,auto_exact,NA,NA
BARCO,barco,auto_exact,NA,NA
BARRER,barrer,auto_exact,NA,NA
BASURA,basura,auto_exact,NA,NA
BAT,bat,auto_exact,NA,NA
BEBE,bebé,auto_exact,NA,NA
BEEMEE,bee/mee,auto_exact,NA,NA
BESAR,besar,auto_exact,NA,NA
BESITOS,besitos,auto_exact,NA,NA
BICHO,bicho,auto_exact,NA,NA
BIEN,bien,auto_exact,NA,NA
BIGOTE,bigote,auto_exact,NA,NA
BLANCO,blanco,auto_exact,NA,NA
BOCA,boca,auto_exact,NA,NA
BONITA,bonita,auto_exact,NA,NA
BORREGO,borrego,auto_exact,NA,NA
BOSQUE,bosque,auto_exact,NA,NA
BOTAS,botas,auto_exact,NA,NA
BOTON,botón,auto_exact,NA,NA
BRAVO,bravo,auto_exact,NA,NA
BRAZO,brazo,auto_exact,NA,NA
BRINCAR,brincar,auto_exact,NA,NA
BUENO,bueno,auto_exact,NA,NA
BUEY,buey,auto_exact,NA,NA
BUFANDA,bufanda,auto_exact,NA,NA
BUHO,búho,auto_exact,NA,NA
BURBUJAS,burbujas,auto_exact,NA,NA
BURRO,burro,auto_exact,NA,NA
BUSCAR,buscar,auto_exact,NA,NA
CABALLO,caballo,auto_exact,NA,NA
CABER,caber,auto_exact,NA,NA
CABEZA,cabeza,auto_exact,NA,NA
CACHETE,cachete,auto_exact,NA,NA
CAFE,café,auto_exact,NA,NA
CAJA,caja,auto_exact,NA,NA
CAJON,cajón,auto_exact,NA,NA
CALABAZA,calabaza,auto_exact,NA,NA
CALCETIN,calcetín,auto_exact,NA,NA
CALIENTE,caliente,auto_exact,NA,NA
CALLARSE,callar(se),auto_exact,NA,NA
CALLE,calle,auto_exact,NA,NA
CALZON,calzón,auto_exact,NA,NA
CAMA,cama,auto_exact,NA,NA
CAMARA,cámara,auto_exact,NA,NA
CAMINAR,caminar,auto_exact,NA,NA
CAMISA,camisa,auto_exact,NA,NA
CAMPO,campo,auto_exact,NA,NA
CANASTA,canasta,auto_exact,NA,NA
CANSADO,cansado,auto_exact,NA,NA
CANTAR,cantar,auto_exact,NA,NA
CARA,cara,auto_exact,NA,NA
CARGAR,cargar,auto_exact,NA,NA
CARNE,carne,auto_exact,NA,NA
CARREOLA,carreola,auto_exact,NA,NA
CASA,casa,auto_exact,NA,NA
CASSETTE,cassette,auto_exact,NA,NA
CEBRA,cebra,auto_exact,NA,NA
CENAR,cenar,auto_exact,NA,NA
CEPILLO,cepillo,auto_exact,NA,NA
CERCA,cerca,auto_exact,NA,NA
CEREAL,cereal,auto_exact,NA,NA
CERRAR,cerrar,auto_exact,NA,NA
CERRO,cerro,auto_exact,NA,NA
CHAMPU,champú,auto_exact,NA,NA
CHANCLA,chancla,auto_exact,NA,NA
CHICHARO,chícharo,auto_exact,NA,NA
CHICLE,chicle,auto_exact,NA,NA
CHICO,chico,auto_exact,NA,NA
CHILE,chile,auto_exact,NA,NA
CHULO,chulo,auto_exact,NA,NA
CIELO,cielo,auto_exact,NA,NA
CIERRE,cierre,auto_exact,NA,NA
CINE,cine,auto_exact,NA,NA
CIRCO,circo,auto_exact,NA,NA
CLAVO,clavo,auto_exact,NA,NA
COBIJA,cobija,auto_exact,NA,NA
COCINA,cocina,auto_exact,NA,NA
COCINAR,cocinar,auto_exact,NA,NA
COLLAR,collar,auto_exact,NA,NA
COLORES,colores,auto_exact,NA,NA
COLUMPIO,columpio,auto_exact,NA,NA
COMIDA,comida,auto_exact,NA,NA
COMO,cómo,auto_exact,NA,NA
COMPRAR,comprar,auto_exact,NA,NA
CON,con,auto_exact,NA,NA
CONEJO,conejo,auto_exact,NA,NA
CORRER,correr,auto_exact,NA,NA
CORTAR,cortar,auto_exact,NA,NA
CRAYOLAS,crayolas,auto_exact,NA,NA
CUACUA,cuacuá,auto_exact,NA,NA
CUADRO,cuadro,auto_exact,NA,NA
CUAL,cuál,auto_exact,NA,NA
CUANDO,cuándo,auto_exact,NA,NA
CUARTO,cuarto,auto_exact,NA,NA
CUBETA,cubeta,auto_exact,NA,NA
CUCHARA,cuchara,auto_exact,NA,NA
CUCHILLO,cuchillo,auto_exact,NA,NA
CUNA,cuna,auto_exact,NA,NA
CURA,cura,auto_exact,NA,NA
DAR,dar,auto_exact,NA,NA
DE,de,auto_exact,NA,NA
DECIR,decir,auto_exact,NA,NA
DEDO,dedo,auto_exact,NA,NA
DESPACIO,despacio,auto_exact,NA,NA
DESPUES,después,auto_exact,NA,NA
DIA,día,auto_exact,NA,NA
DIBUJAR,dibujar,auto_exact,NA,NA
DIENTES,dientes,auto_exact,NA,NA
DIFICIL,difícil,auto_exact,NA,NA
DINERO,dinero,auto_exact,NA,NA
DOCTOR,doctor,auto_exact,NA,NA
DOLER,doler,auto_exact,NA,NA
DONDE,dónde,auto_exact,NA,NA
DULCE,dulce,auto_exact,NA,NA
DURAZNO,durazno,auto_exact,NA,NA
DURO,duro,auto_exact,NA,NA
EJOTES,ejotes,auto_exact,NA,NA
ELEFANTE,elefante,auto_exact,NA,NA
ELLA,ella,auto_exact,NA,NA
ELLAS,ellas,auto_exact,NA,NA
ELLOS,ellos,auto_exact,NA,NA
ELOTE,elote,auto_exact,NA,NA
EMPUJAR,empujar,auto_exact,NA,NA
EN,en,auto_exact,NA,NA
ENCIMA,encima,auto_exact,NA,NA
ENFERMO,enfermo,auto_exact,NA,NA
ENFRENTE,enfrente,auto_exact,NA,NA
ENOJADO,enojado,auto_exact,NA,NA
ENSENAR,enseñar,auto_exact,NA,NA
ENTONCES,entonces,auto_exact,NA,NA
ENTRAR,entrar,auto_exact,NA,NA
ENTRE,entre,auto_exact,NA,NA
ESA,esa,auto_exact,NA,NA
ESAS,esas,auto_exact,NA,NA
ESCOBA,escoba,auto_exact,NA,NA
ESCRIBIR,escribir,auto_exact,NA,NA
ESCUCHAR,escuchar,auto_exact,NA,NA
ESCUELA,escuela,auto_exact,NA,NA
ESE,ese,auto_exact,NA,NA
ESO,eso,auto_exact,NA,NA
ESOS,esos,auto_exact,NA,NA
ESPEJO,espejo,auto_exact,NA,NA
ESTA,ésta,auto_exact,NA,NA
ESTAR,estar,auto_exact,NA,NA
ESTAS,éstas,auto_exact,NA,NA
ESTE,éste,auto_exact,NA,NA
ESTO,esto,auto_exact,NA,NA
ESTOS,éstos,auto_exact,NA,NA
ESTRELLA,estrella,auto_exact,NA,NA
ESTUFA,estufa,auto_exact,NA,NA
FABRICA,fábrica,auto_exact,NA,NA
FALDA,falda,auto_exact,NA,NA
FAMILIA,familia,auto_exact,NA,NA
FELIZ,feliz,auto_exact,NA,NA
FEO,feo,auto_exact,NA,NA
FIESTA,fiesta,auto_exact,NA,NA
FLACO,flaco,auto_exact,NA,NA
FLOR,flor,auto_exact,NA,NA
FOCA,foca,auto_exact,NA,NA
FOTOS,fotos,auto_exact,NA,NA
FRESA,fresa,auto_exact,NA,NA
FRIJOLES,frijoles,auto_exact,NA,NA
FRIO,frío,auto_exact,NA,NA
FUCHI,fuchi,auto_exact,NA,NA
FUEGO,fuego,auto_exact,NA,NA
FUERTE,fuerte,auto_exact,NA,NA
GALLETA,galleta,auto_exact,NA,NA
GALLINA,gallina,auto_exact,NA,NA
GANAR,ganar,auto_exact,NA,NA
GANSO,ganso,auto_exact,NA,NA
GATO,gato,auto_exact,NA,NA
GORDO,gordo,auto_exact,NA,NA
GORRA,gorra,auto_exact,NA,NA
GRACIAS,gracias,auto_exact,NA,NA
GRANDE,grande,auto_exact,NA,NA
GRITAR,gritar,auto_exact,NA,NA
GUAGUA,guaguá,auto_exact,NA,NA
GUANTES,guantes,auto_exact,NA,NA
GUAPO,guapo,auto_exact,NA,NA
GUSTAR,gustar,auto_exact,NA,NA
HACER,hacer,auto_exact,NA,NA
HAMBRE,hambre,auto_exact,NA,NA
HERMANA,hermana,auto_exact,NA,NA
HERMANO,hermano,auto_exact,NA,NA
HIELO,hielo,auto_exact,NA,NA
HOJAS,hojas,auto_exact,NA,NA
HOLA,hola,auto_exact,NA,NA
HOMBRO,hombro,auto_exact,NA,NA
HORMIGA,hormiga,auto_exact,NA,NA
HORNO,horno,auto_exact,NA,NA
HOTCAKES,hot cakes,auto_exact,NA,NA
HOY,hoy,auto_exact,NA,NA
HUEVO,huevo,auto_exact,NA,NA
IGUAL,igual,auto_exact,NA,NA
JABON,jabón,auto_exact,NA,NA
JALAR,jalar,auto_exact,NA,NA
JAMON,jamón,auto_exact,NA,NA
JARDIN,jardín,auto_exact,NA,NA
JIRAFA,jirafa,auto_exact,NA,NA
JUGAR,jugar,auto_exact,NA,NA
JUGO,jugo,auto_exact,NA,NA
JUGUETE,juguete,auto_exact,NA,NA
JUNTAR,juntar,auto_exact,NA,NA
LA,la,auto_exact,NA,NA
LABIOS,labios,auto_exact,NA,NA
LAMPARA,lámpara,auto_exact,NA,NA
LAPIZ,lápiz,auto_exact,NA,NA
LARGO,largo,auto_exact,NA,NA
LAS,las,auto_exact,NA,NA
LAVABO,lavabo,auto_exact,NA,NA
LAVADORA,lavadora,auto_exact,NA,NA
LE,le,auto_exact,NA,NA
LECHE,leche,auto_exact,NA,NA
LEER,leer,auto_exact,NA,NA
LEJOS,lejos,auto_exact,NA,NA
LENA,leña,auto_exact,NA,NA
LENGUA,lengua,auto_exact,NA,NA
LENTES,lentes,auto_exact,NA,NA
LENTO,lento,auto_exact,NA,NA
LEON,león,auto_exact,NA,NA
LES,les,auto_exact,NA,NA
LIBRERO,librero,auto_exact,NA,NA
LIBRO,libro,auto_exact,NA,NA
LICUADO,licuado,auto_exact,NA,NA
LIMPIO,limpio,auto_exact,NA,NA
LINDA,linda,auto_exact,NA,NA
LLAVE,llave,auto_exact,NA,NA
LLENO,lleno,auto_exact,NA,NA
LLORAR,llorar,auto_exact,NA,NA
LLOVER,llover,auto_exact,NA,NA
LLUVIA,lluvia,auto_exact,NA,NA
LO,lo,auto_exact,NA,NA
LOBO,lobo,auto_exact,NA,NA
LOS,los,auto_exact,NA,NA
LUEGO,luego,auto_exact,NA,NA
LUNA,luna,auto_exact,NA,NA
LUZ,luz,auto_exact,NA,NA
MACETA,maceta,auto_exact,NA,NA
MADRINA,madrina,auto_exact,NA,NA
MAESTRA,maestra,auto_exact,NA,NA
MAL,mal,auto_exact,NA,NA
MALO,malo,auto_exact,NA,NA
MAMA,mamá,auto_exact,NA,NA
MANANA,mañana,auto_exact,NA,NA
MANGUERA,manguera,auto_exact,NA,NA
MANO,mano,auto_exact,NA,NA
MANZANA,manzana,auto_exact,NA,NA
MARIPOSA,mariposa,auto_exact,NA,NA
MARTILLO,martillo,auto_exact,NA,NA
MAS,más,auto_exact,NA,NA
ME,me,auto_exact,NA,NA
MEDIAS,medias,auto_exact,NA,NA
MEDICINA,medicina,auto_exact,NA,NA
MEJOR,mejor,auto_exact,NA,NA
MELON,melón,auto_exact,NA,NA
MESA,mesa,auto_exact,NA,NA
METERSE,meter(se),auto_exact,NA,NA
MI,mí,auto_exact,NA,NA
MIA,mía,auto_exact,NA,NA
MIAS,mías,auto_exact,NA,NA
MIAU,miau,auto_exact,NA,NA
MIO,mío,auto_exact,NA,NA
MIOS,míos,auto_exact,NA,NA
MIRAR,mirar,auto_exact,NA,NA
MOJADO,mojado,auto_exact,NA,NA
MONO,mono,auto_exact,NA,NA
MORADO,morado,auto_exact,NA,NA
MORDER,morder,auto_exact,NA,NA
MOSCA,mosca,auto_exact,NA,NA
MOSCO,mosco,auto_exact,NA,NA
MOTO,moto,auto_exact,NA,NA
MUCHO,mucho,auto_exact,NA,NA
MUEBLE,mueble,auto_exact,NA,NA
MUNECA,muñeca,auto_exact,NA,NA
MUU,muu,auto_exact,NA,NA
NADA,nada,auto_exact,NA,NA
NADAR,nadar,auto_exact,NA,NA
NALGAS,nalgas,auto_exact,NA,NA
NANA,nana,auto_exact,NA,NA
NARANJA,naranja,auto_exact,NA,NA
NARIZ,nariz,auto_exact,NA,NA
NEGRO,negro,auto_exact,NA,NA
NIEVE,nieve,auto_exact,NA,NA
NINA,niña,auto_exact,NA,NA
NINO,niño,auto_exact,NA,NA
NO,no,auto_exact,NA,NA
NOCHE,noche,auto_exact,NA,NA
NOHAY,no hay,auto_exact,NA,NA
NOSOTROS,nosotros,auto_exact,NA,NA
NUBE,nube,auto_exact,NA,NA
NUESTRO,nuestro,auto_exact,NA,NA
NUEVO,nuevo,auto_exact,NA,NA
O,o,auto_exact,NA,NA
OFICINA,oficina,auto_exact,NA,NA
OIR,oír,auto_exact,NA,NA
OJITOS,ojitos,auto_exact,NA,NA
OJOS,ojos,auto_exact,NA,NA
OKAY,okay,auto_exact,NA,NA
OLLA,olla,auto_exact,NA,NA
OMBLIGO,ombligo,auto_exact,NA,NA
OREJA,oreja,auto_exact,NA,NA
OSCURO,oscuro,auto_exact,NA,NA
OSITO,osito,auto_exact,NA,NA
OSO,oso,auto_exact,NA,NA
PADRINO,padrino,auto_exact,NA,NA
PAJARO,pájaro,auto_exact,NA,NA
PALA,pala,auto_exact,NA,NA
PALETA,paleta,auto_exact,NA,NA
PALO,palo,auto_exact,NA,NA
PAN,pan,auto_exact,NA,NA
PANAL,pañal,auto_exact,NA,NA
PANTALON,pantalón,auto_exact,NA,NA
PANUELO,pañuelo,auto_exact,NA,NA
PANZA,panza,auto_exact,NA,NA
PAPA,papá,auto_exact,NA,NA
PAPAS,papas,auto_exact,NA,NA
PAPEL,papel,auto_exact,NA,NA
PAPITAS,papitas,auto_exact,NA,NA
PARA,para,auto_exact,NA,NA
PARQUE,parque,auto_exact,NA,NA
PASAS,pasas,auto_exact,NA,NA
PASTEL,pastel,auto_exact,NA,NA
PASTO,pasto,auto_exact,NA,NA
PATEAR,patear,auto_exact,NA,NA
PATINAR,patinar,auto_exact,NA,NA
PATINES,patines,auto_exact,NA,NA
PATO,pato,auto_exact,NA,NA
PAYASO,payaso,auto_exact,NA,NA
PEGAJOSO,pegajoso,auto_exact,NA,NA
PEINARSE,peinar(se),auto_exact,NA,NA
PEINE,peine,auto_exact,NA,NA
PELO,pelo,auto_exact,NA,NA
PELOTA,pelota,auto_exact,NA,NA
PENE,pene,auto_exact,NA,NA
PENSAR,pensar,auto_exact,NA,NA
PERDER,perder,auto_exact,NA,NA
PERO,pero,auto_exact,NA,NA
PERRO,perro,auto_exact,NA,NA
PERSONA,persona,auto_exact,NA,NA
PESADO,pesado,auto_exact,NA,NA
PIEDRA,piedra,auto_exact,NA,NA
PIERNAS,piernas,auto_exact,NA,NA
PIES,pies,auto_exact,NA,NA
PIJAMA,pijama,auto_exact,NA,NA
PINGUINO,pingüino,auto_exact,NA,NA
PINTAR,pintar,auto_exact,NA,NA
PIOPIO,pío pío,auto_exact,NA,NA
PIPI,pipí,auto_exact,NA,NA
PLANCHA,plancha,auto_exact,NA,NA
PLANTA,planta,auto_exact,NA,NA
PLATICAR,platicar,auto_exact,NA,NA
PLATO,plato,auto_exact,NA,NA
PLAYA,playa,auto_exact,NA,NA
PLAYERA,playera,auto_exact,NA,NA
POBRE,pobre,auto_exact,NA,NA
PODER,poder,auto_exact,NA,NA
POLICIA,policía,auto_exact,NA,NA
POLLITO,pollito,auto_exact,NA,NA
POLLO,pollo,auto_exact,NA,NA
PORFAVOR,por favor,auto_exact,NA,NA
PORQUE,por qué,auto_exact,NA,NA
PRENDER,prender,auto_exact,NA,NA
PRIMA,prima,auto_exact,NA,NA
PRIMERO,primero,auto_exact,NA,NA
PRIMO,primo,auto_exact,NA,NA
PUERCO,puerco,auto_exact,NA,NA
PUERTA,puerta,auto_exact,NA,NA
PUES,pues,auto_exact,NA,NA
PUM,¡pum!,auto_exact,NA,NA
QUERER,querer,auto_exact,NA,NA
QUESO,queso,auto_exact,NA,NA
QUIEN,quién,auto_exact,NA,NA
QUITARSE,quitar(se),auto_exact,NA,NA
RADIO,radio,auto_exact,NA,NA
RANA,rana,auto_exact,NA,NA
RANCHO,rancho,auto_exact,NA,NA
RATON,ratón,auto_exact,NA,NA
RECAMARA,recámara,auto_exact,NA,NA
REGALAR,regalar,auto_exact,NA,NA
REJA,reja,auto_exact,NA,NA
RELOJ,reloj,auto_exact,NA,NA
RIO,río,auto_exact,NA,NA
RODILLA,rodilla,auto_exact,NA,NA
ROJO,rojo,auto_exact,NA,NA
ROMPER,romper,auto_exact,NA,NA
ROSA,rosa,auto_exact,NA,NA
ROTO,roto,auto_exact,NA,NA
RUIDOSO,ruidoso,auto_exact,NA,NA
SABER,saber,auto_exact,NA,NA
SACAR,sacar,auto_exact,NA,NA
SAL,sal,auto_exact,NA,NA
SALA,sala,auto_exact,NA,NA
SALSA,salsa,auto_exact,NA,NA
SALTAR,saltar,auto_exact,NA,NA
SALUD,salud,auto_exact,NA,NA
SALUDAR,saludar,auto_exact,NA,NA
SANDIA,sandía,auto_exact,NA,NA
SE,se,auto_exact,NA,NA
SECADORA,secadora,auto_exact,NA,NA
SECO,seco,auto_exact,NA,NA
SENOR,señor,auto_exact,NA,NA
SENORA,señora,auto_exact,NA,NA
SER,ser,auto_exact,NA,NA
SHHH,shhh,auto_exact,NA,NA
SHORTS,shorts,auto_exact,NA,NA
SI,sí,auto_exact,NA,NA
SIESTA,siesta,auto_exact,NA,NA
SILLA,silla,auto_exact,NA,NA
SILLON,sillón,auto_exact,NA,NA
SOFA,sofá,auto_exact,NA,NA
SOL,sol,auto_exact,NA,NA
SOMBRERO,sombrero,auto_exact,NA,NA
SOPA,sopa,auto_exact,NA,NA
SOPLAR,soplar,auto_exact,NA,NA
SU,su,auto_exact,NA,NA
SUAVE,suave,auto_exact,NA,NA
SUCIO,sucio,auto_exact,NA,NA
SUETER,suéter,auto_exact,NA,NA
SUYA,suya,auto_exact,NA,NA
SUYAS,suyas,auto_exact,NA,NA
SUYO,suyo,auto_exact,NA,NA
SUYOS,suyos,auto_exact,NA,NA
TACO,taco,auto_exact,NA,NA
TAMBOR,tambor,auto_exact,NA,NA
TANQUE,tanque,auto_exact,NA,NA
TAPAR,tapar,auto_exact,NA,NA
TAPETE,tapete,auto_exact,NA,NA
TAZA,taza,auto_exact,NA,NA
TECHO,techo,auto_exact,NA,NA
TELEFONO,teléfono,auto_exact,NA,NA
TENEDOR,tenedor,auto_exact,NA,NA
TENER,tener,auto_exact,NA,NA
TERMINAR,terminar,auto_exact,NA,NA
TI,tí,auto_exact,NA,NA
TIA,tía,auto_exact,NA,NA
TIERRA,tierra,auto_exact,NA,NA
TIGRE,tigre,auto_exact,NA,NA
TIJERAS,tijeras,auto_exact,NA,NA
TIMBRE,timbre,auto_exact,NA,NA
TINA,tina,auto_exact,NA,NA
TIO,tío,auto_exact,NA,NA
TIRAR,tirar,auto_exact,NA,NA
TOALLA,toalla,auto_exact,NA,NA
TOCAR,tocar,auto_exact,NA,NA
TODO,todo,auto_exact,NA,NA
TONTO,tonto,auto_exact,NA,NA
TORTUGA,tortuga,auto_exact,NA,NA
TRACTOR,tractor,auto_exact,NA,NA
TRAPO,trapo,auto_exact,NA,NA
TRAVIESO,travieso,auto_exact,NA,NA
TREN,tren,auto_exact,NA,NA
TRINEO,trineo,auto_exact,NA,NA
TRISTE,triste,auto_exact,NA,NA
TU,tú,auto_exact,NA,NA
TUTU,tutú,auto_exact,NA,NA
TUYA,tuya,auto_exact,NA,NA
TUYAS,tuyas,auto_exact,NA,NA
TUYO,tuyo,auto_exact,NA,NA
TUYOS,tuyos,auto_exact,NA,NA
ULTIMO,último,auto_exact,NA,NA
UN,un,auto_exact,NA,NA
UNA,una,auto_exact,NA,NA
UNAS,unas,auto_exact,NA,NA
UNOS,unos,auto_exact,NA,NA
UVAS,uvas,auto_exact,NA,NA
VACA,vaca,auto_exact,NA,NA
VACIO,vacío,auto_exact,NA,NA
VAGINA,vagina,auto_exact,NA,NA
VAINILLA,vainilla,auto_exact,NA,NA
VAMONOS,vámonos,auto_exact,NA,NA
VASOS,vasos,auto_exact,NA,NA
VELA,vela,auto_exact,NA,NA
VENADO,venado,auto_exact,NA,NA
VENTANA,ventana,auto_exact,NA,NA
VERDE,verde,auto_exact,NA,NA
VESTIDO,vestido,auto_exact,NA,NA
VIBORA,víbora,auto_exact,NA,NA
VIEJO,viejo,auto_exact,NA,NA
Y,y,auto_exact,NA,NA
YA,ya,auto_exact,NA,NA
YO,yo,auto_exact,NA,NA
YOGHURT,yoghurt,auto_exact,NA,NA
ZAPATO,zapato,auto_exact,NA,NA
ACOMPNAR,NA,needs_review,acompañar,1
AMARARSE,NA,needs_review,amarrar(se),1
AQUELA,NA,needs_review,abuela,1
AQUELAS,NA,needs_review,aquellas,1
AQUELOS,NA,needs_review,aquellos,1
BABERA,NA,needs_review,babero,1
BICICLET,NA,needs_review,bicicleta,1
CAER,NA,needs_review,caber,1
CARRO,NA,needs_review,cerro,1
CERILLS,NA,needs_review,cerillos,1
CHAPARO,NA,needs_review,chaparro,1
CHOCOLAT,NA,needs_review,chocolate,1
CIGARRS,NA,needs_review,cigarros,1
COCDRILO,NA,needs_review,cocodrilo,1
COLDERA,NA,needs_review,coladera,1
DESPIERT,NA,needs_review,despierto,1
DESYUNAR,NA,needs_review,desayunar,1
DIFERNTE,NA,needs_review,diferente,1
ENCONTRA,NA,needs_review,encontrar,1
ENFERMER,NA,needs_review,enfermera,1
ENLANOCH,NA,needs_review,en la noche,1
ENLATARD,NA,needs_review,en la tarde,1
ESCALERA,NA,needs_review,escaleras,1
ESPGUETI,NA,needs_review,espagueti,1
GLOBO,NA,needs_review,lobo,1
GUAJOLOT,NA,needs_review,guajolote,1
HABRHAY,NA,needs_review,haber (hay),1
HOJA,NA,needs_review,hojas,1
IR,NA,needs_review,oír,1
LIMONAD,NA,needs_review,limonada,1
MANI,NA,needs_review,mano,1
MERMELAD,NA,needs_review,mermelada,1
PALOMTAS,NA,needs_review,palomitas,1
PANDULC,NA,needs_review,pan dulce,1
PARAR,NA,needs_review,para,1
PESCADO1,NA,needs_review,pescado,1
PESCADO2,NA,needs_review,pescado,1
PINTURA,NA,needs_review,pinturas,1
PONER,NA,needs_review,poder,1
ROPAS,NA,needs_review,ropa,1
SODA,NA,needs_review,sofá,1
TOMAR,NA,needs_review,tocar,1
TORTILA,NA,needs_review,tortilla,1
TRANQUIL,NA,needs_review,tranquilo,1
VER,NA,needs_review,a ver...,1
VITAMINA,NA,needs_review,vitaminas,1
ZANAHORI,NA,needs_review,zanahoria,1
ZOOLOGIC,NA,needs_review,zoológico,1
ACABARSE,NA,needs_review,acabar,2
ACOSTAR,NA,needs_review,acostar(se),2
APURAR,NA,needs_review,apagar,2
ARREGLAR,NA,needs_review,arreglar(se),2
ASPIRDOR,NA,needs_review,aspiradora,2
ASUSTAR,NA,needs_review,asustar(se),2
BANCO1,NA,needs_review,baño,2
BANCO2,NA,needs_review,baño,2
BUENDIAS,NA,needs_review,buenos días,2
CAMION,NA,needs_review,avión,2
CHICHI,NA,needs_review,chicle,2
COCHERA,NA,needs_review,cuchara,2
COMER,NA,needs_review,caber,2
DORMIR,NA,needs_review,dormir(se),2
EL1,NA,needs_review,ella,2
EL2,NA,needs_review,ella,2
ENLAMANA,NA,needs_review,en la mañana,2
ESCONDER,NA,needs_review,esconder(se),2
ESPERAR,NA,needs_review,esperar(se),2
GELLATIN,NA,needs_review,gelatina,2
HABPAS,NA,needs_review,papas,2
HELADO,NA,needs_review,pesado,2
HIPPOTMO,NA,needs_review,hipopótamo,2
IACABA,NA,needs_review,acabar,2
ICOME,NA,needs_review,cómo,2
ISUBE,NA,needs_review,nube,2
LASTIMAR,NA,needs_review,lastimar(se),2
LAVAR,NA,needs_review,a ver...,2
LLEVAR,NA,needs_review,llevar(se),2
MIEDSUST,NA,needs_review,miedo/susto,2
PATIO1,NA,needs_review,pato,2
PATIO2,NA,needs_review,pato,2
PEGAR,NA,needs_review,apagar,2
PELGRSO,NA,needs_review,peligroso,2
PERIDCO,NA,needs_review,periódico,2
PLASTLIN,NA,needs_review,plastilina,2
PLATANO,NA,needs_review,plato,2
PLUMA,NA,needs_review,luna,2
PRCOMO,NA,needs_review,cómo,2
QUE1,NA,needs_review,aquel,2
QUE2,NA,needs_review,aquel,2
QUEDAR,NA,needs_review,quedar(se),2
QUEMAR,NA,needs_review,quemar(se),2
QUESDILA,NA,needs_review,quesadilla,2
ROPERO,NA,needs_review,pero,2
SALCHCH,NA,needs_review,salchicha,2
SALIR,NA,needs_review,jalar,2
SENTAR,NA,needs_review,aventar,2
SERVLETA,NA,needs_review,servilleta,2
SUBIR,NA,needs_review,saber,2
TE1,NA,needs_review,de,2
TE2,NA,needs_review,de,2
TELEVISN,NA,needs_review,televisión,2
TORTA,NA,needs_review,cortar,2
TRAER,NA,needs_review,tener,2
UNODSTRS,NA,needs_review,uno dos tres...,2
VABUSCAR,NA,needs_review,buscar,2
VENIR,NA,needs_review,cenar,2
VIENTAIR,NA,needs_review,viento/aire,2
ADIOSBYE,NA,needs_review,adíos/byebye,3
AHORITA,NA,needs_review,arriba,3
ALAGAPAT,NA,needs_review,al agua patos...,3
BOLSA1,NA,needs_review,besar,3
BOLSA2,NA,needs_review,besar,3
BUENNOCH,NA,needs_review,bueno,3
CEPIDNTE,NA,needs_review,caliente,3
CHUPETE,NA,needs_review,cachete,3
COMPTDRA,NA,needs_review,comida,3
EQUVCAR,NA,needs_review,azúcar,3
GARGNTA,NA,needs_review,araña,3
HAMBURGS,NA,needs_review,hambre,3
HELICPTR,NA,needs_review,helicóptero,3
HOSPITL,NA,needs_review,osito,3
IACABATE,NA,needs_review,acabar,3
ICOMETE,NA,needs_review,comer(se),3
ISUBETE,NA,needs_review,cubeta,3
LEVNTAR,NA,needs_review,aventar,3
MANOSARB,NA,needs_review,manos arriba,3
MANTQILA,NA,needs_review,mantequilla,3
PAACABO,NA,needs_review,lavabo,3
PACOMI,NA,needs_review,cómo,3
PACOMIO,NA,needs_review,cómo,3
PASUBI,NA,needs_review,aquí,3
PASUBIO,NA,needs_review,pañuelo,3
POCQUITO,NA,needs_review,poco/poquito,3
PONETATA,NA,needs_review,pon pon tata,3
PRACABA,NA,needs_review,acabar,3
PRACABAS,NA,needs_review,acabar,3
PRACABO,NA,needs_review,lavabo,3
PRCOME,NA,needs_review,cómo,3
PRSUBE,NA,needs_review,ir(se),3
PRSUBES,NA,needs_review,pues,3
PRSUBO,NA,needs_review,pasto,3
QIQIRIQI,NA,needs_review,quiquiriquí,3
RAPIDO1,NA,needs_review,radio,3
RAPIDO2,NA,needs_review,radio,3
REGADERA,NA,needs_review,coladera,3
TENGMANT,NA,needs_review,tengo manita,3
TIENMERC,NA,needs_review,tener,3
TORTLITA,NA,needs_review,tortilla,3
ALBRPISC,NA,needs_review,abrigo,4
BOTLMAML,NA,needs_review,botas,4
CAMIBOMB,NA,needs_review,amigo,4
COSQLITS,NA,needs_review,cosquillitas,4
DESCOMPU,NA,needs_review,descompuesto,4
DICENOMB,NA,needs_review,dientes,4
HABFUT,NA,needs_review,abajo,4
HABNOVER,NA,needs_review,a ver...,4
NOMBRNIN,NA,needs_review,hombro,4
OTROVEZ,NA,needs_review,arroz,4
PAACABE,NA,needs_review,acabar,4
PASTDNTE,NA,needs_review,caliente,4
PENTBTTR,NA,needs_review,entrar,4
PRACABMS,NA,needs_review,acabar,4
PRCOMEMS,NA,needs_review,comer(se),4
PRCOMES,NA,needs_review,aretes,4
PRSUBIMS,NA,needs_review,prima,4
REFRGRDR,NA,needs_review,cerrar,4
RESBADLA,NA,needs_review,escuela,4
TEVYPAGR,NA,needs_review,tapar,4
IGLSTMPL,NA,needs_review,gustar,5
MUNCNIEV,NA,needs_review,dulce,5
SCMPLX01,NA,needs_review,soplar,5
SCMPLX02,NA,needs_review,soplar,5
SCMPLX03,NA,needs_review,soplar,5
SCMPLX04,NA,needs_review,soplar,5
SCMPLX05,NA,needs_review,soplar,5
SCMPLX06,NA,needs_review,soplar,5
SCMPLX07,NA,needs_review,soplar,5
SCMPLX08,NA,needs_review,soplar,5
SCMPLX09,NA,needs_review,soplar,5
SCMPLX10,NA,needs_review,soplar,5
SCMPLX11,NA,needs_review,soplar,5
SCMPLX12,NA,needs_review,soplar,5
SCMPLX13,NA,needs_review,soplar,5
SCMPLX14,NA,needs_review,soplar,5
SCMPLX15,NA,needs_review,soplar,5
SCMPLX16,NA,needs_review,soplar,5
SCMPLX17,NA,needs_review,soplar,5
SCMPLX18,NA,needs_review,soplar,5
SCMPLX19,NA,needs_review,soplar,5
SCMPLX20,NA,needs_review,soplar,5
SCMPLX21,NA,needs_review,soplar,5
SCMPLX22,NA,needs_review,soplar,5
SCMPLX23,NA,needs_review,soplar,5
SCMPLX24,NA,needs_review,soplar,5
SCMPLX25,NA,needs_review,soplar,5
SCMPLX26,NA,needs_review,soplar,5
SCMPLX27,NA,needs_review,soplar,5
SCMPLX28,NA,needs_review,soplar,5
SCMPLX29,NA,needs_review,soplar,5
SCMPLX30,NA,needs_review,soplar,5
SCMPLX31,NA,needs_review,soplar,5
SCMPLX32,NA,needs_review,soplar,5
SCMPLX33,NA,needs_review,soplar,5
SCMPLX34,NA,needs_review,soplar,5
SCMPLX35,NA,needs_review,soplar,5
SCMPLX36,NA,needs_review,soplar,5
SCMPLX37,NA,needs_review,soplar,5
TRICICL1,NA,needs_review,ardilla,5
TRICICL2,NA,needs_review,ardilla,5
