subj_month,subj,month,duration,duration_hrs,awc_perhr,cvc_perhr,ctc_perhr,awc_outlier,ctc_outlier,cvc_outlier
01_06,01,6,57600,16,881.0625,75.8125,23.5625,FALSE,FALSE,FALSE
01_07,01,7,57600,16,874.3125,54.0625,18.375,FALSE,FALSE,FALSE
01_08,01,8,57600,16,889.1875,76,18.375,FALSE,FALSE,FALSE
01_09,01,9,57600,16,886.125,88.4375,19.3125,FALSE,FALSE,FALSE
01_10,01,10,57600,16,1585.5625,111.4375,34.75,FALSE,FALSE,FALSE
01_11,01,11,57600,16,1348.5625,116.5625,34.75,FALSE,FALSE,FALSE
01_12,01,12,57600,16,1931,118.4375,37.9375,FALSE,FALSE,FALSE
01_13,01,13,57600,16,1108.25,165.4375,40.8125,FALSE,FALSE,FALSE
01_14,01,14,57600,16,947.1875,133.75,30,FALSE,FALSE,FALSE
01_15,01,15,57600,16,1564.875,206,64.625,FALSE,FALSE,FALSE
01_16,01,16,57600,16,896.5625,162,30.4375,FALSE,FALSE,FALSE
01_17,01,17,57600,16,773.3125,144.6875,26.4375,FALSE,FALSE,FALSE
02_06,02,6,57600,16,1320.8125,66.5,23.3125,FALSE,FALSE,FALSE
02_07,02,7,57600,16,1334.4375,75.6875,30.5,FALSE,FALSE,FALSE
02_08,02,8,57600,16,1257.1875,116.5,35.9375,FALSE,FALSE,FALSE
02_09,02,9,57600,16,1652.875,126.6875,40.875,FALSE,FALSE,FALSE
02_10,02,10,57600,16,987.5,85.3125,18.125,FALSE,FALSE,FALSE
02_11,02,11,57600,16,1391.4375,111.75,31.125,FALSE,FALSE,FALSE
02_12,02,12,57600,16,870.625,47.9375,17.375,FALSE,FALSE,FALSE
02_13,02,13,57600,16,969.625,83,28.9375,FALSE,FALSE,FALSE
02_14,02,14,57600,16,838.3125,53.3125,16.5,FALSE,FALSE,FALSE
02_15,02,15,57600,16,1186.625,68.0625,26.0625,FALSE,FALSE,FALSE
02_16,02,16,57600,16,1170.75,91.3125,30.5625,FALSE,FALSE,FALSE
02_17,02,17,57600,16,632.6875,88.875,20.875,FALSE,FALSE,FALSE
03_06,03,6,57600,16,1211.9375,76.0625,23.375,FALSE,FALSE,FALSE
03_07,03,7,57600,16,842.3125,45.6875,10.8125,FALSE,FALSE,FALSE
03_08,03,8,57600,16,690.125,38.6875,8.625,FALSE,FALSE,FALSE
03_09,03,9,57600,16,911.3125,55.1875,16.4375,FALSE,FALSE,FALSE
03_10,03,10,57600,16,957.875,54.0625,13.5625,FALSE,FALSE,FALSE
03_11,03,11,57600,16,1449.875,80.8125,20.5,FALSE,FALSE,FALSE
03_12,03,12,57600,16,920.25,42.9375,10.4375,FALSE,FALSE,FALSE
03_13,03,13,57600,16,670.5,129.5,16.9375,FALSE,FALSE,FALSE
03_14,03,14,57600,16,863.375,119.0625,21.8125,FALSE,FALSE,FALSE
03_15,03,15,57600,16,577.4375,123.875,19.3125,FALSE,FALSE,FALSE
03_16,03,16,57600,16,746.9375,120.75,22.125,FALSE,FALSE,FALSE
03_17,03,17,57600,16,1241.75,123.5625,29.9375,FALSE,FALSE,FALSE
04_06,04,6,42691,11.858611111111111,1730.0508303857955,113.5883441474784,42.33210746995854,FALSE,FALSE,FALSE
04_07,04,7,44725,12.42361111111111,1779.9977641140301,72.92565679150364,30.506428172163222,FALSE,FALSE,FALSE
04_08,04,8,48146,13.373888888888889,1758.3516803057366,145.6569600797574,48.826486104764676,FALSE,FALSE,FALSE
04_09,04,9,38565,10.7125,2147.6779463243874,214.98249708284715,74.49241540256709,FALSE,TRUE,FALSE
04_10,04,10,46409,12.891388888888889,1662.7378310241547,162.43401064448707,54.29981253636148,FALSE,FALSE,FALSE
04_11,04,11,35311,9.80861111111111,1971.5329500722155,177.19124352184872,63.515618362549915,FALSE,FALSE,FALSE
04_12,04,12,37876,10.52111111111111,1892.0054916041822,119.56912028725314,44.481993874749186,FALSE,FALSE,FALSE
04_13,04,13,39836,11.065555555555555,1548.4084747464606,151.28024902098605,41.93192087558992,FALSE,FALSE,FALSE
04_14,04,14,44970,12.491666666666667,1360.3468979319546,130.80720480320213,41.70780520346898,FALSE,FALSE,FALSE
04_15,04,15,46066,12.796111111111111,1240.5331480918683,76.82021447488385,24.069812877176226,FALSE,FALSE,FALSE
04_16,04,16,39283,10.911944444444444,1579.9200672046434,98.60754015731996,36.38215003945727,FALSE,FALSE,FALSE
04_17,04,17,41833,11.620277777777778,2010.4510792914684,170.21968302536274,59.55107212009657,FALSE,FALSE,FALSE
06_06,06,6,40898,11.360555555555555,2783.314587510392,107.91725756760722,41.89935938187686,FALSE,FALSE,FALSE
06_07,06,7,57600,16,531.0625,34.0625,9.875,FALSE,FALSE,FALSE
06_08,06,8,44651,12.403055555555556,772.6321918881996,93.68659156569842,25.396967593111018,FALSE,FALSE,FALSE
06_09,06,9,50454,14.015,854.0135569033179,40.31394933999286,10.774170531573313,FALSE,FALSE,FALSE
06_10,06,10,57600,16,440.0625,21.8125,6.0625,FALSE,FALSE,FALSE
06_11,06,11,57600,16,1272.4375,57.4375,17,FALSE,FALSE,FALSE
06_12,06,12,57600,16,548.6875,64.875,16.25,FALSE,FALSE,FALSE
06_13,06,13,57600,16,1145.25,60.9375,25.125,FALSE,FALSE,FALSE
06_14,06,14,57599,15.999722222222223,517.3214812757166,70.81372940502439,18.187815760690288,FALSE,FALSE,FALSE
06_15,06,15,57600,16,679.875,56.625,21.6875,FALSE,FALSE,FALSE
06_16,06,16,57600,16,1052.375,40.6875,18.8125,FALSE,FALSE,FALSE
06_17,06,17,52485,14.579166666666667,523.8982566447556,75.86167476421835,15.432980851671905,FALSE,FALSE,FALSE
07_06,07,6,57600,16,973.625,77.9375,24.4375,FALSE,FALSE,FALSE
07_07,07,7,57600,16,1949.875,144.3125,40.5,FALSE,FALSE,FALSE
07_08,07,8,51991,14.441944444444445,3082.2026889269296,115.0814564059164,45.56173183820276,FALSE,FALSE,FALSE
07_09,07,9,57600,16,1875.0625,72.75,24.5,FALSE,FALSE,FALSE
07_10,07,10,42734,11.870555555555555,1411.896850283147,133.52365797725466,33.69682220246174,FALSE,FALSE,FALSE
07_11,07,11,57600,16,1203.8125,99.3125,27.25,FALSE,FALSE,FALSE
07_12,07,12,29589,8.219166666666666,1768.4274561492448,82.73344824090034,31.025043090337626,FALSE,FALSE,FALSE
07_13,07,13,31616,8.782222222222222,1687.5,91.20698380566802,38.94230769230769,FALSE,FALSE,FALSE
07_14,07,14,34461,9.5725,2606.0067902846695,171.42857142857144,54.9490728649778,FALSE,FALSE,FALSE
07_15,07,15,39125,10.868055555555555,3263.417252396166,159.45814696485624,68.73354632587859,TRUE,FALSE,FALSE
07_16,07,16,46413,12.8925,2055.0707775838664,99.04983517548962,33.585417878611594,FALSE,FALSE,FALSE
07_17,07,17,44989,12.496944444444445,1959.1989152904043,93.46284647358243,37.04905643601769,FALSE,FALSE,FALSE
08_06,08,6,57600,16,1731,59.3125,17.5625,FALSE,FALSE,FALSE
08_07,08,7,57600,16,1427.4375,71.5625,17.5625,FALSE,FALSE,FALSE
08_08,08,8,57600,16,2218.375,45.625,23.8125,FALSE,FALSE,FALSE
08_09,08,9,57600,16,1990,45.0625,20.1875,FALSE,FALSE,FALSE
08_10,08,10,57600,16,2270.3125,43.5625,19.1875,FALSE,FALSE,FALSE
08_11,08,11,57600,16,2413.125,59.125,25.75,FALSE,FALSE,FALSE
08_12,08,12,57600,16,1968.375,75.125,36.125,FALSE,FALSE,FALSE
08_13,08,13,57600,16,1766.375,93.1875,37.6875,FALSE,FALSE,FALSE
08_14,08,14,57600,16,1254.8125,102.5625,45.5,FALSE,FALSE,FALSE
08_15,08,15,57600,16,2191.75,134.125,63.1875,FALSE,FALSE,FALSE
08_16,08,16,57600,16,2213.75,172,73.75,FALSE,FALSE,FALSE
08_17,08,17,57600,16,1339.375,124.5,53.1875,FALSE,FALSE,FALSE
09_06,09,6,57600,16,979.6875,162.375,39.75,FALSE,FALSE,FALSE
09_07,09,7,57600,16,721.125,93.75,25.875,FALSE,FALSE,FALSE
09_08,09,8,42480,11.8,722.3728813559321,263.728813559322,48.813559322033896,FALSE,FALSE,FALSE
09_09,09,9,31084,8.634444444444444,934.2813022776992,167.58460944537384,41.11439969115944,FALSE,FALSE,FALSE
09_10,09,10,57600,16,990,100.75,18.125,FALSE,FALSE,FALSE
09_11,09,11,57600,16,710.9375,153.625,27.25,FALSE,FALSE,FALSE
09_12,09,12,57600,16,349.375,57.9375,14.3125,FALSE,FALSE,FALSE
09_13,09,13,57600,16,794.5,90,28.8125,FALSE,FALSE,FALSE
09_14,09,14,57600,16,534.25,119.75,25.0625,FALSE,FALSE,FALSE
09_15,09,15,35269,9.796944444444444,1375.428846862684,249.66968159006495,65.83685389435482,FALSE,FALSE,FALSE
09_16,09,16,32445,9.0125,822.6352288488212,198.50208044382802,45.38141470180305,FALSE,FALSE,FALSE
09_17,09,17,39915,11.0875,596.0766629086809,141.33032694475762,31.02593010146561,FALSE,FALSE,FALSE
10_06,10,6,43145,11.984722222222222,1522.3548499246726,137.5918414648279,44.306408622088306,FALSE,FALSE,FALSE
10_07,10,7,46408,12.891111111111112,1684.1061885881743,147.3108084812963,54.37855542147905,FALSE,FALSE,FALSE
10_08,10,8,57600,16,1596.6875,95.5625,35.5,FALSE,FALSE,FALSE
10_09,10,9,57600,16,1276.8125,126.1875,36.25,FALSE,FALSE,FALSE
10_10,10,10,57600,16,1207.1875,103.5,23.1875,FALSE,FALSE,FALSE
10_11,10,11,49722,13.811666666666667,1270.4476891516833,98.53988174248823,29.32303608060818,FALSE,FALSE,FALSE
10_12,10,12,57600,16,1246,79.375,25.75,FALSE,FALSE,FALSE
10_13,10,13,57600,16,1181.625,51.75,14.0625,FALSE,FALSE,FALSE
10_14,10,14,57600,16,1333.125,94.5625,29.5625,FALSE,FALSE,FALSE
10_15,10,15,57600,16,881.1875,58.625,17.5625,FALSE,FALSE,FALSE
10_16,10,16,57600,16,1204.875,103.625,29.0625,FALSE,FALSE,FALSE
10_17,10,17,57600,16,1164.875,71.375,20.75,FALSE,FALSE,FALSE
11_06,11,6,44498,12.360555555555555,2479.823812306171,66.82547530226078,22.65270349229179,FALSE,FALSE,FALSE
11_07,11,7,44906,12.473888888888888,2067.1981472409034,144.70226695764487,43.45076381775264,FALSE,FALSE,FALSE
11_08,11,8,43940,12.205555555555556,3285.553026854802,203.513882567137,56.941283568502506,FALSE,FALSE,FALSE
11_09,11,9,43624,12.117777777777778,2335.824316889785,108.76581698147808,33.504492939666235,FALSE,FALSE,FALSE
11_10,11,10,42693,11.859166666666667,2628.5152132668118,116.61864942730658,44.438198299487034,FALSE,FALSE,FALSE
11_11,11,11,44984,12.495555555555555,1907.3981860216968,97.55468611061711,28.08998755112929,FALSE,FALSE,FALSE
11_12,11,12,48272,13.408888888888889,1158.1123632747763,80.91647331786542,24.535962877030162,FALSE,FALSE,FALSE
11_13,11,13,50807,14.113055555555556,1350.8059913004113,110.3942370145846,31.531088235873007,FALSE,FALSE,FALSE
11_14,11,14,44120,12.255555555555556,1935.2855847688122,95.79329102447869,39.41069809610154,FALSE,FALSE,FALSE
11_15,11,15,42429,11.785833333333333,1554.1539984444603,133.71986141554126,50.56918616983667,FALSE,FALSE,FALSE
11_16,11,16,50711,14.086388888888889,1209.2524304391552,196.92768827276134,49.338407840507976,FALSE,FALSE,FALSE
11_17,11,17,41745,11.595833333333333,1695.4365792310457,196.79482572763206,64.16097736255838,FALSE,FALSE,FALSE
12_06,12,6,57600,16,1503.3125,70.875,32.0625,FALSE,FALSE,FALSE
12_07,12,7,57600,16,2788.75,82.3125,39.6875,FALSE,FALSE,FALSE
12_08,12,8,57600,16,3559.1875,63.1875,33.1875,FALSE,FALSE,FALSE
12_09,12,9,57600,16,1207.4375,64.5,23.125,FALSE,FALSE,FALSE
12_10,12,10,57600,16,1383.9375,98.375,33.1875,FALSE,FALSE,FALSE
12_11,12,11,57600,16,1537.0625,31,12.5625,FALSE,FALSE,FALSE
12_12,12,12,57600,16,1726.1875,145.3125,48.75,FALSE,FALSE,FALSE
12_13,12,13,44411,12.336388888888889,2263.4662583594154,51.23055098961969,24.399360518790388,FALSE,FALSE,FALSE
12_14,12,14,57600,16,1748.4375,56.5,29.25,FALSE,FALSE,FALSE
12_15,12,15,52063,14.461944444444445,1652.889768165492,58.152622783934845,26.483299079960815,FALSE,FALSE,FALSE
12_16,12,16,34462,9.572777777777778,2785.1894840694094,74.79542684696186,38.02449074342754,FALSE,FALSE,FALSE
12_17,12,17,57600,16,1214.625,81.8125,29.625,FALSE,FALSE,FALSE
13_06,13,6,41511,11.530833333333334,829.601792296018,55.156464551564646,14.7430801474308,FALSE,FALSE,FALSE
13_07,13,7,43241,12.011388888888888,970.4123401401448,82.00550403552185,22.561920399620732,FALSE,FALSE,FALSE
13_08,13,8,43522,12.089444444444444,1306.0980653462616,64.7672441523827,17.122374890859795,FALSE,FALSE,FALSE
13_09,13,9,47354,13.153888888888888,665.8867255142121,33.450183722599995,8.134476496177726,FALSE,FALSE,FALSE
13_10,13,10,44742,12.428333333333333,1075.4458897680033,44.092798712619015,13.195655089177954,FALSE,FALSE,FALSE
13_11,13,11,44433,12.3425,1570.3463641887786,85.5580311930322,33.05651205185335,FALSE,FALSE,FALSE
13_12,13,12,32644,9.067777777777778,2068.4229873789977,84.91606420781767,28.672956745496876,FALSE,FALSE,FALSE
13_13,13,13,40882,11.356111111111112,812.6901814979698,83.47928183552663,20.25341225967418,FALSE,FALSE,FALSE
13_14,13,14,43796,12.165555555555555,1851.1279568910404,161.85039729655676,55.97771485980455,FALSE,FALSE,FALSE
13_15,13,15,46974,13.048333333333334,1347.9882488184953,171.5927960148167,52.42048792949291,FALSE,FALSE,FALSE
13_16,13,16,28315,7.865277777777778,659.353699452587,99.29719230090058,30.259579728059332,FALSE,FALSE,FALSE
13_17,13,17,57600,16,399.75,53.4375,12,FALSE,FALSE,FALSE
14_06,14,6,57600,16,1013.625,83.75,19.8125,FALSE,FALSE,FALSE
14_07,14,7,57600,16,962.6875,98.5625,14.3125,FALSE,FALSE,FALSE
14_08,14,8,57600,16,920.3125,118.6875,19.3125,FALSE,FALSE,FALSE
14_09,14,9,57600,16,676.625,97,15.8125,FALSE,FALSE,FALSE
14_10,14,10,57600,16,1342.75,108.75,27.0625,FALSE,FALSE,FALSE
14_11,14,11,57600,16,1034.1875,91.5,25.5,FALSE,FALSE,FALSE
14_12,14,12,57600,16,1032.875,100.5625,23.375,FALSE,FALSE,FALSE
14_13,14,13,57600,16,1095.1875,118.0625,32.75,FALSE,FALSE,FALSE
14_14,14,14,57600,16,710.625,96.375,24.0625,FALSE,FALSE,FALSE
14_15,14,15,57600,16,1533.1875,53.25,19.625,FALSE,FALSE,FALSE
14_16,14,16,57600,16,736.1875,55.9375,17.625,FALSE,FALSE,FALSE
14_17,14,17,57600,16,1062.3125,112.6875,35.6875,FALSE,FALSE,FALSE
15_06,15,6,57600,16,1418.625,127.375,31.9375,FALSE,FALSE,FALSE
15_07,15,7,57600,16,1071.0625,174.9375,31.1875,FALSE,FALSE,FALSE
15_08,15,8,57600,16,1096.5625,85.4375,23.25,FALSE,FALSE,FALSE
15_09,15,9,57600,16,832.5,113.625,28.125,FALSE,FALSE,FALSE
15_10,15,10,57600,16,913.1875,83.125,16.6875,FALSE,FALSE,FALSE
15_11,15,11,57600,16,1038.625,158.8125,37.25,FALSE,FALSE,FALSE
15_12,15,12,57600,16,1037.4375,107.0625,25.375,FALSE,FALSE,FALSE
15_13,15,13,57600,16,501.9375,92.625,15.0625,FALSE,FALSE,FALSE
15_14,15,14,57600,16,834.125,84.125,22.5625,FALSE,FALSE,FALSE
15_15,15,15,57600,16,772.5625,73.9375,18.625,FALSE,FALSE,FALSE
15_16,15,16,57600,16,1029.125,104.75,28.0625,FALSE,FALSE,FALSE
15_17,15,17,57600,16,659.4375,119.375,22.5625,FALSE,FALSE,FALSE
16_06,16,6,57600,16,873.3125,126.8125,31.5,FALSE,FALSE,FALSE
16_07,16,7,57600,16,1522.25,51.0625,19.4375,FALSE,FALSE,FALSE
16_08,16,8,57600,16,1139.625,69.25,22.875,FALSE,FALSE,FALSE
16_09,16,9,57600,16,918.5,74.25,26,FALSE,FALSE,FALSE
16_10,16,10,57600,16,935.375,62.6875,17.25,FALSE,FALSE,FALSE
16_11,16,11,57600,16,930.75,81.125,27.8125,FALSE,FALSE,FALSE
16_12,16,12,57600,16,685.25,77.8125,20.125,FALSE,FALSE,FALSE
16_13,16,13,57600,16,1475.375,84.6875,31.5625,FALSE,FALSE,FALSE
16_14,16,14,57600,16,679.25,90.3125,19.6875,FALSE,FALSE,FALSE
16_15,16,15,57600,16,990.3125,64.875,25.6875,FALSE,FALSE,FALSE
16_16,16,16,57600,16,1119.1875,42.75,16.0625,FALSE,FALSE,FALSE
16_17,16,17,57600,16,1564.75,75.0625,30.125,FALSE,FALSE,FALSE
17_06,17,6,57600,16,1088.8125,86.125,33.1875,FALSE,FALSE,FALSE
17_07,17,7,57600,16,1409.1875,65.875,30.5,FALSE,FALSE,FALSE
17_08,17,8,57600,16,1184.3125,56.5,22.75,FALSE,FALSE,FALSE
17_09,17,9,57600,16,1075.6875,74.375,28.5,FALSE,FALSE,FALSE
17_10,17,10,57600,16,1134.8125,95.625,31.8125,FALSE,FALSE,FALSE
17_11,17,11,57600,16,518.1875,61.125,15.4375,FALSE,FALSE,FALSE
17_12,17,12,57600,16,482.25,49.125,11.625,FALSE,FALSE,FALSE
17_13,17,13,57600,16,1129.4375,112.6875,41,FALSE,FALSE,FALSE
17_14,17,14,57600,16,1348.875,79.75,36.25,FALSE,FALSE,FALSE
17_15,17,15,57600,16,1263.0625,135.375,52.25,FALSE,FALSE,FALSE
17_16,17,16,57600,16,1292.3125,141.625,55.9375,FALSE,FALSE,FALSE
17_17,17,17,57600,16,1158.75,102.3125,45.6875,FALSE,FALSE,FALSE
18_06,18,6,51598,14.332777777777778,1903.4691267103376,153.2152409008101,48.978642583045854,FALSE,FALSE,FALSE
18_07,18,7,45731,12.703055555555556,2377.0658852856923,101.70781308084231,39.67549364763508,FALSE,FALSE,FALSE
18_08,18,8,46907,13.029722222222222,1991.1399151512567,87.03178630055216,33.461956637602064,FALSE,FALSE,FALSE
18_09,18,9,43822,12.172777777777778,1474.2731961115421,82.88987266669709,27.356122495550178,FALSE,FALSE,FALSE
18_10,18,10,46896,13.026666666666667,2771.315250767656,122.05731832139202,46.98055271238485,FALSE,FALSE,FALSE
18_11,18,11,55279,15.355277777777777,1538.1682013061018,87.00591544709565,31.06423777564717,FALSE,FALSE,FALSE
18_12,18,12,44950,12.48611111111111,1797.5973303670746,100.91212458286986,38.92324805339266,FALSE,FALSE,FALSE
18_13,18,13,46393,12.886944444444444,1166.8398249735951,97.85096889616969,30.340784170025653,FALSE,FALSE,FALSE
18_14,18,14,45269,12.574722222222222,1193.9826371247432,91.69188627979412,31.332700081733638,FALSE,FALSE,FALSE
18_15,18,15,41530,11.536111111111111,2112.8437274259572,148.49024801348423,52.87743799662894,FALSE,FALSE,FALSE
18_16,18,16,47517,13.199166666666667,1471.153481911737,159.40400277795317,43.10878212008334,FALSE,FALSE,FALSE
18_17,18,17,37600,10.444444444444445,2584.531914893617,171.1914893617021,65.29787234042553,FALSE,FALSE,FALSE
19_06,19,6,42887,11.913055555555555,1645.3377480355352,101.56924009606641,33.32478373399865,FALSE,FALSE,FALSE
19_07,19,7,39365,10.934722222222222,1979.657055760193,104.43795249587197,38.31830306109488,FALSE,FALSE,FALSE
19_08,19,8,43457,12.071388888888889,2046.9061371010425,86.651172423315,35.70425938283821,FALSE,FALSE,FALSE
19_09,19,9,42515,11.809722222222222,1217.640832647301,151.57003410560978,44.20087028107727,FALSE,FALSE,FALSE
19_10,19,10,52186,14.49611111111111,2331.5908481201855,112.03004637259035,51.66903000804814,FALSE,FALSE,FALSE
19_11,19,11,43317,12.0325,2334.344483690006,125.16102223145647,62.74672761271556,FALSE,FALSE,FALSE
19_12,19,12,46278,12.855,2438.8953714507975,127.49902761571373,70.78957604045118,FALSE,FALSE,FALSE
19_13,19,13,46374,12.881666666666666,2464.587915642386,190.89144779402253,87.33341958856256,FALSE,TRUE,FALSE
19_14,19,14,42710,11.863888888888889,3054.0575977522826,189.81971435261062,99.71435261062983,TRUE,TRUE,FALSE
19_15,19,15,40220,11.172222222222222,2413.6648433615114,172.83938339134758,79.03530581800099,FALSE,FALSE,FALSE
19_16,19,16,42006,11.668333333333333,2459.2201114126556,234.22368233109557,117.2403942293958,FALSE,TRUE,FALSE
19_17,19,17,39958,11.099444444444444,2249.3918614545273,179.01796886731069,92.43705891185745,FALSE,FALSE,FALSE
20_06,20,6,57600,16,1146.5,37.75,12.6875,FALSE,FALSE,FALSE
20_07,20,7,57600,16,2033.8125,49.5,22.6875,FALSE,FALSE,FALSE
20_08,20,8,57600,16,1240.0625,51.9375,19.4375,FALSE,FALSE,FALSE
20_09,20,9,57600,16,781,32.25,9.1875,FALSE,FALSE,FALSE
20_10,20,10,57600,16,1261.4375,47.1875,21.1875,FALSE,FALSE,FALSE
20_11,20,11,57600,16,1305.0625,71.9375,25.5625,FALSE,FALSE,FALSE
20_12,20,12,57600,16,765.1875,74.8125,21.125,FALSE,FALSE,FALSE
20_13,20,13,57600,16,1212.375,124,46.875,FALSE,FALSE,FALSE
20_14,20,14,57600,16,624.3125,46.6875,13.75,FALSE,FALSE,FALSE
20_15,20,15,57600,16,825.0625,80.1875,24.375,FALSE,FALSE,FALSE
20_16,20,16,57600,16,1900.75,91.75,43.9375,FALSE,FALSE,FALSE
20_17,20,17,57600,16,1849.625,197.125,66.6875,FALSE,FALSE,FALSE
21_06,21,6,51259,14.238611111111112,1316.7716888741488,139.26920150607697,30.69119569246376,FALSE,FALSE,FALSE
21_07,21,7,41620,11.561111111111112,1733.8298894762133,163.65209034118212,38.75060067275348,FALSE,FALSE,FALSE
21_08,21,8,46068,12.796666666666667,1322.453764001042,190.51836415733263,46.18390205782756,FALSE,FALSE,FALSE
21_09,21,9,50901,14.139166666666666,721.9661696233866,86.28514174574174,15.135262568515353,FALSE,FALSE,FALSE
21_10,21,10,41977,11.660277777777777,689.0058841746671,98.79696024013151,16.894966291064154,FALSE,FALSE,FALSE
21_11,21,11,37558,10.432777777777778,813.0145375153096,164.6733052878215,30.768411523510302,FALSE,FALSE,FALSE
21_12,21,12,30455,8.459722222222222,1416.7131833853225,224.94828435396488,64.42291906090954,FALSE,FALSE,FALSE
21_13,21,13,36736,10.204444444444444,1730.4224738675957,135.62717770034843,43.41245644599303,FALSE,FALSE,FALSE
21_14,21,14,19820,5.5055555555555555,1624.904137235116,240.12108980827446,65.93340060544904,FALSE,FALSE,FALSE
21_15,21,15,45124,12.534444444444444,1869.5683006825636,162.8313092810921,54.64941051325237,FALSE,FALSE,FALSE
21_16,21,16,41450,11.51388888888889,874.6827503015681,89.02291917973461,20.323281061519904,FALSE,FALSE,FALSE
21_17,21,17,37170,10.325,1176.852300242131,213.07506053268767,63.147699757869255,FALSE,FALSE,FALSE
22_06,22,6,52623,14.6175,774.0721737643236,100.70121429793056,15.324097827945955,FALSE,FALSE,FALSE
22_07,22,7,51740,14.372222222222222,1730.4213374565134,91.56551990722845,24.909161190568227,FALSE,FALSE,FALSE
22_08,22,8,50660,14.072222222222223,631.6699565732333,102.25819186735096,9.593367548361627,FALSE,FALSE,FALSE
22_10,22,10,50889,14.135833333333334,622.3899074456169,98.33166303130342,11.248010375523197,FALSE,FALSE,FALSE
22_11,22,11,48046,13.346111111111112,665.7370020397119,113.29142904716313,16.184489863880447,FALSE,FALSE,FALSE
22_12,22,12,47469,13.185833333333333,631.7386083549264,117.92959615749226,19.86980977058712,FALSE,FALSE,FALSE
22_13,22,13,40741,11.316944444444445,982.3322942490365,216.224442208095,30.57362362239513,FALSE,FALSE,FALSE
22_14,22,14,41746,11.596111111111112,1023.2740861399894,160.2261294495281,32.252191826761845,FALSE,FALSE,FALSE
22_15,22,15,43061,11.961388888888889,573.0103806228374,140.0339053900281,22.07101553609995,FALSE,FALSE,FALSE
22_16,22,16,43990,12.219444444444445,1272.480109115708,160.23641736758353,31.588997499431688,FALSE,FALSE,FALSE
22_17,22,17,42827,11.89638888888889,1061.5826464613444,190.89826511312955,45.64410301912345,FALSE,FALSE,FALSE
23_06,23,6,57600,16,688.8125,81.5625,15.3125,FALSE,FALSE,FALSE
23_07,23,7,57600,16,1291.5625,69.375,17.5,FALSE,FALSE,FALSE
23_08,23,8,57600,16,929.5,135.875,28.3125,FALSE,FALSE,FALSE
23_09,23,9,57600,16,755.0625,79,16.9375,FALSE,FALSE,FALSE
23_10,23,10,57600,16,878.8125,68.125,13.1875,FALSE,FALSE,FALSE
23_11,23,11,57600,16,1027.375,102.625,26.1875,FALSE,FALSE,FALSE
23_12,23,12,57600,16,767.3125,74.125,15.875,FALSE,FALSE,FALSE
23_13,23,13,57600,16,814.375,117.125,24,FALSE,FALSE,FALSE
23_14,23,14,57600,16,945.75,114.5625,25.8125,FALSE,FALSE,FALSE
23_15,23,15,57600,16,1556.25,140.625,34.3125,FALSE,FALSE,FALSE
23_16,23,16,57600,16,719.4375,76.875,18.3125,FALSE,FALSE,FALSE
23_17,23,17,57600,16,785.8125,81.125,15.5625,FALSE,FALSE,FALSE
25_06,25,6,45968,12.768888888888888,1923.7382526975289,48.47720153150018,18.090845805777935,FALSE,FALSE,FALSE
25_07,25,7,41391,11.4975,393.12894107414655,146.81452489671668,23.309415090237007,FALSE,FALSE,FALSE
25_08,25,8,23416,6.504444444444444,1185.0358729074137,112.07721216262385,17.06525452681927,FALSE,FALSE,FALSE
25_09,25,9,42845,11.901388888888889,566.4044812696931,11.763332944334229,3.6970474967907574,FALSE,FALSE,FALSE
25_10,25,10,46081,12.800277777777778,1482.9365682168357,110.07573620364141,21.796401987804085,FALSE,FALSE,FALSE
25_11,25,11,42153,11.709166666666667,558.7929684719949,145.69781510212798,21.009180841221266,FALSE,FALSE,FALSE
25_12,25,12,37015,10.281944444444445,247.9103066324463,100.85640956369039,10.114818316898553,FALSE,FALSE,FALSE
25_13,25,13,46202,12.83388888888889,598.4156530020346,69.81515951690403,19.401757499675337,FALSE,FALSE,FALSE
25_14,25,14,40839,11.344166666666666,1010.6515830456182,217.82120032322047,52.273562036288844,FALSE,FALSE,FALSE
25_15,25,15,36536,10.148888888888889,283.08517626450623,135.28574556601708,14.87847602364791,FALSE,FALSE,FALSE
25_16,25,16,44355,12.320833333333333,379.27629354075077,149.74636455867434,28.48833276969902,FALSE,FALSE,FALSE
25_17,25,17,37960,10.544444444444444,286.5964172813488,160.65331928345628,23.614330874604846,FALSE,FALSE,FALSE
26_06,26,6,57590,15.997222222222222,643.1116513283556,62.57336343115124,18.065636395207502,FALSE,FALSE,FALSE
26_07,26,7,57600,16,1081.125,46.4375,20.3125,FALSE,FALSE,FALSE
26_08,26,8,57600,16,742.125,58,15.8125,FALSE,FALSE,FALSE
26_09,26,9,57600,16,514.6875,25.9375,9.125,FALSE,FALSE,FALSE
26_10,26,10,57600,16,659.5625,60.0625,14.6875,FALSE,FALSE,FALSE
26_11,26,11,57600,16,732.5,49.625,11.625,FALSE,FALSE,FALSE
26_12,26,12,57600,16,672.625,65.625,20.875,FALSE,FALSE,FALSE
26_13,26,13,57600,16,922.0625,58.75,17.5,FALSE,FALSE,FALSE
26_14,26,14,57600,16,994.375,111.375,23.4375,FALSE,FALSE,FALSE
26_15,26,15,57600,16,733.5,113.1875,24.875,FALSE,FALSE,FALSE
26_16,26,16,57600,16,1177.375,81.875,28.0625,FALSE,FALSE,FALSE
26_17,26,17,57600,16,782.1875,110.375,30.125,FALSE,FALSE,FALSE
27_06,27,6,57600,16,1086.75,63.25,23.3125,FALSE,FALSE,FALSE
27_07,27,7,57600,16,2181.25,89.6875,34.6875,FALSE,FALSE,FALSE
27_08,27,8,57600,16,1021.8125,67.25,19.375,FALSE,FALSE,FALSE
27_09,27,9,57600,16,1079.125,108.625,30.875,FALSE,FALSE,FALSE
27_10,27,10,57600,16,1334.8125,196.9375,58.75,FALSE,FALSE,FALSE
27_11,27,11,57600,16,984.25,139.3125,38.5625,FALSE,FALSE,FALSE
27_12,27,12,57600,16,2061,164.9375,65.5,FALSE,FALSE,FALSE
27_13,27,13,57600,16,1699.9375,101.75,38.4375,FALSE,FALSE,FALSE
27_14,27,14,57600,16,1294.8125,104.5,45.5625,FALSE,FALSE,FALSE
27_15,27,15,57600,16,1804.6875,106.8125,43.0625,FALSE,FALSE,FALSE
27_16,27,16,57600,16,2107.75,132.4375,67.375,FALSE,FALSE,FALSE
27_17,27,17,57600,16,1330.0625,103.25,38.25,FALSE,FALSE,FALSE
28_06,28,6,43520,12.088888888888889,574.3290441176471,64.6875,17.536764705882355,FALSE,FALSE,FALSE
28_07,28,7,43914,12.198333333333334,479.4917338434212,17.953272304959693,5.3285968028419175,FALSE,FALSE,FALSE
28_08,28,8,40687,11.301944444444445,518.4063705851992,14.068375648241453,3.6276943495465384,FALSE,FALSE,FALSE
28_09,28,9,50721,14.089166666666667,1480.4992015141656,24.77080499201514,11.5691725320873,FALSE,FALSE,FALSE
28_10,28,10,47159,13.099722222222223,1035.4418032613075,13.511736890095209,5.496299751903136,FALSE,FALSE,FALSE
28_11,28,11,38448,10.68,430.5243445692884,56.647940074906366,10.674157303370787,FALSE,FALSE,FALSE
28_12,28,12,44743,12.428611111111111,969.0543772210178,74.02275216234942,25.747044230382404,FALSE,FALSE,FALSE
28_13,28,13,39712,11.03111111111111,894.0169218372281,41.24697824335214,13.416599516518938,FALSE,FALSE,FALSE
28_14,28,14,37235,10.343055555555555,1558.4369544783135,64.48771317308984,27.651403249630725,FALSE,FALSE,FALSE
28_15,28,15,34082,9.467222222222222,1368.8281204154684,109.43019775834752,38.23719265301332,FALSE,FALSE,FALSE
28_16,28,16,40000,11.11111111111111,1328.22,89.73,33.03,FALSE,FALSE,FALSE
28_17,28,17,57600,16,365.9375,56.0625,12.0625,FALSE,FALSE,FALSE
29_06,29,6,50685,14.079166666666667,1325.8597218111868,149.2986090559337,43.04232021308079,FALSE,FALSE,FALSE
29_07,29,7,47564,13.212222222222222,1606.6184509292743,99.37768059877219,31.94012278193592,FALSE,FALSE,FALSE
29_08,29,8,56724,15.756666666666666,2673.408081235456,132.00761582398985,65.05182991326423,FALSE,FALSE,FALSE
29_09,29,9,43515,12.0875,996.4012409513961,152.38883143743536,39.29679420889348,FALSE,FALSE,FALSE
29_10,29,10,46826,13.007222222222222,1805.766027420664,63.88758382095418,22.756588220219538,FALSE,FALSE,FALSE
29_11,29,11,36951,10.264166666666666,1460.3231306324592,155.00527725907284,46.66720792400747,FALSE,FALSE,FALSE
29_12,29,12,45114,12.531666666666666,1418.8854900917677,111.87657933235803,35.51004122888682,FALSE,FALSE,FALSE
29_13,29,13,40858,11.349444444444444,949.3856772235548,128.64065788829606,24.670811101864995,FALSE,FALSE,FALSE
29_14,29,14,35809,9.946944444444444,1190.7174174090312,144.3659415230808,47.351224552486805,FALSE,FALSE,FALSE
29_15,29,15,41636,11.565555555555555,1194.754539340955,134.450955903545,41.76193678547411,FALSE,FALSE,FALSE
29_16,29,16,44096,12.248888888888889,1020.8272859216255,226.30624092888243,51.351596516690854,FALSE,FALSE,FALSE
29_17,29,17,38613,10.725833333333334,1532.748038225468,214.80848418926266,75.05244347758527,FALSE,FALSE,FALSE
30_06,30,6,57600,16,1008.25,34.25,11.25,FALSE,FALSE,FALSE
30_07,30,7,57600,16,1079.375,34.1875,13.9375,FALSE,FALSE,FALSE
30_08,30,8,57600,16,2405.8125,45.125,23.5,FALSE,FALSE,FALSE
30_09,30,9,57600,16,1275.625,53.6875,20.5,FALSE,FALSE,FALSE
30_10,30,10,57600,16,1923.8125,54,23.6875,FALSE,FALSE,FALSE
30_11,30,11,57600,16,1184.5,47.125,13.375,FALSE,FALSE,FALSE
30_12,30,12,57534,15.981666666666667,895.588695380123,11.638335592866826,5.819167796433413,FALSE,FALSE,FALSE
30_13,30,13,57600,16,990.625,71.9375,22.5,FALSE,FALSE,FALSE
30_14,30,14,57600,16,1489.5,89.375,38.9375,FALSE,FALSE,FALSE
30_15,30,15,57600,16,1270.75,59.1875,24,FALSE,FALSE,FALSE
30_16,30,16,57600,16,1688.8125,69.875,29.125,FALSE,FALSE,FALSE
30_17,30,17,57600,16,983.75,54.1875,21.1875,FALSE,FALSE,FALSE
31_06,31,6,57600,16,2044.4375,111.3125,39.0625,FALSE,FALSE,FALSE
31_07,31,7,57600,16,678.0625,64.25,14,FALSE,FALSE,FALSE
31_08,31,8,57600,16,1091.6875,104.6875,24.1875,FALSE,FALSE,FALSE
31_09,31,9,57600,16,1441.3125,113.6875,39.5,FALSE,FALSE,FALSE
31_10,31,10,57600,16,1250,87.125,26.5,FALSE,FALSE,FALSE
31_11,31,11,57600,16,2204.1875,78.6875,36.0625,FALSE,FALSE,FALSE
31_12,31,12,57600,16,1886.0625,113.75,45.6875,FALSE,FALSE,FALSE
31_13,31,13,57600,16,825.25,102.3125,21.625,FALSE,FALSE,FALSE
31_14,31,14,57600,16,552.375,29.4375,10.3125,FALSE,FALSE,FALSE
31_15,31,15,57600,16,879.125,135.25,31.1875,FALSE,FALSE,FALSE
31_16,31,16,57600,16,878.25,63.125,26,FALSE,FALSE,FALSE
31_17,31,17,57600,16,903.25,119.5,33.3125,FALSE,FALSE,FALSE
32_06,32,6,57600,16,1258.5625,69,22.75,FALSE,FALSE,FALSE
32_07,32,7,57600,16,1899.875,35.3125,13.5,FALSE,FALSE,FALSE
32_08,32,8,57600,16,1354.5,45.1875,18.25,FALSE,FALSE,FALSE
32_09,32,9,57600,16,1180.125,63.8125,15.8125,FALSE,FALSE,FALSE
32_10,32,10,57600,16,756.4375,66.1875,15.1875,FALSE,FALSE,FALSE
32_11,32,11,57600,16,1094.8125,45.75,15.625,FALSE,FALSE,FALSE
32_12,32,12,57600,16,1174.0625,38.875,13.1875,FALSE,FALSE,FALSE
32_13,32,13,57600,16,266.5625,5.8125,1.375,FALSE,FALSE,FALSE
32_14,32,14,57600,16,1308.1875,46.875,12.9375,FALSE,FALSE,FALSE
32_15,32,15,57600,16,773.375,60.375,14.25,FALSE,FALSE,FALSE
32_16,32,16,57600,16,723.8125,133.375,29.9375,FALSE,FALSE,FALSE
32_17,32,17,57600,16,485.125,54.8125,12.5,FALSE,FALSE,FALSE
33_06,33,6,48023,13.339722222222223,1602.3572038398268,136.50958915519647,48.05197509526685,FALSE,FALSE,FALSE
33_07,33,7,48075,13.354166666666666,2771.719188767551,162.49609984399376,70.31513260530421,FALSE,TRUE,FALSE
33_08,33,8,46473,12.909166666666666,1567.3358724420632,230.0690723645988,51.97856820089084,FALSE,FALSE,FALSE
33_09,33,9,49173,13.659166666666666,1806.6255872124948,144.07906778109938,53.07790860838265,FALSE,FALSE,FALSE
33_10,33,10,46390,12.886111111111111,1723.017891787023,149.54084932097436,39.655098081483075,FALSE,FALSE,FALSE
33_11,33,11,48074,13.35388888888889,498.2069309814037,114.79801971959895,18.79602279818613,FALSE,FALSE,FALSE
33_12,33,12,45692,12.692222222222222,2337.9672590387813,183.49820537512036,74.84898888208002,FALSE,FALSE,FALSE
33_13,33,13,45410,12.613888888888889,1944.3646773838361,173.9352565514204,70.7949790794979,FALSE,FALSE,FALSE
33_14,33,14,50536,14.037777777777778,1938.3409846446098,226.958999525091,90.61263257875574,FALSE,FALSE,FALSE
33_15,33,15,37160,10.322222222222223,2203.982777179763,496.98600645855754,138.05166846071043,FALSE,TRUE,TRUE
33_16,33,16,34255,9.515277777777778,2849.417603269596,172.77477740475842,77.87476280834915,FALSE,FALSE,FALSE
33_17,33,17,47052,13.07,2458.76052027544,200.76511094108645,103.5195103289977,FALSE,FALSE,FALSE
34_06,34,6,57600,16,187.4375,65.1875,5.4375,FALSE,FALSE,FALSE
34_07,34,7,57600,16,814.875,101.1875,22.4375,FALSE,FALSE,FALSE
34_08,34,8,57600,16,641.75,82.4375,13.9375,FALSE,FALSE,FALSE
34_09,34,9,57600,16,354,81.5625,7.25,FALSE,FALSE,FALSE
34_10,34,10,57600,16,467.75,69.75,13.4375,FALSE,FALSE,FALSE
34_11,34,11,31492,8.747777777777777,439.5402006858885,78.87717515559507,11.888733646640418,FALSE,FALSE,FALSE
34_12,34,12,26858,7.460555555555556,374.6369796708616,194.89165239407254,25.467272321096136,FALSE,FALSE,FALSE
34_13,34,13,26507,7.3630555555555555,176.28550948805977,110.95936922322406,14.26038404949636,FALSE,FALSE,FALSE
34_14,34,14,29208,8.113333333333333,388.24979457682826,72.96631059983567,13.927691043549713,FALSE,FALSE,FALSE
34_15,34,15,24832,6.897777777777778,1285.9213917525774,143.81443298969072,46.391752577319586,FALSE,FALSE,FALSE
34_16,34,16,29700,8.25,857.6969696969697,152.4848484848485,31.151515151515152,FALSE,FALSE,FALSE
34_17,34,17,30688,8.524444444444445,592.0620437956204,98.65745568300312,18.41762252346194,FALSE,FALSE,FALSE
35_06,35,6,42426,11.785,958.0823080186677,248.36656767076792,38.18413237165889,FALSE,FALSE,TRUE
35_07,35,7,42429,11.785833333333333,1722.0674538641024,118.95637417803862,37.84204199957576,FALSE,FALSE,FALSE
35_08,35,8,43295,12.026388888888889,1309.2042961080956,92.79593486545791,24.778842822496824,FALSE,FALSE,FALSE
35_09,35,9,40255,11.181944444444444,1334.025586883617,103.29151658179109,26.560675692460567,FALSE,FALSE,FALSE
35_10,35,10,43795,12.165277777777778,996.6891197625299,63.54150017125242,20.139285306541844,FALSE,FALSE,FALSE
35_11,35,11,38869,10.796944444444444,800.2264015024828,91.04427693020145,19.82042244462168,FALSE,FALSE,FALSE
35_12,35,12,48103,13.361944444444445,1288.8094297652951,136.7315967819055,39.3655281375382,FALSE,FALSE,FALSE
35_13,35,13,34432,9.564444444444444,1562.0353159851302,91.58921933085503,37.43029739776952,FALSE,FALSE,FALSE
35_14,35,14,41611,11.55861111111111,1216.841700511884,239.7346855398813,61.59909639278076,FALSE,FALSE,FALSE
35_15,35,15,37675,10.465277777777779,1031.3151957531518,73.48108825481087,29.621765096217647,FALSE,FALSE,FALSE
35_16,35,16,47357,13.154722222222222,1649.293663027641,113.57138332242329,43.25442912346644,FALSE,FALSE,FALSE
35_17,35,17,43587,12.1075,1942.6801569275242,195.99421845963246,61.03654759446624,FALSE,FALSE,FALSE
36_06,36,6,40342,11.206111111111111,2442.9527539536957,60.23499082841703,28.109662386594614,FALSE,FALSE,FALSE
36_07,36,7,47046,13.068333333333333,1493.6105088636652,107.81788037240148,30.149215661267696,FALSE,FALSE,FALSE
36_08,36,8,40573,11.270277777777778,2225.94336134868,52.43881398959899,19.786557562911295,FALSE,FALSE,FALSE
36_09,36,9,41777,11.604722222222222,1731.019460468679,108.74883308997774,30.590995045120522,FALSE,FALSE,FALSE
36_10,36,10,43906,12.196111111111112,841.4157518334623,66.9065731335125,17.382590078804718,FALSE,FALSE,FALSE
36_11,36,11,43525,12.090277777777779,930.7478460654795,112.23894313612865,23.820792647903502,FALSE,FALSE,FALSE
36_12,36,12,43534,12.092777777777778,609.0412091698443,128.58914871135204,21.748518399411953,FALSE,FALSE,FALSE
36_13,36,13,38510,10.697222222222223,1444.674110620618,148.91716437289014,37.67333160218125,FALSE,FALSE,FALSE
36_14,36,14,42778,11.882777777777777,1087.624479872832,157.95969891065502,25.49908831642433,FALSE,FALSE,FALSE
36_15,36,15,43128,11.98,728.0467445742904,111.60267111853088,17.195325542570952,FALSE,FALSE,FALSE
36_16,36,16,43724,12.145555555555555,1574.897081694264,113.0454670204007,37.95627115542951,FALSE,FALSE,FALSE
36_17,36,17,43117,11.976944444444445,1454.3776236751164,158.88860542245516,43.500243523436225,FALSE,FALSE,FALSE
37_06,37,6,57600,16,1194.625,41.875,14.0625,FALSE,FALSE,FALSE
37_07,37,7,57600,16,974.5625,120.4375,30.875,FALSE,FALSE,FALSE
37_08,37,8,57600,16,617.3125,118.125,25.1875,FALSE,FALSE,FALSE
37_09,37,9,57600,16,617.25,56.9375,17.125,FALSE,FALSE,FALSE
37_10,37,10,57600,16,709.875,67.375,19.5,FALSE,FALSE,FALSE
37_11,37,11,57600,16,718.625,184.25,37.75,FALSE,FALSE,FALSE
37_12,37,12,57600,16,861.875,85.9375,30.75,FALSE,FALSE,FALSE
37_13,37,13,57600,16,536.9375,75.375,19.8125,FALSE,FALSE,FALSE
37_14,37,14,57600,16,569.25,97.6875,23.5,FALSE,FALSE,FALSE
37_15,37,15,57600,16,800.4375,153.75,37.25,FALSE,FALSE,FALSE
37_16,37,16,57600,16,625.625,93.5625,22.4375,FALSE,FALSE,FALSE
37_17,37,17,57600,16,730.8125,121.8125,29.875,FALSE,FALSE,FALSE
38_06,38,6,47362,13.15611111111111,2057.9789704826653,173.60753346564758,58.52793378657996,FALSE,FALSE,FALSE
38_07,38,7,46491,12.914166666666667,2207.111053752339,176.3954313738143,58.61779699296638,FALSE,FALSE,FALSE
38_08,38,8,43651,12.125277777777777,3250.399761746581,223.74745137568442,94.9256603514238,FALSE,TRUE,FALSE
38_09,38,9,48848,13.568888888888889,960.6534556174255,143.26891582050442,31.984932852931543,FALSE,FALSE,FALSE
38_10,38,10,57600,16,1494,110,42,FALSE,FALSE,FALSE
38_11,38,11,48470,13.463888888888889,1441.0398184443986,189.24695688054467,57.78419641015061,FALSE,FALSE,FALSE
38_12,38,12,47071,13.075277777777778,1162.2697626989016,151.96617875124812,40.68747211658983,FALSE,FALSE,FALSE
38_13,38,13,46946,13.040555555555555,2591.3006432922934,192.0163592212329,77.83410727218507,FALSE,FALSE,FALSE
38_14,38,14,46644,12.956666666666667,1579.9588371494726,173.50141497298688,59.73758682788783,FALSE,FALSE,FALSE
38_15,38,15,55758,15.488333333333333,2465.6623264822983,130.03335844183795,57.91455934574411,FALSE,FALSE,FALSE
38_16,38,16,48058,13.349444444444444,2067.2021307586665,262.3330142744184,95.58450206001082,FALSE,FALSE,FALSE
38_17,38,17,50398,13.999444444444444,2411.5242668359856,224.93749751974283,89.00353188618595,FALSE,FALSE,FALSE
39_06,39,6,40401,11.2225,1776.0748496324347,57.295611494764984,21.742036088215638,FALSE,FALSE,FALSE
39_07,39,7,39238,10.899444444444445,2433.518527957592,92.02303889087109,37.157857179264994,FALSE,FALSE,FALSE
39_08,39,8,46272,12.853333333333333,829.201244813278,15.560165975103734,6.613070539419087,FALSE,FALSE,FALSE
39_09,39,9,43440,12.066666666666666,2209.6408839779006,43.50828729281768,13.093922651933703,FALSE,FALSE,FALSE
39_10,39,10,47063,13.073055555555555,1524.2802201304635,107.70244140832502,28.914433843996346,FALSE,FALSE,FALSE
39_11,39,11,32401,9.000277777777777,767.9762970278696,11.88852195919879,3.6665535014351414,FALSE,FALSE,FALSE
39_12,39,12,44607,12.390833333333333,1014.4596139619342,22.032416436882105,5.568632725805367,FALSE,FALSE,FALSE
39_13,39,13,24274,6.7427777777777775,524.116338469144,10.23317129438906,2.6695229463623633,FALSE,FALSE,FALSE
39_14,39,14,39576,10.993333333333334,1107.8532443905397,22.922983626440264,5.457853244390539,FALSE,FALSE,FALSE
39_15,39,15,37316,10.365555555555556,1147.2612284274842,21.417086504448495,6.270768571122306,FALSE,FALSE,FALSE
39_16,39,16,42807,11.890833333333333,747.8870278225525,106.80496180531222,19.847221248861167,FALSE,FALSE,FALSE
39_17,39,17,35150,9.76388888888889,592.8990042674253,62.57752489331436,13.109530583214793,FALSE,FALSE,FALSE
40_06,40,6,46178,12.827222222222222,1278.0631469530945,197.93841223093247,46.07388799861406,FALSE,FALSE,FALSE
40_07,40,7,57600,16,951.3125,131.0625,34.3125,FALSE,FALSE,FALSE
40_08,40,8,57600,16,1067.875,121.5,25.125,FALSE,FALSE,FALSE
40_09,40,9,57600,16,878.5,142.6875,32.375,FALSE,FALSE,FALSE
40_10,40,10,57600,16,1081.875,193.6875,41.4375,FALSE,FALSE,FALSE
40_11,40,11,57600,16,446.5,38,11.6875,FALSE,FALSE,FALSE
40_12,40,12,57600,16,1187,203.875,58.3125,FALSE,FALSE,FALSE
40_13,40,13,57600,16,555.1875,157.1875,24.5625,FALSE,FALSE,FALSE
40_14,40,14,49624,13.784444444444444,893.6159922618087,123.7626954699339,33.443495083024345,FALSE,FALSE,FALSE
40_15,40,15,57600,16,835.0625,125.5625,35.1875,FALSE,FALSE,FALSE
40_16,40,16,57600,16,1055.3125,102.4375,26.375,FALSE,FALSE,FALSE
40_17,40,17,52071,14.464166666666667,643.3830731117129,170.90511033012618,28.760730540992107,FALSE,FALSE,FALSE
41_06,41,6,57600,16,1642.0625,76.875,29,FALSE,FALSE,FALSE
41_07,41,7,57600,16,808.4375,97.25,21.125,FALSE,FALSE,FALSE
41_08,41,8,57600,16,1081.8125,117.5,28.1875,FALSE,FALSE,FALSE
41_09,41,9,57600,16,974.875,83.375,23.5625,FALSE,FALSE,FALSE
41_10,41,10,57600,16,1419.5625,82.625,29.0625,FALSE,FALSE,FALSE
41_11,41,11,57600,16,1142,181.125,50.4375,FALSE,FALSE,FALSE
41_12,41,12,57600,16,960.5625,62.5625,20.875,FALSE,FALSE,FALSE
41_13,41,13,57600,16,1408.875,190.9375,52.25,FALSE,FALSE,FALSE
41_14,41,14,57600,16,1087.0625,107,32.5625,FALSE,FALSE,FALSE
41_15,41,15,57600,16,1388.125,149.75,44.5,FALSE,FALSE,FALSE
41_16,41,16,57600,16,1029.0625,116.0625,35.4375,FALSE,FALSE,FALSE
41_17,41,17,57600,16,1282.75,104.5,35.625,FALSE,FALSE,FALSE
42_06,42,6,57600,16,1899.5,145.5,46.5625,FALSE,FALSE,FALSE
42_07,42,7,57600,16,670.9375,70.75,17.3125,FALSE,FALSE,FALSE
42_08,42,8,57600,16,939.5625,103.4375,25.75,FALSE,FALSE,FALSE
42_09,42,9,57600,16,853.375,97.875,27.625,FALSE,FALSE,FALSE
42_10,42,10,57600,16,1201.25,96.25,29.9375,FALSE,FALSE,FALSE
42_11,42,11,57600,16,1111,129.5625,38.625,FALSE,FALSE,FALSE
42_12,42,12,57600,16,932.3125,113.625,33.6875,FALSE,FALSE,FALSE
42_13,42,13,57600,16,1578.375,123.5,41.1875,FALSE,FALSE,FALSE
42_14,42,14,57600,16,1626.5625,183.625,56.375,FALSE,FALSE,FALSE
42_15,42,15,57600,16,930.6875,88.5,24.3125,FALSE,FALSE,FALSE
42_16,42,16,57600,16,1378.9375,196.1875,62.5625,FALSE,FALSE,FALSE
42_17,42,17,57600,16,1155.1875,130.4375,42.3125,FALSE,FALSE,FALSE
43_06,43,6,38401,10.666944444444445,2410.7184708731543,77.52923100960912,31.030441915575114,FALSE,FALSE,FALSE
43_07,43,7,54478,15.132777777777777,1065.4355886779986,74.40801791548883,23.525092697969825,FALSE,FALSE,FALSE
43_08,43,8,45838,12.732777777777779,1284.0874383699113,88.27610279680614,25.367598935381125,FALSE,FALSE,FALSE
43_09,43,9,56999,15.833055555555555,1153.157072931104,77.36977841716522,20.589834909384376,FALSE,FALSE,FALSE
43_10,43,10,50684,14.078888888888889,1331.4971194065188,77.06574066766632,30.82629626706653,FALSE,FALSE,FALSE
43_11,43,11,47893,13.303611111111111,1407.512580126532,98.77017518217693,34.42674294782118,FALSE,FALSE,FALSE
43_12,43,12,41274,11.465,1769.9084169210641,150.19624945486262,59.659834278238115,FALSE,FALSE,FALSE
43_13,43,13,45181,12.550277777777778,987.0697859719794,126.05298687501383,31.393727451804963,FALSE,FALSE,FALSE
43_14,43,14,43156,11.987777777777778,1361.8871072388545,118.62081749930485,44.87904347020113,FALSE,FALSE,FALSE
43_15,43,15,42475,11.79861111111111,1205.3961153619778,121.11595055915245,39.07239552678046,FALSE,FALSE,FALSE
43_16,43,16,45872,12.742222222222223,1049.1890477851412,71.18067666550401,26.604464597139867,FALSE,FALSE,FALSE
43_17,43,17,47250,13.125,1807.6190476190477,160.83809523809524,57.44761904761905,FALSE,FALSE,FALSE
44_06,44,6,57600,16,278.0625,56.625,5.5625,FALSE,FALSE,FALSE
44_07,44,7,39725,11.034722222222221,876.8684707363122,130.6784140969163,19.665198237885463,FALSE,FALSE,FALSE
44_08,44,8,43622,12.117222222222223,337.86621429553895,91.10999037183072,7.757553528036311,FALSE,FALSE,FALSE
44_09,44,9,40095,11.1375,947.250280583614,98.49607182940517,16.251402918069587,FALSE,FALSE,FALSE
44_10,44,10,57600,16,510.75,74.5,9.75,FALSE,FALSE,FALSE
44_11,44,11,45652,12.681111111111111,475.2738105668974,85.00832384123368,8.832033645842461,FALSE,FALSE,FALSE
44_12,44,12,41404,11.501111111111111,315.8825234276881,132.68283257656265,13.390010626992561,FALSE,FALSE,FALSE
44_13,44,13,46806,13.001666666666667,1057.8643763620048,139.4436610690937,29.611588257915653,FALSE,FALSE,FALSE
44_14,44,14,40144,11.151111111111112,454.8425667596652,67.70625747309685,13.092865683539259,FALSE,FALSE,FALSE
44_15,44,15,33907,9.418611111111112,1212.386822779957,197.90603710148346,40.45182410711652,FALSE,FALSE,FALSE
44_16,44,16,37328,10.36888888888889,629.9614230604371,126.82168881268751,23.242606086583795,FALSE,FALSE,FALSE
44_17,44,17,33606,9.335,598.393144081414,128.22710230316014,21.960364220674876,FALSE,FALSE,FALSE
45_06,45,6,45796,12.721111111111112,926.0197397152589,65.63892042973185,16.743820420997466,FALSE,FALSE,FALSE
45_07,45,7,38101,10.58361111111111,1023.1857431563476,86.83236660455107,18.991627516338156,FALSE,FALSE,FALSE
45_08,45,8,50055,13.904166666666667,1350.4584956547797,83.21246628708421,18.483667965238237,FALSE,FALSE,FALSE
45_09,45,9,50458,14.016111111111112,301.22478100598516,55.22216496888501,9.48908002695311,FALSE,FALSE,FALSE
45_10,45,10,19112,5.308888888888889,182.14734198409374,63.478442863122645,3.01381331100879,FALSE,FALSE,FALSE
45_11,45,11,57600,16,364.9375,54.8125,10.875,FALSE,FALSE,FALSE
45_12,45,12,44279,12.299722222222222,463.18119198717227,85.2864789177714,15.61010862937284,FALSE,FALSE,FALSE
45_13,45,13,48842,13.567222222222222,848.2945006346996,69.579460300561,17.837107407559067,FALSE,FALSE,FALSE
45_14,45,14,45346,12.596111111111112,677.7488642879196,73.27658448374719,19.609226833678825,FALSE,FALSE,FALSE
45_15,45,15,41709,11.585833333333333,336.10012227576783,95.63403581960728,12.601596777673883,FALSE,FALSE,FALSE
45_16,45,16,40859,11.349722222222223,534.02188012433,86.3457255439438,14.537800729337476,FALSE,FALSE,FALSE
45_17,45,17,33982,9.439444444444444,885.4334647754695,80.40727443940911,22.670825731269495,FALSE,FALSE,FALSE
46_06,46,6,40291,11.191944444444445,809.6895088233103,118.29937206820381,25.911493882008386,FALSE,FALSE,FALSE
46_07,46,7,38550,10.708333333333334,1012.4824902723735,165.2918287937743,37.63424124513619,FALSE,FALSE,FALSE
46_08,46,8,38246,10.623888888888889,1390.5454165141452,141.47361815614704,30.779689379281493,FALSE,FALSE,FALSE
46_09,46,9,40521,11.255833333333333,2579.2848152809656,166.5802917005997,53.3056933441919,FALSE,FALSE,FALSE
46_10,46,10,39423,10.950833333333334,640.1339319686477,123.82619283159576,30.408644699794536,FALSE,FALSE,FALSE
46_11,46,11,57600,16,593.0625,209.375,36.4375,FALSE,FALSE,FALSE
46_12,46,12,39272,10.908888888888889,963.1595029537584,151.25280097779589,36.20900387044205,FALSE,FALSE,FALSE
46_13,46,13,44574,12.381666666666666,967.2365055862163,141.58029344460897,41.67451877776282,FALSE,FALSE,FALSE
46_14,46,14,38563,10.711944444444445,1100.6405103337395,151.79316961854627,44.43637683790161,FALSE,FALSE,FALSE
46_15,46,15,39114,10.865,1304.6479521398987,168.70685687988956,52.36999539806719,FALSE,FALSE,FALSE
46_16,46,16,39534,10.981666666666667,1742.1763545302776,185.85521323417817,67.56715738351798,FALSE,FALSE,FALSE
46_17,46,17,40864,11.351111111111111,500.920125293657,68.98003132341425,17.178935003915427,FALSE,FALSE,FALSE
01_sf5,01,54,57599.99,15.999997222222222,722.6982504684463,156.87502723524779,34.937506065539246,FALSE,FALSE,FALSE
02_sf5,02,54,57599.99,15.999997222222222,2229.1935120127628,121.25002105035088,40.875007096355404,FALSE,FALSE,FALSE
03_sf5,03,54,57599.99,15.999997222222222,1704.9952960061278,228.75003971354857,63.625011046008865,FALSE,FALSE,FALSE
06_sf5,06,54,57599.99,15.999997222222222,1219.9727118008182,236.5000410590349,47.312508213977125,FALSE,FALSE,FALSE
07_sf5,07,54,57599.99,15.999997222222222,1297.4433502505817,209.7500364149369,58.87501022135594,FALSE,FALSE,FALSE
08_sf5,08,54,46762.74,12.98965,2571.0561870412216,329.57008079509455,103.0050848175278,FALSE,FALSE,FALSE
09_sf5,09,54,57599.99,15.999997222222222,1167.2133276412028,218.62503795573576,72.81251264106123,FALSE,FALSE,FALSE
10_sf5,10,54,57599.99,15.999997222222222,1206.212709411929,273.06254740669226,40.50000703125122,FALSE,FALSE,FALSE
11_sf5,11,54,57599.99,15.999997222222222,3142.3967955549992,127.00002204861494,59.750010373265695,FALSE,FALSE,FALSE
12_sf5,12,54,9702.24,2.6950666666666665,1724.3432444466434,430.04502053134127,93.87522881314007,FALSE,FALSE,FALSE
13_sf5,13,54,57599.99,15.999997222222222,379.5831908998595,155.187526942279,21.187503678386054,FALSE,FALSE,FALSE
14_sf5,14,54,57599.99,15.999997222222222,1226.3058379003191,321.06255574002705,73.2500127170161,FALSE,FALSE,FALSE
16_sf5,16,54,57599.99,15.999997222222222,1211.213335280093,218.31253790148227,67.31251168619995,FALSE,FALSE,FALSE
17_sf5,17,54,57599.99,15.999997222222222,2631.153581797497,171.8125298285642,70.68751227213755,FALSE,FALSE,FALSE
18_sf5,18,54,57599.99,15.999997222222222,1621.4809065071017,351.0625609483613,69.12501200087014,FALSE,FALSE,FALSE
19_sf5,19,54,57599.99,15.999997222222222,2321.212277988243,176.00003055556087,62.18751079644285,FALSE,FALSE,FALSE
20_sf5,20,54,57599.99,15.999997222222222,1372.8271133380406,85.68751487630468,23.062504003906945,FALSE,FALSE,FALSE
22_sf5,22,54,57599.99,15.999997222222222,1034.0214295176092,255.00004427084102,39.68750689019217,FALSE,FALSE,FALSE
25_sf5,25,54,57599.99,15.999997222222222,1477.3965064924491,149.9375260308205,58.06251008029689,FALSE,FALSE,FALSE
27_sf5,27,54,57599.99,15.999997222222222,1240.9433404415522,420.25007296008215,80.062513899742,FALSE,FALSE,FALSE
28_sf5,28,54,57599.99,15.999997222222222,1216.9258362718467,176.12503057726227,56.87500987413366,FALSE,FALSE,FALSE
29_sf5,29,54,57599.99,15.999997222222222,1284.083347931137,148.2500257378517,38.250006640626154,FALSE,FALSE,FALSE
30_sf5,30,54,51469.18,14.296994444444444,1572.8214826814806,166.81827843381225,45.46410104066162,FALSE,FALSE,FALSE
31_sf5,31,54,57599.99,15.999997222222222,1705.5802961076904,287.5000499132031,84.37501464844004,FALSE,FALSE,FALSE
32_sf5,32,54,47295.24,13.137566666666666,1398.2528474324265,260.0938276240907,59.82843093723597,FALSE,FALSE,FALSE
33_sf5,33,54,57599.99,15.999997222222222,2700.907343907525,370.75006436633066,119.1250206814272,FALSE,FALSE,FALSE
35_sf5,35,54,41882.8,11.634111111111112,1234.3358132694088,342.7851051028107,68.84926509211418,FALSE,FALSE,FALSE
37_sf5,37,54,57599.99,15.999997222222222,1050.6970574126838,200.8125348632873,49.81250864800498,FALSE,FALSE,FALSE
38_sf5,38,54,57599.99,15.999997222222222,1963.8403409445036,281.81254892578977,81.81251420356149,FALSE,FALSE,FALSE
40_sf5,40,54,57599.99,15.999997222222222,1420.125246549522,244.0000423611185,54.06250938585232,FALSE,FALSE,FALSE
41_sf5,41,54,57599.99,15.999997222222222,1245.7058412683753,271.0000470486193,58.25001011284898,FALSE,FALSE,FALSE
42_sf5,42,54,57599.99,15.999997222222222,1449.4390016387156,358.0000621527886,78.75001367187738,FALSE,FALSE,FALSE
43_sf5,43,54,47871.86,13.297738888888889,2320.27867728557,434.0587560207604,90.16570486294036,FALSE,FALSE,FALSE
