"item","jj","delta_j","delta_j_q5","delta_j_q95","delta_j_rhat","delta_j_ess","emp_prod","n_obs","lambda","lambda_q5","lambda_q95"
"id:I",1,-0.62735707,-0.943433758,-0.303094718,1.00205746374842,7205.29174256293,0.356713426853707,499,0.74049233,0.643254747,0.846540691
"id:backyard",2,0.62334538,0.3334146485,0.93430059,1.00061628688757,8592.97120111811,0.256513026052104,499,0.94365263,0.8174011655,1.08952062
"id:couch",3,-0.1448766,-0.3845790775,0.1056277855,1.00160386452787,10028.6650836559,0.308617234468938,499,1.16425935,0.994185715,1.365339835
"id:her",4,2.009203,1.698281385,2.345360645,1.00284724333461,8206.80146259975,0.164328657314629,499,1.0420028,0.877007499,1.235441095
"id:his",5,2.46323535,2.16155804,2.79831265,1.00056372707346,8686.12190556682,0.138276553106212,499,1.06657095,0.8951302905,1.27400327
"id:it",6,0.434689955,0.146220178,0.7431481525,1.00004422084686,8214.83670644996,0.272545090180361,499,0.864434325,0.744645373,0.9945990375
"id:me",7,-1.42720595,-1.72783235,-1.10666624,0.999766113349531,8532.09146463316,0.420841683366733,499,0.70318559,0.610123232,0.802496906
"id:mine",8,-2.4713516,-2.73933022,-2.19447172,1.00146775232802,8686.40843311837,0.50501002004008,499,0.814089765,0.705677766,0.9306875445
"id:my",9,-0.481079015,-0.7818649315,-0.156527568,1.00150496482457,9108.14158901732,0.344689378757515,499,0.75077891,0.655201393,0.863993288
"id:noodles",10,-0.698542395,-0.982740851,-0.41843522,1.0005473482901,8712.74811207358,0.356713426853707,499,0.928272765,0.8039056385,1.06745563
"id:spaghetti",11,-0.180942845,-0.4360568955,0.0648362462,1.00254070290177,6900.25522270364,0.312625250501002,499,1.1153544,0.945534964,1.29935886
"id:trash",12,-0.759338225,-1.063184885,-0.454428935,1.00105851385866,8952.82076778207,0.364729458917836,499,0.81304836,0.7066131895,0.9322150915
"ul:2SG",13,-0.45214281,-0.728972924,-0.161448072,0.999728447544822,7996.87982725394,0.338677354709419,499,0.86294182,0.7505561255,0.992194671
"ul:2SG.POSS",14,1.8957279,1.588006995,2.244381945,1.00104169262776,7612.00863480929,0.172344689378758,499,0.988868745,0.8394652405,1.167972565
"ul:airplane",15,-2.35969965,-2.631619345,-2.091203995,1.00609636443401,9844.81392021836,0.49498997995992,499,0.89311815,0.775980961,1.023422335
"ul:all",16,0.59258874,0.270207072,0.9124886485,1.00090632749965,8005.03714089573,0.264529058116232,499,0.79765649,0.69018677,0.9153913425
"ul:all gone",17,-3.50253725,-3.80862136,-3.20144653,1.00113482108857,9916.85339692023,0.591182364729459,499,0.730414605,0.634261612,0.83439389
"ul:animal",18,-0.43956476,-0.6812389805,-0.1869039815,1.00188128508304,9541.6990283026,0.332665330661323,499,1.1074257,0.9480080775,1.29060933
"ul:another",19,1.38753795,1.114578185,1.682838775,1.00243518192464,9283.07515663056,0.202404809619238,499,1.0447362,0.884596719,1.2298093
"ul:apple",20,-2.9468971,-3.19078096,-2.70270635,1.00122091649357,7859.0100848312,0.545090180360721,499,1.0298156,0.8876514255,1.18758668
"ul:arm",21,-1.29677215,-1.510803165,-1.081282235,1.00084994383039,8245.62679376873,0.400801603206413,499,1.37886545,1.172438025,1.61599634
"ul:asleep",22,-0.29174799,-0.537772846,-0.027453807,1.00066086607683,7873.31556109109,0.32064128256513,499,1.1140901,0.9536166775,1.302210085
"ul:aunt",23,0.345727935,0.0350411201,0.6759813695,1.00227299332651,7548.98323585251,0.282565130260521,499,0.78454443,0.6760316125,0.903925173
"ul:away",24,1.06364175,0.760912739,1.37868827,1.00045308702913,8477.16083245261,0.226452905811623,499,0.94709108,0.8130881415,1.100164185
"ul:baa baa",25,-4.0308803,-4.397771265,-3.691295655,0.999334795620885,9919.65732242492,0.627254509018036,499,0.55905686,0.4863456465,0.6390455085
"ul:baby",26,-4.42631085,-4.715738395,-4.1419986,1.00044335853987,7626.84593140293,0.669338677354709,499,0.824142525,0.712931948,0.9513054355
"ul:babysitter",27,3.0822139,2.701012585,3.516741985,0.999799744485536,6237.50421948344,0.11623246492986,499,0.838701265,0.6977158615,0.9978476385
"ul:babysitter's name",28,-0.18383402,-0.5457858305,0.211517522,1.00184277806286,8556.84225274927,0.332665330661323,499,0.587988455,0.512511306,0.670793765
"ul:back (location)",29,0.162314535,-0.1130442985,0.4529802895,1.00352866370827,9721.74908273196,0.288577154308617,499,0.994633405,0.8607165095,1.15392253
"ul:bad",30,0.060529042,-0.202598242,0.338436189,1.00016367240297,8051.50967131257,0.296593186372746,499,0.970210025,0.8337397575,1.1282497
"ul:ball",31,-5.97397,-6.34397899,-5.627953245,0.999780116157067,6906.66823053918,0.783567134268537,499,0.79378018,0.672418654,0.931488296
"ul:balloon",32,-3.66686985,-3.959635075,-3.383392055,0.999886410713654,8726.80712301751,0.605210420841683,499,0.76531903,0.6630365535,0.8797827515
"ul:banana",33,-4.1463691,-4.49411113,-3.82675338,1.00154508518154,8379.01620391185,0.64128256513026,499,0.66405752,0.5728981965,0.7663595205
"ul:bath",34,-3.4333796,-3.68489912,-3.176968405,1.00002816746082,9772.60291327865,0.587174348697395,499,0.97625806,0.8453340655,1.123209765
"ul:bathroom",35,-0.552196245,-0.7722702215,-0.332045909,1.00311576323378,7862.00599703996,0.338677354709419,499,1.39710625,1.17856722,1.646629215
"ul:bathtub",36,-1.6067393,-1.84844164,-1.35503298,1.00097598826176,9589.32313254786,0.428857715430862,499,1.09455065,0.940521168,1.270663505
"ul:beach",37,1.52790495,1.19461398,1.89359243,1.00217368068157,7941.59278028618,0.202404809619238,499,0.800947645,0.6830486015,0.9333096055
"ul:beads",38,1.60458605,1.270560335,1.96629467,1.00077331601617,6056.4437845421,0.198396793587174,499,0.789986155,0.671886926,0.922537146
"ul:bear",39,-2.9222986,-3.18251563,-2.65673495,1.0008184892463,9484.44113999644,0.543086172344689,499,0.91595733,0.7976320175,1.047434695
"ul:bed",40,-2.1487673,-2.374142005,-1.93076738,1.00137094791242,9470.38361278282,0.474949899799599,499,1.21691215,1.051658775,1.41095807
"ul:bedroom",41,-0.00459574655,-0.241802837,0.2299605005,1.00150051956737,8670.77385248714,0.296593186372746,499,1.24612585,1.06838229,1.469287885
"ul:bee",42,-1.98711865,-2.25841607,-1.711342585,1.00115659063468,7924.59043854293,0.462925851703407,499,0.904684895,0.7855046325,1.03389068
"ul:belly button",43,-1.99020745,-2.2533541,-1.732604985,1.00118890270964,8068.92945321541,0.462925851703407,499,0.96498807,0.837498044,1.11042343
"ul:bib",44,-1.08838315,-1.371548795,-0.8010606435,1.00125325245,8383.62106646043,0.38877755511022,499,0.880822145,0.7627651465,1.014088065
"ul:bicycle",45,-1.3217823,-1.58207884,-1.06103879,1.00161305461011,8525.71885744246,0.406813627254509,499,0.96047319,0.824290231,1.119626835
"ul:big",46,-1.2545425,-1.46692752,-1.039824125,1.00136611101509,9352.80217472558,0.396793587174349,499,1.39730885,1.1745731,1.651826315
"ul:bird",47,-3.48637365,-3.75665421,-3.21064888,1.00149912849693,8876.43794557408,0.591182364729459,499,0.86829147,0.7556702465,0.996159152
"ul:bite",48,-1.24129965,-1.49187046,-0.987946425,1.00287216940357,9288.75916286477,0.398797595190381,499,1.06317205,0.9233279085,1.224816915
"ul:blanket",49,-2.45393305,-2.717300395,-2.187465465,1.00235505111824,10290.0918587985,0.503006012024048,499,0.932122565,0.814534942,1.067793325
"ul:blocks",50,-1.7872264,-2.061579915,-1.512721625,1.00159207882888,8066.09207502722,0.44689378757515,499,0.89463945,0.779955139,1.026427315
"ul:blow",51,-0.739717225,-0.987988473,-0.4832550785,1.00012712395774,7661.18492384314,0.356713426853707,499,1.1044497,0.950311234,1.282327275
"ul:blue",52,-1.30493925,-1.55985605,-1.03180187,1.00085818746485,11154.1310227766,0.404809619238477,499,0.96561511,0.8359648565,1.108911285
"ul:book",53,-4.42756485,-4.675458585,-4.17678754,1.00040372771017,9492.43496799114,0.673346693386774,499,1.04552705,0.889272664,1.21878558
"ul:boots",54,-0.86063158,-1.15051038,-0.5660672005,1.00255555644951,9139.69459354251,0.370741482965932,499,0.873018665,0.755687207,1.00408609
"ul:bottle",55,-2.62630345,-2.97376147,-2.284185205,1.00182669906005,8929.03367709246,0.519038076152305,499,0.59816754,0.519968399,0.681498025
"ul:bowl",56,-1.18954755,-1.456667005,-0.927348749,1.00074605914701,8562.37477039004,0.394789579158317,499,1.03508,0.8929264175,1.19405129
"ul:box",57,-1.2583876,-1.47942079,-1.02016732,1.00184790176064,10413.5932923569,0.398797595190381,499,1.18909445,1.02268122,1.3819836
"ul:boy",58,-0.835060335,-1.08173379,-0.584806574,1.00073339608904,7996.54183342288,0.364729458917836,499,1.0918075,0.9444604785,1.26615002
"ul:bread",59,-1.58082015,-1.812196195,-1.336682975,1.00060047729457,8502.3581390457,0.42685370741483,499,1.07952465,0.928880999,1.2436872
"ul:break",60,-0.0711327565,-0.312643941,0.179847848,1.00132991245157,10498.8189414694,0.302605210420842,499,1.18009365,1.0093844,1.378803695
"ul:breakfast",61,-0.37188975,-0.6422839085,-0.104319571,1.00191250653114,8713.77947860872,0.328657314629259,499,1.03838645,0.891546987,1.20668652
"ul:bring",62,0.847629285,0.5756829295,1.138191745,1.00338294464867,6903.37244782409,0.238476953907816,499,1.0342677,0.8849305935,1.207024615
"ul:broken",63,-0.769923775,-0.9961584755,-0.5365060905,1.00309357150929,7545.43476951193,0.356713426853707,499,1.30234215,1.106791975,1.533386025
"ul:broom",64,-0.784944815,-1.03118355,-0.518812938,1.00027386012743,7339.51066437374,0.360721442885772,499,1.0880787,0.933592604,1.262914055
"ul:brother",65,1.0035035,0.595128158,1.456432735,1.00127332532595,6156.83237247996,0.258517034068136,499,0.53297869,0.4622026885,0.611071414
"ul:brush (object)",66,-1.5442353,-1.77454506,-1.313449305,1.00237648019568,9058.93818482377,0.422845691382766,499,1.216773,1.04470121,1.419109145
"ul:bubbles",67,-3.5539576,-3.840655265,-3.27380876,1.00544696409782,9643.895297378,0.597194388777555,499,0.853148985,0.7382524315,0.979382811
"ul:bug",68,-1.8029009,-2.077938205,-1.516552455,1.00103348877781,7727.50483053357,0.448897795591182,499,0.81465849,0.710637214,0.92814975
"ul:bump",69,0.338931795,0.045636215,0.6530903055,1.00210100290989,7719.40102188638,0.280561122244489,499,0.84515024,0.7260445175,0.9730642505
"ul:bunny",70,-2.34326285,-2.605037195,-2.07777063,0.999430964795467,9653.36214523118,0.492985971943888,499,0.97094896,0.838019591,1.11274674
"ul:bus",71,-1.75304435,-2.031581425,-1.472007265,1.00316918959258,8919.46582464314,0.444889779559118,499,0.822789395,0.717327309,0.9409355835
"ul:butter",72,-0.281781725,-0.554508599,-0.00944614194000017,1.00111616326217,8035.09172912004,0.322645290581162,499,0.983890815,0.841350531,1.13920045
"ul:butterfly",73,-0.973896795,-1.225961125,-0.7228410185,1.00220973577313,10333.1170162668,0.376753507014028,499,1.0639804,0.9133415845,1.239097245
"ul:button",74,-1.3209544,-1.58538844,-1.04219776,0.999753618148103,10799.0144253823,0.406813627254509,499,0.950543495,0.82215619,1.097386095
"ul:bye",75,-5.8588298,-6.23332856,-5.525670195,1.00158430277693,6903.32777235766,0.773547094188377,499,0.761927705,0.6504760425,0.887186006
"ul:cake",76,-1.314783,-1.54040547,-1.080956,1.00176679749005,9888.63685701907,0.402805611222445,499,1.25167885,1.071932145,1.455317655
"ul:candy",77,-1.19244905,-1.460226195,-0.9181895645,1.00087623575376,8123.83807784367,0.396793587174349,499,0.930035935,0.8086487255,1.06907339
"ul:car",78,-3.7672677,-4.04427366,-3.496486765,1.00196628640361,9628.94834436419,0.615230460921844,499,0.88555695,0.767663861,1.01984345
"ul:careful",79,0.216282205,-0.02119714865,0.464092942999999,0.999728312934206,8378.08279919923,0.280561122244489,499,1.21344565,1.031620795,1.430847875
"ul:carrot",80,-0.734802575,-0.9450367195,-0.519403179,0.999586444645754,9219.51233765653,0.352705410821643,499,1.475551,1.24550442,1.738598215
"ul:cat",81,-3.3418642,-3.65048492,-3.025365005,1.00157028674183,8433.58732861218,0.577154308617234,499,0.686752975,0.5986680015,0.7862221085
"ul:cereal",82,-1.413658,-1.67700726,-1.15532261,1.00072069818438,9923.05378241676,0.414829659318637,499,0.935582235,0.809827168,1.075597055
"ul:chair",83,-2.1767719,-2.397228195,-1.95468837,1.00109069758367,8502.41683745194,0.476953907815631,499,1.24326435,1.062738055,1.448505765
"ul:cheek",84,-0.749855745,-0.9973950595,-0.490326407,1.00174361142344,8408.53193761093,0.35871743486974,499,1.0225321,0.882793538,1.18787622
"ul:cheerios",85,-1.18518185,-1.471690495,-0.8999694615,1.00082284286396,8306.2802682138,0.398797595190381,499,0.81940844,0.710623929,0.9351741115
"ul:cheese",86,-3.2338861,-3.51462107,-2.950228985,1.003221233208,9480.29937070731,0.569138276553106,499,0.773058575,0.673488567,0.881507784
"ul:chicken (animal)",87,-1.1949993,-1.43061227,-0.9406951235,1.00113232775409,8760.16753281037,0.394789579158317,499,1.04214835,0.9017332115,1.198477255
"ul:chicken (food)",88,-1.12725225,-1.372940625,-0.869315218,1.00434509497562,8658.92262757222,0.38877755511022,499,1.08486245,0.932678028,1.263905855
"ul:child",89,3.0835413,2.66825347,3.550912075,0.999685808421837,6665.30498909565,0.122244488977956,499,0.744744575,0.6276020955,0.877293674
"ul:child's own name",90,-2.401788,-2.67458063,-2.136463195,1.00229875492248,10238.8706931139,0.498997995991984,499,0.89265885,0.772520838,1.024299715
"ul:choo choo",91,-2.58441325,-2.879915835,-2.27012092,1.00261353337784,10430.6221900013,0.51503006012024,499,0.751170165,0.65595709,0.854771676
"ul:church",92,0.526926,0.1985655885,0.876717231,1.00080695051403,8392.6204636656,0.270541082164329,499,0.765452675,0.6636190775,0.8802211405
"ul:clean (action)",93,-0.698843475,-0.928730746,-0.471686995,1.00118928133236,8139.48980895431,0.350701402805611,499,1.35533415,1.15293892,1.591133995
"ul:clean (description)",94,-0.996244745,-1.20723594,-0.7841654975,1.00002354177473,8742.68452823054,0.374749498997996,499,1.47656615,1.249388445,1.74746362
"ul:clock",95,-1.45729755,-1.73371097,-1.19256488,1.00191815542621,7856.05331235577,0.418837675350701,499,0.905299685,0.787068836,1.040668165
"ul:close",96,-0.700233635,-0.9347111035,-0.459741907,1.00269712280422,8222.72981867243,0.352705410821643,499,1.17073605,1.00181827,1.359448615
"ul:coat",97,-1.16092515,-1.441479745,-0.877717756,1.00117063956138,9415.2404617322,0.394789579158317,499,0.89751313,0.7748565975,1.036696995
"ul:cockadoodledoo",98,-0.43919302,-0.7925568545,-0.08249923285,1.0021869514316,7849.95703473881,0.348697394789579,499,0.61840815,0.536003103,0.7067585555
"ul:coffee",99,0.1611034,-0.11320922,0.455369632,1.00035439286739,7562.84658933142,0.290581162324649,499,0.923579265,0.7939073765,1.071104725
"ul:cold",100,-1.81658665,-2.05959605,-1.576949115,1.00181759703548,9651.13556943807,0.44689378757515,499,1.1087948,0.953495496,1.28347359
"ul:comb (object)",101,-0.251397135,-0.521173583,0.0245529495499999,1.00077352718277,7607.93512402469,0.32064128256513,499,0.969043405,0.8336380945,1.120686365
"ul:cookie",102,-3.1351783,-3.38237059,-2.88697202,1.00266183135815,8299.90581493824,0.561122244488978,499,1.06594015,0.9191825225,1.23851933
"ul:cow",103,-2.7573917,-3.039739975,-2.4794715,1.00347667280223,11207.7514575355,0.529058116232465,499,0.894240255,0.775847144,1.027559125
"ul:cracker",104,-2.8089514,-3.060978905,-2.5501262,1.00160040431684,9399.36169978382,0.533066132264529,499,0.94124433,0.813316294,1.084711525
"ul:crib",105,0.451979055,0.2000341965,0.717239964,1.00377060782546,8158.54816793,0.264529058116232,499,1.12127315,0.95607527,1.309181735
"ul:cry",106,-0.64268622,-0.8925366225,-0.393328333000001,0.999616333890693,8419.75595688422,0.348697394789579,499,1.1150677,0.9551287015,1.300840315
"ul:cup",107,-2.6242058,-2.872845605,-2.36846293,1.00164684432857,7885.73399083244,0.517034068136273,499,1.01305775,0.8756400905,1.164896005
"ul:cute",108,0.92759645,0.620414409,1.243298685,1.00130222076592,7316.86224654647,0.236472945891784,499,0.920885995,0.7874524955,1.076890345
"ul:daddy",109,-7.99501545,-8.62090191,-7.46353527,1.0003205125492,5533.1585078583,0.867735470941884,499,0.57641917,0.4898518295,0.6764874565
"ul:dance",110,-0.97207882,-1.20853164,-0.7231864975,1.00102468868084,8798.52105436057,0.374749498997996,499,1.18701675,1.02747121,1.380840575
"ul:dark",111,-0.20505521,-0.4527474665,0.0521643394499998,1.00108909841872,9089.49640003299,0.314629258517034,499,1.0981263,0.941173264,1.276222335
"ul:day",112,1.4364113,1.150148575,1.758689515,1.00111140299404,8270.85342760526,0.200400801603206,499,0.994294715,0.845531882,1.164165895
"ul:deer",113,0.88852173,0.5701143655,1.233856345,1.00133917748814,7171.11044548652,0.24248496993988,499,0.82890978,0.710821044,0.9612270555
"ul:diaper",114,-2.4367135,-2.691788985,-2.17203662,1.00136775579777,10214.206714235,0.501002004008016,499,0.94765146,0.8246883425,1.08901806
"ul:dinner",115,-0.035391898,-0.296800438,0.2366138865,1.00235511515205,8104.52915214703,0.302605210420842,499,1.04406835,0.895968173,1.20497385
"ul:dirty",116,-1.312703,-1.543744695,-1.072718485,1.00068288368701,8405.88278780364,0.402805611222445,499,1.22502755,1.051996545,1.42971566
"ul:dish",117,0.96624887,0.679948994,1.26218136,0.999500580125355,7650.44078454009,0.232464929859719,499,0.966718995,0.825281239,1.127397435
"ul:dog",118,-5.451332,-5.79682425,-5.1225662,0.999817044365787,8335.96781256264,0.743486973947896,499,0.74196135,0.6325611425,0.8623501995
"ul:doll",119,-1.6597143,-1.958825955,-1.35106318,1.00175709435474,8641.57394514824,0.438877755511022,499,0.731722035,0.637298792,0.838372509
"ul:don't",120,0.22619043,-0.107566568,0.591208284,1.00078681110138,8810.14123569156,0.296593186372746,499,0.67839338,0.590080939,0.7770540825
"ul:donkey",121,1.6799057,1.320696165,2.08085788,0.999828759141147,7106.68738150052,0.198396793587174,499,0.716837725,0.613698008,0.8329611435
"ul:door",122,-2.5355758,-2.779422655,-2.296507425,1.00081112752518,9534.56733951186,0.509018036072144,499,1.0842064,0.9349367285,1.24844072
"ul:down",123,-2.3180505,-2.573697115,-2.05958845,1.00137928433902,9739.55351593356,0.490981963927856,499,0.92274193,0.7944304445,1.06197807
"ul:draw",124,0.131656415,-0.110671914,0.3858988615,1.00073875051816,9370.03369853999,0.286573146292585,499,1.21421105,1.040829855,1.428395345
"ul:drawer",125,0.89896875,0.631518419,1.173186165,1.00024505884066,7237.68048548061,0.234468937875752,499,1.0523554,0.898183875,1.237545665
"ul:dress (object)",126,0.024782078,-0.2440477015,0.292253017,1.00008347554043,8599.48510099396,0.298597194388778,499,1.0063277,0.87413648,1.167203805
"ul:drink (action)",127,-1.794682,-2.03473955,-1.543867865,0.999735701738649,9636.69821057148,0.444889779559118,499,1.0798242,0.9262459555,1.25038686
"ul:drink (beverage)",128,-2.0303201,-2.29770868,-1.758369295,1.00141735575854,9294.59997289433,0.466933867735471,499,0.897350475,0.7800392465,1.03075026
"ul:drive",129,-0.15958494,-0.385675864,0.0716609037499999,1.00183730271501,9098.2516576401,0.306613226452906,499,1.4398941,1.216589055,1.716232565
"ul:dry (description)",130,0.315723965,0.059733904,0.5857728325,0.999902257946336,9502.52912723098,0.274549098196393,499,1.11643735,0.9554167175,1.307557015
"ul:duck",131,-3.98238995,-4.29685609,-3.669829685,1.0023733238454,8509.02943563278,0.629258517034068,499,0.707688285,0.6151467715,0.811177878
"ul:ear",132,-2.9489521,-3.18046799,-2.73278866,1.00165742572195,10688.5067675806,0.545090180360721,499,1.2145141,1.04149931,1.409435675
"ul:eat",133,-2.1874731,-2.441852085,-1.937489985,0.999960883727528,9745.64524306625,0.478957915831663,499,1.0562796,0.912548469,1.223983195
"ul:egg",134,-1.2461667,-1.517447535,-0.967523761,1.00113742836966,9306.07695082191,0.400801603206413,499,0.93722996,0.8105155765,1.070271645
"ul:elephant",135,-1.3257855,-1.55917343,-1.093049395,1.00085812243334,8664.4982468324,0.404809619238477,499,1.149034,0.9865677325,1.338280215
"ul:empty",136,0.36952284,0.1123617445,0.6390541865,0.999731646216596,7812.89734884684,0.272545090180361,499,1.0372295,0.883734538,1.214239
"ul:eye",137,-3.8184206,-4.07551994,-3.57011173,1.00098127325776,11479.0705097839,0.62124248496994,499,1.00433665,0.869889358,1.162029665
"ul:face",138,-0.76492433,-0.990743728,-0.538868832,1.00067184162026,9547.47711121234,0.356713426853707,499,1.29420185,1.09987022,1.514053765
"ul:fall",139,-0.767360775,-1.008927565,-0.525496439,1.0022989182837,9035.67552139184,0.35871743486974,499,1.1600274,0.994842593,1.347070555
"ul:fast",140,0.4406089,0.2021587715,0.6849024685,1.00098843594889,7145.94535568734,0.2625250501002,499,1.31788375,1.113752165,1.554537345
"ul:feed",141,0.775491175,0.5348442815,1.01302555,1.00054996118827,8504.17087417566,0.238476953907816,499,1.3450813,1.13192465,1.59746808
"ul:fine",142,2.31273495,1.97490874,2.671209355,1.00093539004611,7903.79439510307,0.150300601202405,499,0.94446215,0.794521311,1.11749512
"ul:finger",143,-0.84875897,-1.065028385,-0.6283371005,1.00309759708005,9685.57111844933,0.362725450901804,499,1.4207597,1.200951785,1.68364032
"ul:finish",144,1.1497227,0.852689228,1.469109485,1.00310839926846,7356.12438111606,0.220440881763527,499,0.9571443,0.8143788785,1.12181695
"ul:firetruck",145,-0.31635663,-0.5692627365,-0.0494167757500005,1.0050411389616,8480.74571900158,0.322645290581162,499,1.1155938,0.9605900795,1.297070935
"ul:fish (animal)",146,-2.6164604,-2.872586785,-2.359157515,1.00084443076142,7904.92671445633,0.517034068136273,499,0.914694225,0.794833932,1.04998022
"ul:fish (food)",147,-1.42515885,-1.699159205,-1.143700815,1.00155344158364,7942.29424690234,0.416833667334669,499,0.858770425,0.7488903285,0.9827447555
"ul:flower",148,-1.8472632,-2.081203525,-1.617820175,0.999625288803143,8006.78236359492,0.448897795591182,499,1.20706225,1.03233861,1.40429891
"ul:food",149,-0.69350985,-0.933729509,-0.4433371375,1.00372895988746,9093.2013746754,0.352705410821643,499,1.137388,0.974769543,1.325125655
"ul:foot",150,-2.3349079,-2.555821815,-2.108417145,1.00488251105558,9179.75423652042,0.490981963927856,499,1.2457962,1.06843786,1.44469505
"ul:fork",151,-1.2709491,-1.489232195,-1.053408665,1.00155477462237,9113.62124891993,0.398797595190381,499,1.3588607,1.15090601,1.599940165
"ul:frog",152,-1.56775685,-1.796383785,-1.34455147,1.00121263265366,9300.26608015165,0.424849699398798,499,1.2435107,1.06754694,1.440120225
"ul:garage",153,0.45857169,0.2236769685,0.7029848715,0.999787448364741,8178.27579372125,0.2625250501002,499,1.2228445,1.03741628,1.43934191
"ul:garden",154,1.9863275,1.673195955,2.33653622,1.00192553261538,6765.72681249794,0.170340681362725,499,0.897014545,0.7595861995,1.056718425
"ul:gentle",155,0.488969015,0.177054479,0.8114973585,1.00181952347681,8642.07309239215,0.268537074148297,499,0.864684255,0.7465817515,1.00145933
"ul:get",156,-0.34455934,-0.611393136,-0.08306690765,1.00183479433512,9827.52479103593,0.326653306613226,499,1.0450692,0.9030833455,1.204887445
"ul:giraffe",157,-0.435360585,-0.6638167055,-0.1977937185,1.00167099672371,8552.18996475114,0.330661322645291,499,1.2379046,1.05028798,1.447512215
"ul:girl",158,-0.7096912,-0.974885305,-0.442297691,1.00138075081269,8641.21894492891,0.356713426853707,499,0.960380245,0.8291169805,1.1077118
"ul:give",159,0.349864385,0.0876245303,0.617975111,1.00137226140551,8219.27382283184,0.272545090180361,499,1.1028961,0.943446175,1.2896902
"ul:glass",160,-0.00928974095,-0.2647864915,0.254389386,1.00141720271502,10008.325047896,0.298597194388778,499,1.13820545,0.9765898955,1.333994705
"ul:glasses",161,-0.99245541,-1.23898784,-0.7378448195,1.0005047898498,8604.4245277017,0.37875751503006,499,1.0223943,0.880387546,1.181000895
"ul:go",162,-2.43688005,-2.741774605,-2.136420655,1.00370681145451,9387.2888536108,0.503006012024048,499,0.73619572,0.639412182,0.842960243
"ul:good",163,-0.777298305,-1.04617602,-0.507767161,1.00357008523519,8969.36689100185,0.362725450901804,499,0.946379455,0.821067034,1.094473285
"ul:good night",164,-3.80206605,-4.093123245,-3.514221015,1.00040859430392,8576.99346123919,0.617234468937876,499,0.801322975,0.6928021895,0.9261117175
"ul:goose",165,1.1190932,0.8005860225,1.4725518,0.999710634287585,7637.76411754058,0.228456913827655,499,0.795831365,0.6846265295,0.9201379385
"ul:grandma",166,-3.5699359,-3.8637901,-3.274340915,1.00096709784101,8023.60306198072,0.597194388777555,499,0.77446704,0.672780627,0.884718268
"ul:grandpa",167,-2.8329536,-3.162600095,-2.49125337,1.00255760824334,10586.7083036315,0.535070140280561,499,0.632615985,0.551881433,0.721826372
"ul:grrr",168,-4.80844235,-5.263812645,-4.37644576,0.999438345322166,7318.85428292094,0.671342685370741,499,0.45585364,0.396015457,0.521034665
"ul:hair",169,-2.65524975,-2.87986523,-2.432674635,0.999820681081964,9581.02114533352,0.519038076152305,499,1.1889358,1.02659495,1.378545925
"ul:hammer",170,0.39623918,0.1298871885,0.6836974435,1.00091372607981,8121.86878431236,0.272545090180361,499,0.949486085,0.8154354675,1.10288805
"ul:hand",171,-1.7063432,-1.94276976,-1.46764817,1.00083200961967,10547.5607096179,0.43687374749499,499,1.2047213,1.038055425,1.395606765
"ul:happy",172,-0.6149823,-0.883069894,-0.3428598285,1.00196238348232,7975.57430916684,0.348697394789579,499,0.982371255,0.844592634,1.13887012
"ul:hard",173,1.0539242,0.7934479915,1.316901345,1.00059483434429,7402.45206117891,0.220440881763527,499,1.25865545,1.05426417,1.484548015
"ul:hat",174,-3.0385845,-3.285189765,-2.798523005,1.00258497588601,8775.12043555601,0.55310621242485,499,1.04783955,0.904928292,1.21076554
"ul:head",175,-1.7670707,-1.970427935,-1.565261565,1.00189888913764,9825.5555883892,0.440881763527054,499,1.5448997,1.302486115,1.83043816
"ul:hello",176,-2.24878605,-2.568786585,-1.93790825,0.999919058498982,8638.86019320881,0.488977955911824,499,0.639882415,0.5602927935,0.7312287365
"ul:help",177,-1.02040615,-1.26729687,-0.772115725,1.00073544097976,8261.80457367364,0.380761523046092,499,1.02502055,0.8881040995,1.176073145
"ul:hi",178,-5.81853915,-6.208269565,-5.457298625,1.00025433398224,7699.58220295288,0.765531062124248,499,0.69264313,0.5908293255,0.8072666365
"ul:high chair",179,-0.10264681,-0.3848967545,0.1895881125,1.00092552458112,8803.54878914755,0.31062124248497,499,0.922105015,0.791653643,1.066654225
"ul:hit",180,-0.21358026,-0.447349963,0.0218826483499999,1.00233616295931,7009.14070342822,0.312625250501002,499,1.2630968,1.07584262,1.472196985
"ul:home",181,-1.51185415,-1.743191525,-1.267819055,0.999771589590958,9005.75578328761,0.420841683366733,499,1.10347825,0.954642778,1.2768147
"ul:horse",182,-2.0570296,-2.281931545,-1.823077,0.999546125126528,9479.26732838203,0.466933867735471,499,1.12896525,0.971295563,1.303301245
"ul:hot",183,-3.3247922,-3.615384845,-3.04008967,1.00002418898193,9929.70162146277,0.577154308617234,499,0.79191231,0.6873482245,0.90996161
"ul:house",184,-1.03597565,-1.276110665,-0.7856077085,1.0001193842015,8888.73301475951,0.380761523046092,499,1.1030188,0.9452259835,1.28452003
"ul:how",185,2.2373987,1.90296571,2.613873715,0.999994870279372,7397.12672637063,0.156312625250501,499,0.89855114,0.7616703765,1.059331195
"ul:hug",186,-1.43382585,-1.65343856,-1.20269811,1.00063293221404,8230.5078372633,0.412825651302605,499,1.2675541,1.08192981,1.479889035
"ul:hungry",187,-0.400017745,-0.6443724435,-0.1438163865,1.00230145887164,8004.40295213143,0.328657314629259,499,1.1593531,0.994357747,1.351478645
"ul:hurry",188,0.77813745,0.538103407,1.03640181,1.00250062471655,8599.69949433534,0.238476953907816,499,1.3061612,1.10536764,1.546342045
"ul:hurt (description)",189,-0.2520327,-0.48625401,-0.00255773593000006,1.00128798357227,9156.32569709794,0.316633266533066,499,1.1809345,1.01637798,1.37016103
"ul:ice cream",190,-1.13680195,-1.36910881,-0.887347301,1.00381002937111,9904.94892294282,0.38877755511022,499,1.13988205,0.975618241,1.337113585
"ul:in",191,-0.996487885,-1.25609854,-0.739600769,1.00032722249317,9358.40898137718,0.37875751503006,499,1.0402424,0.8940580345,1.208545295
"ul:inside",192,2.1603104,0.419528965,4.485365545,1.00284665677972,6390.45020647049,0,149,1.1049078,0.784645894,1.592592635
"ul:jacket",193,-0.36435084,-0.646071932,-0.084618945,1.00119749406248,9436.5918925811,0.330661322645291,499,0.91809831,0.796879742,1.054661485
"ul:jeans",194,1.10138355,0.7958979625,1.418393095,1.00055086968225,8673.81729994743,0.226452905811623,499,0.876225875,0.750999591,1.01591514
"ul:juice",195,-3.6323379,-3.91468653,-3.34988622,1.00355021676044,9633.68008621315,0.603206412825651,499,0.831464665,0.717655957,0.9530837965
"ul:jump",196,-1.06231135,-1.2774116,-0.84290995,1.000004325551,9074.45069343473,0.380761523046092,499,1.40529545,1.18998827,1.649986865
"ul:key",197,-2.90026745,-3.14849261,-2.644596405,1.00408901507875,9568.98593530133,0.541082164328657,499,1.03791145,0.8966737785,1.20101937
"ul:kick",198,-0.353614895,-0.602685574,-0.0931269177500001,1.00264534795324,8551.58816914395,0.326653306613226,499,1.0610489,0.9133596985,1.23361259
"ul:kiss",199,-2.0925846,-2.34285078,-1.84969972,1.0005188277559,8582.89317868873,0.470941883767535,499,1.0567398,0.914592699,1.22304871
"ul:kitchen",200,-0.26004271,-0.4737611325,-0.0424028462000001,1.00239856626481,8170.54661321196,0.314629258517034,499,1.41513455,1.193466385,1.674682045
"ul:kitty",201,-3.5413792,-3.8660264,-3.230861775,1.00178891143258,9419.4271316484,0.593186372745491,499,0.668840135,0.583306461,0.768838487
"ul:knee",202,-1.2059962,-1.43863284,-0.963095555,1.00014056870487,8688.45876310163,0.394789579158317,499,1.11211025,0.9586712615,1.289790925
"ul:lady",203,1.20159535,0.9089214615,1.50344706,1.00027420307816,8192.20374944105,0.216432865731463,499,0.970137195,0.827828182,1.129674065
"ul:lamb",204,1.0584164,0.698059189,1.45052216,1.00043569917444,7461.41763237163,0.238476953907816,499,0.70556942,0.6079269005,0.8171009485
"ul:lamp",205,1.0357871,0.757381224,1.319076485,1.00001299624069,8622.63152631871,0.226452905811623,499,1.0185141,0.8697399295,1.188435535
"ul:later",206,1.3409866,1.035875155,1.650357,1.00077722855489,7684.18686277812,0.206412825651303,499,1.00762465,0.859901743,1.183362875
"ul:leg",207,-0.683884235,-0.896002927,-0.4710996585,0.999892717772164,8986.39865244734,0.348697394789579,499,1.4695458,1.23910134,1.741525655
"ul:light (object)",208,-2.55244505,-2.804384115,-2.295303415,1.00073923758995,9342.23185692816,0.511022044088176,499,0.959543435,0.8336262105,1.10226242
"ul:lion",209,-1.22120195,-1.46890394,-0.976715239,0.99998776216289,8514.02748487141,0.396793587174349,499,1.0931496,0.944536339,1.26585543
"ul:little (description)",210,0.37489439,0.1554370845,0.589502188,1.0011155594266,8226.6883841801,0.264529058116232,499,1.6629463,1.3781715,2.00763438
"ul:living room",211,1.34219425,1.06994431,1.627175245,1.00067573360682,7486.60957548798,0.204408817635271,499,1.0692487,0.907907923,1.25415515
"ul:look",212,-0.746060135,-1.001896745,-0.4726386505,1.00056319304176,8519.5956520334,0.35871743486974,499,1.00508755,0.8664471465,1.16705055
"ul:love",213,-1.3138716,-1.56843455,-1.050812145,1.00146998639566,7749.24262437565,0.406813627254509,499,0.901379065,0.782019454,1.03107919
"ul:lunch",214,-0.395715315,-0.6428985075,-0.149270678,1.00053035853665,9623.42851161369,0.328657314629259,499,1.145723,0.9822228625,1.33306471
"ul:man",215,0.328527935,0.04568281605,0.608913808,1.00375005670212,7076.79825117348,0.276553106212425,499,0.984945395,0.846084301,1.14454566
"ul:meat",216,0.19018425,-0.0828735812,0.469309445,0.999575631071778,8889.54768254131,0.286573146292585,499,0.993410315,0.856933978,1.155315465
"ul:medicine",217,-0.728336225,-0.961967856,-0.489506512,1.00106998452231,9670.84357015861,0.354709418837675,499,1.1847699,1.0179913,1.37906996
"ul:meow",218,-4.516744,-4.851041235,-4.198025515,1.00068154848312,9477.24304501325,0.671342685370741,499,0.69242524,0.5949112845,0.7990247525
"ul:milk",219,-3.2579182,-3.52203156,-2.988155295,1.00477966296541,10326.9373973417,0.571142284569138,499,0.84901452,0.738568057,0.9743584285
"ul:mommy",220,-8.18525025,-8.848698755,-7.65219246,1.00063182067626,4530.95422925054,0.877755511022044,499,0.591098665,0.499021407,0.695551134
"ul:money",221,-0.779442795,-1.01579026,-0.543302699,1.00238704522505,9063.51020884915,0.35871743486974,499,1.19758465,1.025177005,1.40067797
"ul:monkey",222,-1.70523255,-1.93439962,-1.469140415,1.00155629076521,8817.20258837366,0.43687374749499,499,1.1700296,1.003913135,1.35979281
"ul:moo",223,-4.8555549,-5.230727155,-4.502140065,1.00060872334152,6777.69530431127,0.691382765531062,499,0.610771775,0.526453812,0.7025653805
"ul:moon",224,-2.23125675,-2.515519105,-1.95782145,1.00175848764883,9150.70110441866,0.48496993987976,499,0.81894586,0.7140154565,0.9351768165
"ul:more",225,-2.7514677,-3.05652513,-2.442944235,1.0000032834663,7878.49570716532,0.529058116232465,499,0.680218225,0.590388844,0.775531546
"ul:morning",226,0.609764465,0.354446391,0.869155412,1.00236418912945,8048.78650106168,0.25250501002004,499,1.1786886,1.001233555,1.38393861
"ul:motorcycle",227,0.293786585,0.00540161283000001,0.592977526,0.999553325091394,9438.60743135955,0.282565130260521,499,0.869472425,0.753274356,1.00494332
"ul:mouse",228,-0.72594275,-0.985889757,-0.445619003,1.00027837347484,7993.6441778302,0.356713426853707,499,1.0465329,0.899777977,1.21747331
"ul:mouth",229,-2.28112555,-2.52523311,-2.045880655,1.00058119018011,10299.0699039887,0.486973947895792,499,1.08746245,0.936619628,1.26159985
"ul:nap",230,-1.38086215,-1.607014515,-1.15600827,1.00104490472695,8790.44460075312,0.408817635270541,499,1.23973645,1.06038016,1.440291015
"ul:naughty",231,3.4089883,2.912470845,3.998516795,1.00048568694114,5909.03090707193,0.120240480961924,499,0.61252991,0.517392721,0.721556342
"ul:necklace",232,-0.161126295,-0.4089054355,0.0846384295999998,0.999722241844074,9486.61206837766,0.31062124248497,499,1.13764305,0.968314632,1.33030355
"ul:nice",233,0.0642757005,-0.2086697045,0.3497088,1.00091939589454,8965.50056821751,0.296593186372746,499,0.96807987,0.835745703,1.121582345
"ul:night",234,-0.47840466,-0.717688919,-0.2338463205,1.00097979229427,7473.25196554186,0.334669338677355,499,1.18222225,1.00469994,1.380758535
"ul:no",235,-5.2229264,-5.561054155,-4.910104875,1.00021026537297,8401.66370122086,0.729458917835671,499,0.777939645,0.6660329505,0.913200281
"ul:none",236,2.9784489,2.53737784,3.45869308,1.00119230638332,6843.38128645796,0.132264529058116,499,0.684374495,0.579751769,0.811205639
"ul:nose",237,-3.6230876,-3.889431695,-3.35604583,1.00205176354122,9356.29909611184,0.603206412825651,499,0.891379265,0.7763512065,1.02507028
"ul:not",238,1.101573,0.844709816,1.37772838,1.0020164550234,10007.444993759,0.218436873747495,499,1.1667704,0.9870299415,1.37252029
"ul:now",239,0.15742378,-0.11840818,0.4500980695,1.00015460158132,8016.5998417955,0.290581162324649,499,0.93342414,0.8017491785,1.08445761
"ul:off",240,-1.82133875,-2.08617466,-1.547798775,0.999555615321611,9031.58926968561,0.448897795591182,499,0.930017395,0.808144833,1.06307391
"ul:old",241,1.90576385,1.608078865,2.22268362,1.00218939505332,7625.71363562635,0.170340681362725,499,1.04917285,0.8823916735,1.243354725
"ul:on",242,-1.8298209,-2.084774935,-1.573765165,1.00487547058932,9929.40315704907,0.448897795591182,499,0.98130507,0.8486871615,1.134318105
"ul:open (action)",243,-1.5190195,-1.754976945,-1.283203585,1.00425860172915,9819.97115535829,0.420841683366733,499,1.1871288,1.01578634,1.37645004
"ul:orange (food)",244,-0.83996452,-1.06666879,-0.6100581725,0.999911650193589,7761.95988993838,0.362725450901804,499,1.29345935,1.10541492,1.511030045
"ul:other",245,2.19034525,1.8674428,2.54245008,0.999758600202051,6753.79827305006,0.156312625250501,499,0.962653395,0.810656055,1.135346875
"ul:ouch",246,-3.8059154,-4.12266955,-3.50179925,1.00063885698229,9749.08021493702,0.615230460921844,499,0.68590813,0.5979176245,0.785033589
"ul:out",247,-1.54916455,-1.814939745,-1.27313831,1.00088471521612,7104.82664228361,0.42685370741483,499,0.895726215,0.7821593695,1.028823415
"ul:outside",248,-2.6938561,-2.941013195,-2.440019315,1.00340631437724,9373.28962127668,0.523046092184369,499,0.933696935,0.810273408,1.06773414
"ul:oven",249,0.48503412,0.229682475,0.7490889295,0.999708467356566,8232.44515694535,0.260521042084168,499,1.22577585,1.04056656,1.446859495
"ul:owie",250,-2.70421735,-3.01366333,-2.39880166,0.999582433115073,9546.10528721583,0.525050100200401,499,0.671110885,0.5874568055,0.7631791425
"ul:owl",251,-0.869283955,-1.143906145,-0.5969600805,1.001060662999,9245.98485032459,0.370741482965932,499,0.90507784,0.78758026,1.03442905
"ul:pajamas",252,-0.799568425,-1.011728315,-0.595674211,1.0005320271691,7425.40800904643,0.35871743486974,499,1.40541065,1.18528472,1.66461229
"ul:pants",253,-1.08410125,-1.323222705,-0.83031699,1.00232060568958,8148.62761958288,0.384769539078156,499,1.1233042,0.9657851405,1.30877817
"ul:paper",254,-1.23452165,-1.440383575,-1.028194445,1.00092898969193,9269.96964347266,0.394789579158317,499,1.52553135,1.289953085,1.8014951
"ul:park",255,-0.877447345,-1.156503595,-0.5982594795,1.00194298939437,9259.00608848372,0.372745490981964,499,0.85395543,0.7392949335,0.978901258
"ul:party",256,0.29874887,0.07093087055,0.5330035195,1.00057492709828,8027.34476824657,0.272545090180361,499,1.37269265,1.150346175,1.64814785
"ul:pattycake",257,-0.243671475,-0.5163698555,0.0480192636499999,1.00195927760947,7629.31530933118,0.322645290581162,499,0.86090984,0.7425822825,0.9948191735
"ul:peas",258,-0.746125155,-1.02639302,-0.4607196955,0.999751365224432,7326.63052218237,0.360721442885772,499,0.911752105,0.7947949005,1.05047896
"ul:peekaboo",259,-2.9917036,-3.27645538,-2.70914106,1.00256980386106,10069.1259003782,0.549098196392786,499,0.817170115,0.711430966,0.9394739625
"ul:pen",260,-0.68545652,-0.950030626,-0.397404973,1.00134368774864,8992.79450016269,0.354709418837675,499,0.949075485,0.821722,1.09223649
"ul:penguin",261,1.02080385,0.728776903,1.337114665,1.00074383050284,8498.79414118807,0.228456913827655,499,0.96591497,0.826244003,1.122673405
"ul:penny",262,0.96173282,0.6879549585,1.25129325,1.0009515302349,9075.34256178258,0.230460921843687,499,1.04214115,0.8930420705,1.216993915
"ul:people",263,0.8542987,0.5747811445,1.162053575,1.00034349257044,7213.27333731961,0.238476953907816,499,1.01851565,0.8641435365,1.184747795
"ul:person",264,3.7325245,3.29633643,4.253205475,1.0018977561896,5904.05729724301,0.0901803607214429,499,0.80998436,0.676587828,0.97110859
"ul:picture",265,-0.532742955,-0.7487972555,-0.3095226205,1.0034027204367,8470.61666333326,0.336673346693387,499,1.3697189,1.164718645,1.62008776
"ul:pig",266,-2.0091359,-2.231776875,-1.78776174,1.00140308803845,9141.69616095731,0.462925851703407,499,1.1832167,1.016893845,1.37994277
"ul:pillow",267,-1.14261785,-1.343340375,-0.933524301,0.999517971082117,9886.55888337794,0.386773547094188,499,1.5225052,1.282106835,1.799535785
"ul:pizza",268,-1.7514253,-1.97815495,-1.51484705,1.00118903895221,8891.60592295334,0.440881763527054,499,1.14525625,0.980497714,1.3378561
"ul:plant",269,0.56332142,0.301949665,0.830847281,1.00288776838357,7790.06325785687,0.256513026052104,499,1.15828575,0.9851476735,1.35883031
"ul:plate",270,-0.72846646,-0.9519366245,-0.499766615,0.999918715879933,8683.59564785245,0.352705410821643,499,1.43159055,1.21468223,1.68367244
"ul:play",271,-1.1485613,-1.37866946,-0.9219025335,1.00056130534748,9071.83279831952,0.38877755511022,499,1.32824495,1.134160145,1.55305888
"ul:play pen",272,3.83865385,3.36097751,4.361435125,1.00013420040626,5289.0088357276,0.0881763527054108,499,0.77499041,0.6414162885,0.9283368775
"ul:please",273,-2.9720536,-3.217701615,-2.72324826,1.0003442134862,10138.7245650761,0.547094188376753,499,1.0045742,0.868934853,1.155900825
"ul:pony",274,1.46415625,1.107725015,1.84082376,1.00140102010334,7595.01604298289,0.208416833667335,499,0.77141449,0.6596783775,0.8859966845
"ul:pool",275,-0.262196165,-0.505068295,-0.009105781155,0.9997349082986,7486.95054479668,0.318637274549098,499,1.1080352,0.9549397735,1.284555975
"ul:potty",276,-1.8515147,-2.0771249,-1.614348635,1.00010759275121,8702.32172298264,0.448897795591182,499,1.224439,1.05957159,1.41694126
"ul:pretty",277,-0.667383715,-0.927323726,-0.409968818,1.0007056756801,8948.69459852633,0.352705410821643,499,1.0233809,0.8843795515,1.183696275
"ul:pull",278,0.392310655,0.1263902265,0.657790057,1.00084140943625,9312.42802144774,0.270541082164329,499,1.0481275,0.8965965285,1.218949485
"ul:puppy",279,-2.2281946,-2.517787955,-1.932803485,1.00034181908985,9027.29866775477,0.48496993987976,499,0.76301428,0.6654699775,0.871344119
"ul:purse",280,-0.39065106,-0.6442377695,-0.1336787575,1.00187116999042,8163.93899057154,0.328657314629259,499,1.12925245,0.9639701735,1.323204045
"ul:push",281,-0.1665132,-0.393326967,0.07691906025,1.00197271137852,9843.59413438512,0.308617234468938,499,1.2841663,1.085834025,1.522269745
"ul:put",282,0.72142756,0.4795579435,0.972686711,0.999916893040207,9240.49760917474,0.24248496993988,499,1.3167762,1.11190361,1.56173908
"ul:quack quack",283,-3.5410411,-3.86452093,-3.229981885,1.0013109607748,9073.69679116108,0.593186372745491,499,0.665875355,0.5770964265,0.761320245
"ul:radio",284,1.32827185,1.06158676,1.61233156,1.0020793372521,8173.88904001172,0.204408817635271,499,1.1160966,0.9461909935,1.320216045
"ul:rain",285,-1.3349946,-1.56544199,-1.09487657,1.00070686834339,9074.88696080424,0.404809619238477,499,1.2355017,1.05699961,1.43362735
"ul:raisin",286,-0.41815909,-0.6739177345,-0.1452065265,1.00078344081568,7699.13187689624,0.332665330661323,499,1.0039118,0.866039718,1.15611942
"ul:read",287,-1.1394184,-1.345562325,-0.9185864125,0.999521316754041,8403.03535226242,0.386773547094188,499,1.45201365,1.227229305,1.713273975
"ul:red",288,-0.572751245,-0.826578931,-0.3022360455,1.00084057443115,9339.41792494805,0.344689378757515,499,1.03061015,0.895673948,1.1903236
"ul:refrigerator",289,0.197470505,-0.0336782542,0.4268620675,0.999795640210867,9306.13279341231,0.278557114228457,499,1.5032555,1.26490375,1.779472555
"ul:ride",290,-0.26396276,-0.487617943,-0.0456461711000001,1.00222041366657,10703.0885696997,0.314629258517034,499,1.4962085,1.25434706,1.774897445
"ul:rock (object)",291,-1.28487015,-1.50432515,-1.059874965,1.00021308033824,9207.16366650465,0.400801603206413,499,1.21550445,1.041596255,1.41477684
"ul:rocking chair",292,0.407035635,0.129986197,0.712208566,1.00096700149437,9102.38148918203,0.272545090180361,499,0.93014758,0.7972865385,1.07599313
"ul:run",293,-0.50487453,-0.7030671935,-0.296726262,0.999784317685578,8396.1765587179,0.332665330661323,499,1.66511285,1.388987,1.98254261
"ul:same",294,3.13063965,2.717488915,3.619764,1.00183820228891,5444.34871238873,0.118236472945892,499,0.767967265,0.6443838055,0.9096572415
"ul:say",295,0.837254965,0.5971443855,1.092336185,1.00271874215989,7963.67747931511,0.234468937875752,499,1.3006097,1.098770785,1.53963471
"ul:scared",296,0.839890105,0.588536063,1.088712895,1.00066116415182,9279.49198502601,0.234468937875752,499,1.30353325,1.103081365,1.536791535
"ul:school",297,-0.882323915,-1.13038704,-0.63073922,1.00138937557778,9274.2132491288,0.3687374749499,499,1.08216915,0.93033361,1.25499789
"ul:scissors",298,0.4605872,0.205460356,0.723969054,1.00112013458231,8229.64701156399,0.2625250501002,499,1.2044521,1.019679265,1.417011625
"ul:see",299,-0.7706215,-1.041443675,-0.478770384,0.99963943015642,8418.67730652526,0.362725450901804,499,0.901297805,0.7828255815,1.041246245
"ul:sheep",300,-0.784447425,-1.051689865,-0.508237033,0.999849239940598,8026.61065945851,0.362725450901804,499,0.94849694,0.816972393,1.096748215
"ul:shh",301,-2.8974072,-3.171264705,-2.61327788,1.00218401143617,10617.1888362723,0.541082164328657,499,0.7888979,0.688490822,0.900938196
"ul:shirt",302,-1.5950585,-1.83149745,-1.355230855,1.00114615723413,8369.88386663312,0.42685370741483,499,1.23696765,1.0596734,1.440030115
"ul:shoe",303,-4.36145955,-4.61453516,-4.109237785,1.0002990064214,8155.2359762552,0.667334669338677,499,1.02438585,0.881058612,1.18782317
"ul:shorts",304,-0.222911395,-0.455939099,0.0328406671999999,1.00044430944939,9166.31154464497,0.314629258517034,499,1.1536972,0.98638586,1.352200805
"ul:shovel",305,0.539326965,0.29794079,0.78865425,1.00101875298249,8332.69171302531,0.256513026052104,499,1.2223826,1.0366376,1.4361863
"ul:show",306,1.18364515,0.909719448,1.474911185,1.00139817159135,8611.65555440763,0.214428857715431,499,1.09343345,0.9283865695,1.28910712
"ul:sick",307,0.56595427,0.3184024855,0.823779786999999,1.00063772695056,7644.74776490608,0.254509018036072,499,1.2513151,1.05587661,1.471066755
"ul:sing",308,-0.361759385,-0.5801108475,-0.129980015,1.00314213709269,9469.80562800774,0.322645290581162,499,1.45320265,1.21514521,1.725430995
"ul:sink",309,0.246526255,0.00310083097000001,0.4862260895,1.00103561890966,8888.37011457795,0.278557114228457,499,1.20362025,1.02600255,1.406003455
"ul:sister",310,0.4594113,0.0197214034,0.9053651395,1.00071582042531,6258.65290690484,0.298597194388778,499,0.495574485,0.4285092955,0.5660253955
"ul:sky",311,-0.40065207,-0.669022179,-0.113754329,1.0007307877048,8446.79998201188,0.332665330661323,499,0.942035625,0.814478039,1.086629265
"ul:sleep",312,-0.95840436,-1.17807152,-0.727461292,1.00222772919342,9441.71435768173,0.372745490981964,499,1.2820607,1.09151756,1.50941814
"ul:sleepy",313,-0.00928125165,-0.2525458715,0.250361224499999,1.00174821006018,9608.83702572256,0.298597194388778,499,1.15039275,0.9814442225,1.34968807
"ul:slide (object)",314,-1.1369145,-1.341974305,-0.9238687505,1.00029663040349,10125.4014287827,0.386773547094188,499,1.45195295,1.224356975,1.718517285
"ul:smile",315,0.75660442,0.4917796905,1.026905845,1.00059021537891,8579.14981906961,0.24248496993988,499,1.14686875,0.9737497405,1.35373304
"ul:snow",316,0.11381422,-0.19235065,0.440212398,1.00198267132957,6890.97457250573,0.298597194388778,499,0.79087025,0.6928752195,0.907885674
"ul:soap",317,-1.32468045,-1.56241857,-1.081651935,1.00157909319302,8863.5147066967,0.404809619238477,499,1.1154599,0.959242604,1.293910885
"ul:sock",318,-3.1510076,-3.4224456,-2.890158025,1.00073922892383,9572.95492042639,0.56312625250501,499,0.937019715,0.8172271635,1.07795631
"ul:soft",319,-0.084042909,-0.348988697,0.18968029,1.00150255652846,8159.09005993647,0.306613226452906,499,1.0059817,0.8682061375,1.15890252
"ul:some",320,0.27933556,-0.0122631388,0.58218735,1.00067173608226,7679.92915026624,0.282565130260521,499,0.908198625,0.779999672,1.05365237
"ul:splash",321,-0.20403888,-0.440105846,0.04520493,1.00029311447448,8699.46004903905,0.312625250501002,499,1.1955627,1.017847785,1.40135623
"ul:spoon",322,-2.34876635,-2.59164673,-2.103951275,1.00126163883077,9394.17657320652,0.492985971943888,499,1.0442838,0.905799458,1.20614446
"ul:squirrel",323,-0.25212783,-0.5127392795,0.0149952539999999,1.00124375562734,8194.53719475926,0.32064128256513,499,0.97525666,0.8377687385,1.1323233
"ul:stairs",324,-0.5435267,-0.7877518315,-0.299837053,1.0014229250966,8575.37208756704,0.342685370741483,499,1.02229685,0.88123688,1.186196485
"ul:star",325,-1.4754894,-1.727791945,-1.214768525,1.00016371989278,9770.14374516802,0.418837675350701,499,0.98011197,0.8467222295,1.12907822
"ul:stop",326,-1.0264601,-1.275598415,-0.7640315525,0.999546747625838,7942.16860659734,0.380761523046092,499,1.05019725,0.9006611365,1.21776982
"ul:store",327,-0.840723075,-1.069435405,-0.6145700265,1.00269933253214,9534.01683740409,0.362725450901804,499,1.28427685,1.09493411,1.51485974
"ul:stove",328,1.53724435,1.24298571,1.85466681,1.00108067029177,8670.7257436628,0.19438877755511,499,0.99750719,0.837109843,1.173431635
"ul:stroller",329,-0.536449675,-0.7777941975,-0.2909763325,1.00028497827697,9778.7297602297,0.338677354709419,499,1.2435359,1.062235005,1.45618809
"ul:sun",330,-1.23872625,-1.46505676,-1.001965565,1.00024750670515,8682.41623248601,0.396793587174349,499,1.23572575,1.0569637,1.44469018
"ul:sweater",331,1.13330535,0.8405271625,1.43804117,1.00041986348961,8396.19996381198,0.220440881763527,499,0.993049025,0.847304758,1.15520181
"ul:swim",332,-0.20509833,-0.428542709,0.0215859918,1.00044820358588,8077.38858204193,0.31062124248497,499,1.3883161,1.170994065,1.64153962
"ul:swing (action)",333,-1.1092883,-1.353061665,-0.865656501,1.00310673185637,10872.5608052087,0.386773547094188,499,1.13052305,0.967876943,1.317627705
"ul:swing (object)",334,-1.6593003,-1.88716763,-1.42426564,1.00132476618595,9002.67341666336,0.432865731462926,499,1.1131515,0.956150026,1.284929545
"ul:table",335,-0.733800815,-0.9670789495,-0.491830904,1.00291316396193,7766.19939014352,0.354709418837675,499,1.2274683,1.04771621,1.42198376
"ul:take",336,0.93919174,0.6955767905,1.208216385,1.00210009580053,9703.67673859194,0.228456913827655,499,1.22109345,1.03581652,1.440603315
"ul:teacher",337,1.3708184,1.094649465,1.667583965,0.999829662785293,8023.71498279565,0.202404809619238,499,1.08543295,0.915952512,1.2778522
"ul:teddybear",338,-1.06812295,-1.37188629,-0.759167577,1.00099926075957,7509.44882260603,0.390781563126253,499,0.762603695,0.662579251,0.87492543
"ul:telephone",339,-1.82176205,-2.054139965,-1.57890955,1.00134240317713,7813.68931494764,0.44689378757515,499,1.13992465,0.9853573035,1.31347113
"ul:thank you",340,-3.50373195,-3.81041389,-3.209124705,1.00069397898376,8567.94174274548,0.591182364729459,499,0.724660835,0.6312861405,0.8327588385
"ul:that",341,-0.65685214,-0.9903158375,-0.3098853115,1.0015031262784,7559.0905698262,0.364729458917836,499,0.622601,0.5417021395,0.71194922
"ul:there",342,0.0305847385,-0.265564019,0.331863565,1.00030682890128,7835.64321021573,0.30060120240481,499,0.9133377,0.7874288075,1.05938879
"ul:thirsty",343,0.0853305125,-0.1578897125,0.3445949845,1.00177693129417,7282.01778478451,0.290581162324649,499,1.17560585,0.9996676195,1.376631225
"ul:this",344,-0.421097245,-0.7583350685,-0.0642910315500001,1.0009834927024,7750.7409997827,0.344689378757515,499,0.663979565,0.578302593,0.758348592
"ul:throw",345,-0.404093035,-0.6254893,-0.1624138545,1.00054153456329,7591.45138962593,0.326653306613226,499,1.3382248,1.137493955,1.57384079
"ul:tickle",346,-1.23341105,-1.5525511,-0.8962219785,1.00199513600828,8132.81187668336,0.404809619238477,499,0.72395084,0.628438814,0.8300504855
"ul:tiger",347,-0.89579495,-1.14523957,-0.642346213,1.00144049024861,8843.76223689515,0.370741482965932,499,1.04645605,0.8991872085,1.21209642
"ul:tired",348,0.506183635,0.2620591585,0.758235098,1.00157985153978,8237.32379132631,0.258517034068136,499,1.2446917,1.051700265,1.467678445
"ul:toast",349,-0.594040655,-0.8690848045,-0.310271176,1.00013174754517,8271.90488681958,0.348697394789579,499,0.922215395,0.7960205065,1.06114117
"ul:today",350,1.73053815,1.461301025,2.027639315,1.00125598312937,10153.4417193733,0.178356713426854,499,1.1571549,0.969162194,1.37859542
"ul:toe",351,-1.93976225,-2.168879045,-1.70888358,1.00218897575421,9273.22029865698,0.456913827655311,499,1.1917282,1.01963544,1.38237747
"ul:tomorrow",352,1.93945445,1.62883154,2.27832337,1.00080095169739,7838.88455333493,0.170340681362725,499,0.978947855,0.824832266,1.15536605
"ul:tongue",353,-0.35772964,-0.5930272935,-0.118966006,1.00076934071919,9049.02977163811,0.324649298597194,499,1.21390975,1.041813205,1.417349805
"ul:tonight",354,2.60858965,2.29166987,2.98901577,1.00013667800904,8274.99930636376,0.132264529058116,499,0.996119525,0.8277912185,1.18643816
"ul:tooth",355,-2.08682465,-2.33678283,-1.8283685,1.00189317995872,7891.21583984783,0.470941883767535,499,0.964464865,0.840643266,1.10281733
"ul:toothbrush",356,-1.65794325,-1.91565371,-1.40511639,1.00058060049169,9231.43425922336,0.434869739478958,499,0.997664785,0.8635412675,1.143812855
"ul:touch",357,-0.010342494,-0.2521334705,0.238944118,1.00074193214067,8865.77174977903,0.298597194388778,499,1.1557566,0.9825769395,1.360381215
"ul:towel",358,-0.711005685,-0.9324497055,-0.476855942,1.00071559209206,8705.25198951254,0.352705410821643,499,1.2297677,1.054195315,1.43260371
"ul:toy (object)",359,-1.72098985,-1.963978475,-1.48843534,1.00522612372252,9863.55383125111,0.438877755511022,499,1.12079885,0.960349628,1.29814998
"ul:train",360,-1.7660755,-2.00798758,-1.518871305,1.00163207298349,9649.75352568212,0.442885771543086,499,1.0454004,0.901158108,1.205400355
"ul:tree",361,-2.23603235,-2.46633885,-2.005919355,1.0011309241206,9664.72075357228,0.482965931863727,499,1.11969765,0.972327715,1.297387995
"ul:truck",362,-3.0862026,-3.35687697,-2.804364375,1.00040835139481,9444.43615478467,0.557114228456914,499,0.87527746,0.7634053475,1.00167102
"ul:tummy",363,-1.7645117,-2.00350829,-1.53284481,1.00174109862506,9018.76611293493,0.442885771543086,499,1.10365485,0.9511251565,1.27026294
"ul:turkey",364,0.619554195,0.3299738895,0.9233973165,1.00074794077148,7962.13563692207,0.256513026052104,499,0.95862811,0.824357223,1.10921983
"ul:turtle",365,-1.2075301,-1.455229145,-0.9709925775,1.00034918828146,9381.08875954835,0.394789579158317,499,1.1579541,0.9905198175,1.35304954
"ul:tv",366,-1.63898245,-1.90637869,-1.37062913,1.00296978987071,10665.8143373188,0.432865731462926,499,1.00995425,0.871001541,1.166346665
"ul:uh oh",367,-6.51172885,-6.99212728,-6.07617719,1.0017128246473,6962.91921957836,0.793587174348697,499,0.564606145,0.483521824,0.6548353
"ul:uncle",368,0.27271047,-0.0358624499,0.5912390915,1.00062150821443,7618.79449726176,0.286573146292585,499,0.809433455,0.7016467945,0.93003434
"ul:under",369,0.76167277,0.490811879,1.038978435,1.0018043829115,6002.50330218837,0.24248496993988,499,1.1280744,0.954050162,1.31608578
"ul:up",370,-3.0463353,-3.3489211,-2.745359805,1.00138763533772,9685.7793373263,0.55310621242485,499,0.693720885,0.6074154015,0.7896016255
"ul:vacuum",371,-0.455283855,-0.7070101375,-0.195461849,1.00321133293876,8733.29048646617,0.334669338677355,499,1.04984795,0.9021478845,1.213283005
"ul:vroom",372,-3.56491945,-3.98919921,-3.15830286,1.00088263771221,6498.21772459355,0.585170340681363,499,0.445548825,0.3874561585,0.50962609
"ul:wait",373,0.546423345,0.282602748,0.8107909005,1.00073624670578,7098.81268272586,0.258517034068136,499,1.087674,0.931495583,1.275600195
"ul:walk",374,-1.18197085,-1.41839622,-0.9257091675,1.00233948310287,7975.51381395466,0.392785571142285,499,1.1382195,0.9833499775,1.32566021
"ul:wanna",375,0.237495635,-0.07454229045,0.5659477695,1.00052506148644,8538.28037452856,0.290581162324649,499,0.781880035,0.6734967585,0.899468805
"ul:wash",376,-0.70299331,-0.918972632,-0.489590744,1.00222171968853,9323.40188629374,0.350701402805611,499,1.4046287,1.19122951,1.652027005
"ul:watch (action)",377,0.18430853,-0.07413448265,0.4506865805,1.00234728272729,8835.0932466242,0.284569138276553,499,1.1061547,0.944771741,1.292430855
"ul:watch (object)",378,-0.496159035,-0.7430315505,-0.242220446,1.00270857963922,9437.22766165555,0.336673346693387,499,1.11932845,0.9634803195,1.301850565
"ul:water (beverage)",379,-2.5274185,-2.787424805,-2.255806645,1.0044905701592,9381.17832798707,0.509018036072144,499,0.905645025,0.7842261645,1.043723045
"ul:water (not beverage)",380,-2.0563777,-2.292800155,-1.818170035,1.00072315658253,10115.1650006839,0.466933867735471,499,1.1453038,0.9855639415,1.33144665
"ul:wet (description)",381,-1.14138125,-1.373699495,-0.9088051865,1.00301192452144,7988.52293207373,0.38877755511022,499,1.2100148,1.037424875,1.41704671
"ul:what",382,-0.44178904,-0.7498158645,-0.116173787,0.999905143848726,8172.06913945395,0.342685370741483,499,0.737457815,0.6373583585,0.8457678525
"ul:when (question)",383,3.2551474,2.882876385,3.67719837,1.00023776417079,6001.18196139602,0.104208416833667,499,0.92928159,0.7669335415,1.113244655
"ul:where (question)",384,-0.0551012,-0.346015757,0.2551328235,1.00187408037955,8941.75106472377,0.31062124248497,499,0.80934185,0.700801443,0.9300067015
"ul:who",385,1.1963831,0.884257569,1.53508982,1.00019734004138,7766.4426960741,0.222444889779559,499,0.82502258,0.7116168995,0.955518852
"ul:why",386,1.4327518,1.084885015,1.825329015,1.00023816198482,7403.59152735777,0.212424849699399,499,0.734055185,0.6308810845,0.851860001
"ul:window",387,-0.443934455,-0.653362584,-0.235066951,0.999817643977771,8757.70934077457,0.328657314629259,499,1.53249665,1.28539947,1.83193395
"ul:wipe",388,0.20766634,-0.03698311085,0.4528302005,1.00309717130149,10651.7172838177,0.280561122244489,499,1.25331945,1.060333935,1.479196075
"ul:woof woof",389,-4.7693699,-5.143511785,-4.418751815,1.00208473145021,8254.71063470104,0.687374749498998,499,0.640200725,0.550350166,0.737238198
"ul:work (place)",390,-0.61554287,-0.845560815,-0.3847858905,1.00268632763734,8166.18597989341,0.344689378757515,499,1.24885995,1.06452376,1.4649242
"ul:write",391,0.88078599,0.617787774,1.16069727,1.00101793879992,9238.31471953498,0.234468937875752,499,1.1264321,0.950347066,1.337666895
"ul:yes",392,-3.34714955,-3.62546385,-3.077833505,1.00156959821668,9406.87725467307,0.579158316633267,499,0.820597615,0.7156074885,0.939701555
"ul:yucky",393,-1.78890985,-2.081658205,-1.49545077,1.00233524602649,8172.13826281577,0.448897795591182,499,0.76219228,0.662577143,0.874057242
"ul:yum yum",394,-3.6205925,-4.03185365,-3.222576855,1.00130844659241,7524.35477333499,0.591182364729459,499,0.48127534,0.4202806185,0.5494987555
"ul:zipper",395,-0.229624395,-0.5047406675,0.0402138630499999,1.00087873648639,8448.52961293098,0.318637274549098,499,0.98536901,0.840829375,1.144616475
"ul:zoo",396,0.42078262,0.139079402,0.723246939,1.00189982369419,7799.86154659622,0.272545090180361,499,0.90096664,0.7779286795,1.03761344
"id:a",397,0.538021485,0.216406391,0.872732909,1.00013252597028,9355.01992227859,0.371428571428571,350,0.813713955,0.6899687595,0.955367248
"id:an",398,4.1079696,3.67290515,4.657076555,1.00080005057832,5517.85775977763,0.105714285714286,350,0.83051675,0.6800417735,1.006386325
"id:garbage",399,0.980197795,0.6512709695,1.31002194,0.999922015010184,8209.91867079141,0.328571428571429,350,0.87386206,0.73951113,1.02396859
"id:he",400,1.38931925,1.08852145,1.717313905,1.00306248113431,8000.22368980539,0.288571428571429,350,0.9446663,0.8034266325,1.11213401
"id:hers",401,3.02414335,2.64572376,3.46785034,1.00207061170814,6021.60108334219,0.168571428571429,350,0.82772431,0.6900072765,0.993626553
"id:him",402,2.2766651,1.96508813,2.619490285,1.0008552663958,7896.44109997496,0.211428571428571,350,1.0454583,0.869909438,1.255603545
"id:she",403,1.82600345,1.485489205,2.185775225,1.00142706140291,6050.84607877702,0.254285714285714,350,0.88949917,0.7485505425,1.05238667
"id:sofa",404,2.4935122,2.09100858,2.93167592,0.999811783449682,6079.52209889831,0.214285714285714,350,0.731973115,0.606770393,0.8606340765
"id:them",405,2.56954465,2.238705115,2.93298816,1.00009424325773,6514.34175233092,0.191428571428571,350,0.990756775,0.8234644,1.18457418
"id:they",406,3.07851225,2.740143155,3.45925567,1.00154455970373,6295.86670311009,0.154285714285714,350,1.0161788,0.8305400635,1.234859405
"id:us",407,3.47705135,3.093332485,3.92261141,1.00043499558048,6758.45673968376,0.134285714285714,350,0.92531464,0.7623842925,1.12867273
"id:we",408,2.45926635,2.112535465,2.84289594,1.00072984810256,6417.9718366881,0.205714285714286,350,0.86973724,0.7259120695,1.036371095
"id:yard",409,0.955348525,0.6656301715,1.2568542,1.0003265003862,8093.93296843366,0.325714285714286,350,1.0344928,0.8729855625,1.21672954
"ul:1PL.POSS",410,3.51614115,3.143342085,3.946978705,1.00105558282649,5957.47604324444,0.128571428571429,350,0.98822593,0.8076656465,1.203766875
"ul:1SG.REFL",411,2.9381757,2.572807885,3.337428365,1.00104722806094,5981.70708216458,0.168571428571429,350,0.93004867,0.7639352625,1.123742275
"ul:2SG.REFL",412,4.56078075,4.07141893,5.157321935,1.00099013544477,6851.48241073125,0.0828571428571429,350,0.87225396,0.706952144,1.082090085
"ul:3PL.POSS",413,3.25068705,2.889762795,3.647523705,0.999714540972302,7416.04849711629,0.142857142857143,350,1.0350757,0.8384313695,1.256073235
"ul:a lot",414,2.07614865,1.75367152,2.419842365,0.999760583216046,6884.9361375454,0.231428571428571,350,0.954524385,0.799481717,1.13333885
"ul:about",415,3.3098554,2.95431771,3.70104501,1.00206448538948,7282.25019785557,0.14,350,1.0209357,0.8345695555,1.241613635
"ul:above",416,3.50459895,3.096024365,3.96248669,1.00275898280527,6160.99597479322,0.137142857142857,350,0.8583507,0.7037446865,1.031487735
"ul:after",417,1.88945,1.643039045,2.156377795,1.00244150994682,9479.91291006452,0.234285714285714,350,1.4271578,1.175726815,1.740294485
"ul:alligator",418,0.135483845,-0.1193487845,0.397494285,1.00014980549464,8830.4738214434,0.402857142857143,350,1.21353285,1.02926199,1.4352812
"ul:am",419,2.2717143,1.93473237,2.6230855,1.0002234483981,7240.155823789,0.214285714285714,350,0.989420945,0.8283939775,1.17511273
"ul:and",420,1.08014565,0.802415251,1.38115534,1.00404646995814,7937.12447485296,0.314285714285714,350,1.03405465,0.868166513,1.221828335
"ul:ankle",421,2.12344685,1.798375985,2.47313663,1.00563716473085,6579.35573266235,0.228571428571429,350,0.917794135,0.7683929705,1.090854995
"ul:ant",422,-0.239264045,-0.516199729,0.0359728597999999,1.00301826382217,8096.32425191729,0.442857142857143,350,1.04411295,0.8856307255,1.226276375
"ul:any",423,2.27106515,1.95295918,2.613019565,1.00116888483104,8895.51914829923,0.211428571428571,350,1.0501421,0.8628265655,1.262448115
"ul:applesauce",424,-0.020236198,-0.280683459,0.242144208,1.00040510945906,7439.49077301064,0.42,350,1.0957303,0.9285503565,1.29031999
"ul:are",425,1.98546075,1.67039814,2.3122617,1.00100640308809,8289.99274676398,0.237142857142857,350,0.986467335,0.8288563095,1.16552136
"ul:around",426,2.07419595,1.74791373,2.428672525,0.99953508865296,6871.34929457928,0.231428571428571,350,0.938961085,0.789256515,1.115325745
"ul:at",427,1.83302505,1.515923825,2.17184578,1.00199623267985,8008.68493075791,0.251428571428571,350,0.934631375,0.784694393,1.10315472
"ul:awake",428,0.689981325,0.4184637805,0.9685850835,0.99947247613002,9851.49270863511,0.348571428571429,350,1.1404056,0.960525585,1.344497705
"ul:basement",429,5.1706152,4.53858173,5.92232101,1.00185464633432,5343.01716130433,0.0771428571428571,350,0.662629855,0.542169722,0.8040162945
"ul:basket",430,-0.231683775,-0.465672163,0.00795051679499996,0.999939708516016,9574.49917222227,0.44,350,1.2565389,1.05242466,1.49494262
"ul:bat (object)",431,-0.038242395,-0.353808242,0.293445355,1.00211850372537,9341.19764900167,0.425714285714286,350,0.806642595,0.6855598945,0.938112937
"ul:be",432,2.48847165,2.12657666,2.898721895,1.00351755063928,7247.13851045999,0.205714285714286,350,0.83329387,0.695787723,0.994120347
"ul:beans",433,-0.46397063,-0.7499528235,-0.182155158,1.00595151624414,8505.00325251193,0.465714285714286,350,1.0058244,0.8521293925,1.172715745
"ul:because",434,2.6679584,2.31992515,3.051428135,1.00235102115174,7960.04474174843,0.185714285714286,350,0.95424157,0.787442583,1.14676866
"ul:before",435,2.86201205,2.53561762,3.243951875,1.00126715294355,6323.01333442758,0.168571428571429,350,1.0307678,0.846637856,1.24808871
"ul:behind",436,1.64810585,1.332347695,1.977092685,1.00281956143359,9281.01284550757,0.265714285714286,350,0.977395505,0.816892802,1.160108865
"ul:belt",437,0.073125524,-0.1886992615,0.34880432,1.00014915986441,7503.47994547308,0.411428571428571,350,1.01131775,0.8576725715,1.19145854
"ul:bench",438,2.3071124,2.01643424,2.62354049,1.00024441134812,8096.25329029353,0.205714285714286,350,1.1496615,0.9521323625,1.378430575
"ul:beside",439,3.47603775,3.080732385,3.92691242,0.999856358018229,5491.34179264215,0.134285714285714,350,0.930153505,0.755751876,1.127722785
"ul:better",440,0.84924693,0.58731784,1.12690938,1.00003368090564,9141.55563646015,0.334285714285714,350,1.08327115,0.9105216045,1.274264965
"ul:black",441,0.259453965,-0.0227964787,0.5535025745,1.00059791982429,8584.20542734597,0.394285714285714,350,0.951124865,0.7977501075,1.115036195
"ul:boat",442,-1.811868,-2.109675015,-1.528433025,1.00399042722294,9596.1616361218,0.602857142857143,350,1.0011613,0.8467954055,1.18067565
"ul:brown",443,0.69021256,0.397766324,0.9840640485,0.999982536147548,9300.88344999005,0.351428571428571,350,1.0073369,0.8545638905,1.18285779
"ul:bucket",444,0.254097945,-0.00744129315999999,0.519227313,1.00134203190724,8129.59443219077,0.391428571428571,350,1.1489053,0.9674206215,1.357601365
"ul:build",445,0.96217152,0.7063585665,1.22281359,1.0012644119751,9995.15864704821,0.32,350,1.29634625,1.07661833,1.54496433
"ul:but",446,3.25175745,2.847169425,3.73608813,0.999778341443137,5388.68176443762,0.154285714285714,350,0.830067995,0.68302579,0.9988747815
"ul:butt",447,-1.2456885,-1.522685055,-0.966859307,1.00026796611259,6982.77154774816,0.545714285714286,350,1.01124725,0.8548861645,1.18480584
"ul:buy",448,1.3576813,1.066103535,1.67653621,1.0032698867404,7770.92264948893,0.291428571428571,350,0.954620085,0.8078998475,1.128316015
"ul:by",449,1.7628835,1.427432285,2.14188786,1.00045666213697,7482.03008233924,0.262857142857143,350,0.827287965,0.696564161,0.9763331895
"ul:call",450,-0.59599709,-0.9068721045,-0.286056923,1.00117369589901,6722.55114069174,0.48,350,0.848002955,0.726341933,0.9830845525
"ul:camera",451,0.1354853,-0.0856760363,0.3669822705,1.00018670424006,8019.49608444527,0.4,350,1.49805985,1.25486878,1.77584663
"ul:camping",452,4.0989978,3.592609935,4.70790737,1.00092527372426,6242.54211316586,0.117142857142857,350,0.71435428,0.5873363265,0.857120867
"ul:can (auxiliary)",453,1.39247995,1.11391702,1.695379275,1.00203653199675,7784.5979191394,0.285714285714286,350,1.02826,0.8650124475,1.21738244
"ul:can (object)",454,0.908998865,0.638744319,1.182948075,1.00079538103833,7443.99103165818,0.328571428571429,350,1.11406675,0.932497713,1.318684265
"ul:carry",455,0.179921705,-0.0569131846,0.435974597,1.00046975637968,8651.81027151542,0.397142857142857,350,1.3112891,1.102960875,1.55170894
"ul:catch",456,0.025264068,-0.220087278,0.276656007,1.00284900108265,8997.75439483092,0.414285714285714,350,1.1743641,0.9920906255,1.38981164
"ul:chalk",457,1.06059965,0.781497847,1.346944475,1.00284272006914,6556.60694609005,0.317142857142857,350,0.997464975,0.8426837595,1.170573975
"ul:chase",458,1.3841791,1.09843497,1.692585195,1.00014606542074,8614.35184746766,0.285714285714286,350,1.0693948,0.895365554,1.26519685
"ul:chin",459,-0.694946905,-0.9394272755,-0.4472508235,1.00318868731442,6862.26052538607,0.488571428571429,350,1.2075886,1.01413597,1.431068255
"ul:chips",460,-0.54011129,-0.8411071475,-0.23808635,1.00060776400841,9273.29364847383,0.474285714285714,350,0.922214635,0.785192621,1.072407345
"ul:chocolate",461,0.26795728,0.00462112891000001,0.550279041,1.00022915468714,8643.0898658374,0.391428571428571,350,1.0691866,0.910494008,1.246851585
"ul:circus",462,2.584499,2.233077275,2.976323035,1.0023510636551,5966.44822837121,0.194285714285714,350,0.90981306,0.756224521,1.089559775
"ul:clap",463,-1.1319772,-1.398892095,-0.86055736,1.00058484477028,8961.2510353994,0.534285714285714,350,1.04128665,0.876007184,1.225649705
"ul:climb",464,0.12019269,-0.1074681965,0.3532245155,1.00001072767481,9482.4091817595,0.402857142857143,350,1.34643875,1.1309509,1.60215803
"ul:closet",465,0.248894675,0.02578460665,0.4781808785,1.00271020524087,8394.94274445814,0.388571428571429,350,1.4818545,1.231938925,1.78098094
"ul:cloud",466,0.0783455665,-0.1969954865,0.3613734475,1.00030766586549,8536.41318416818,0.411428571428571,350,1.00352925,0.850773796,1.181574725
"ul:clown",467,0.67966636,0.4062393745,0.9640061615,0.999985170284886,8841.4115772041,0.351428571428571,350,1.06672745,0.9013050775,1.25503569
"ul:coke",468,0.71252717,0.3738199555,1.073287535,0.999649053114101,7193.94048558821,0.36,350,0.71377767,0.6061021,0.832125838
"ul:cook",469,-0.19545872,-0.452839533,0.0663611882999999,1.00214507744179,7974.23264090483,0.437142857142857,350,1.1623202,0.980866697,1.369068645
"ul:corn",470,-0.744665535,-1.002343225,-0.490129159,1.00104252849982,9292.95077071311,0.494285714285714,350,1.0984703,0.924687012,1.297106655
"ul:could",471,4.1801514,3.726648925,4.71192469,0.999528650121767,5833.60362532096,0.0971428571428571,350,0.9189122,0.7459427745,1.126636605
"ul:country",472,4.6450803,4.15476104,5.24041649,1.00163852997276,5357.97078578194,0.08,350,0.85956722,0.6912694275,1.05368639
"ul:cover (action)",473,1.2258847,0.9630208775,1.499027525,1.00109965694674,8207.31317011068,0.297142857142857,350,1.1813548,0.9948952165,1.395985085
"ul:cowboy",474,1.91747425,1.62317279,2.23449342,1.00066593567676,7145.10901429091,0.24,350,1.0677162,0.8933184345,1.2766216
"ul:crayon",475,-0.98913209,-1.25690674,-0.735217924,1.00078344702036,8235.54225504153,0.52,350,1.13044135,0.95643576,1.33486857
"ul:cut",476,0.627039165,0.3501086735,0.902057763,1.00099538719881,9282.53333605924,0.354285714285714,350,1.1836713,1.00273815,1.40778677
"ul:did",477,1.34966075,1.067659415,1.64899125,1.00232502946019,9083.1048286959,0.288571428571429,350,1.0745161,0.9015012625,1.27933646
"ul:do",478,-0.159091935,-0.461369083,0.1454834455,1.00231678270742,9086.34112247597,0.437142857142857,350,0.852668455,0.7294891655,0.996636884
"ul:doctor",479,-0.23298352,-0.47657378,0.00768116362999993,1.00443233739931,7293.35237902132,0.44,350,1.2948656,1.09230003,1.537638175
"ul:does",480,3.37451515,2.96213521,3.855763935,0.999916695443139,5777.19999347737,0.148571428571429,350,0.807904405,0.6706112165,0.9665899145
"ul:downtown",481,4.1165067,3.60923261,4.769247085,1.00174678309824,5695.52729529569,0.122857142857143,350,0.657339725,0.5414227135,0.790311712
"ul:drop",482,0.34017698,0.099911651,0.5781453595,1.00193835308799,9377.49883639254,0.38,350,1.41707615,1.18129854,1.695507335
"ul:dry (action)",483,0.76832328,0.483228194,1.06049016,1.00108208727568,8947.13510452122,0.342857142857143,350,1.0601474,0.894813166,1.25431452
"ul:dryer",484,1.5227136,1.241146735,1.823940645,0.999697444423093,8914.27255534795,0.271428571428571,350,1.1225128,0.941120803,1.33534264
"ul:dump",485,2.3378105,1.963073455,2.73639569,1.00399666441365,5883.24164317359,0.22,350,0.79428852,0.668027411,0.937413678
"ul:each",486,4.512464,4.01501458,5.1497703,1.00062890506916,5080.46764049122,0.0885714285714286,350,0.812035055,0.6552457595,0.9919179075
"ul:every",487,3.1806332,2.80598327,3.597462625,1.0022258285721,6348.78756193912,0.151428571428571,350,0.94421077,0.775266689,1.14230543
"ul:farm",488,1.5612825,1.22887399,1.900553175,1.00282076292579,7317.32874538326,0.277142857142857,350,0.883212625,0.752971598,1.035416765
"ul:find",489,0.191684715,-0.0327103297,0.420480268,1.00596334549771,9003.61774243342,0.394285714285714,350,1.4792697,1.21710857,1.7904396
"ul:firefighter",490,0.955601625,0.720873488,1.2023811,0.999749566701028,7904.9568894065,0.32,350,1.34895235,1.115462365,1.645179135
"ul:first",491,1.56839695,1.29552742,1.85457887,0.99986457989323,8256.52531506509,0.265714285714286,350,1.226479,1.02444944,1.46227093
"ul:fit",492,1.77678455,1.504305165,2.07104186,1.00217649552015,7730.92561249675,0.248571428571429,350,1.17150825,0.972154625,1.410898075
"ul:fix",493,-0.0687681645,-0.3013619875,0.171316809,1.00145089999392,9694.81190887609,0.422857142857143,350,1.2978589,1.089877895,1.540903655
"ul:flag",494,-0.29553126,-0.566123281,-0.0112269496000001,1.00168793723413,9960.27971463549,0.448571428571429,350,1.0514369,0.884504653,1.237109875
"ul:for",495,1.83205585,1.54958359,2.14386478,1.00185543500632,8557.25354838808,0.245714285714286,350,1.1002305,0.922938592,1.31319461
"ul:forest",496,4.11134635,3.6385082,4.6568416,1.00100518819239,5010.95853903404,0.105714285714286,350,0.842953815,0.688591889,1.033557925
"ul:french fries",497,-1.12962775,-1.394261515,-0.864581344,1.00121179381216,7485.0028843632,0.534285714285714,350,1.1213628,0.9420094525,1.32383164
"ul:friend",498,0.84786938,0.597748566,1.10832167,1.00094735865107,8153.0071717681,0.331428571428571,350,1.288848,1.078583275,1.525964135
"ul:full",499,0.6259869,0.37827503,0.8851844335,1.00042872863935,6882.74680256128,0.354285714285714,350,1.18911445,1.00687194,1.40184571
"ul:game",500,0.698137455,0.4204499675,1.005127145,0.999602287535949,8467.13603736729,0.351428571428571,350,0.96777795,0.8222004815,1.134948475
"ul:gas station",501,1.80099715,1.498742515,2.13818131,0.999948886445731,8222.89864945429,0.251428571428571,350,1.0117975,0.844562615,1.196226745
"ul:give me five",502,-0.10642345,-0.431819326,0.228685791,0.999949575048834,8613.29379711325,0.434285714285714,350,0.74810129,0.639551627,0.8691881455
"ul:glove",503,1.0187382,0.752028909,1.29064212,1.00091776604544,7206.04097183286,0.317142857142857,350,1.1767657,0.986249223,1.39700583
"ul:glue (object)",504,1.9174095,1.62597244,2.23666408,1.00120283104434,8774.45815623549,0.24,350,1.0546293,0.879511064,1.24942674
"ul:go potty",505,-1.26255175,-1.51341405,-1.00711733,1.00194035466166,9801.31873962541,0.548571428571429,350,1.20809925,1.01928211,1.421804535
"ul:gonna",506,1.2023056,0.903315552,1.501946165,1.00102801246467,8602.01460602482,0.302857142857143,350,1.04618925,0.88001993,1.24086041
"ul:gonna get you",507,-0.543443305,-0.8520173185,-0.2368710825,1.00046343320619,7970.16447316919,0.474285714285714,350,0.882947455,0.747633202,1.029806965
"ul:gotta",508,2.66081495,2.30476716,3.07877732,1.00367325756877,6482.93868281752,0.191428571428571,350,0.858217185,0.712634067,1.028074865
"ul:grapes",509,-1.3776065,-1.645221845,-1.120321015,1.00068650808017,8418.96712282883,0.56,350,1.10585175,0.9280659965,1.31240051
"ul:grass",510,-1.07041685,-1.318073305,-0.825617183,1.00041414645109,9869.95054907091,0.528571428571429,350,1.2265115,1.02621696,1.457259775
"ul:green",511,-0.32195379,-0.597404599,-0.0427450555500001,1.00112861505398,9250.92250823259,0.451428571428571,350,1.0055394,0.847581568,1.17433808
"ul:green beans",512,0.5588001,0.2774277865,0.8493884655,1.00159183695991,7740.50115633663,0.365714285714286,350,0.928601555,0.786645533,1.089493685
"ul:gum",513,0.923081355,0.5661312215,1.30927686,1.0005315767087,8524.48874865406,0.342857142857143,350,0.69128889,0.5839186885,0.803940555
"ul:hamburger",514,0.006475094,-0.225780107,0.2507057635,0.99972253095789,8538.13741880386,0.414285714285714,350,1.36245405,1.143876335,1.626604535
"ul:hate",515,4.3078376,3.74972005,4.99456958,1.0000313507421,5620.86524459689,0.111428571428571,350,0.67589565,0.5528083295,0.8134841225
"ul:have",516,0.45029047,0.2143746865,0.6890007545,1.00014750308831,7531.07799396608,0.368571428571429,350,1.44801135,1.204751405,1.732619845
"ul:have to",517,1.96137885,1.63575341,2.30263857,1.00043038772841,7795.44131828068,0.24,350,0.963310835,0.8126852175,1.137718925
"ul:hear",518,0.63932232,0.388530649,0.897604003,1.00165467133174,9461.33694657584,0.351428571428571,350,1.2960915,1.086320565,1.532457905
"ul:heavy",519,-0.0288381585,-0.2464929825,0.19068366,1.00296169660506,8047.58975321093,0.417142857142857,350,1.48730755,1.23425854,1.781528435
"ul:helicopter",520,-0.02037937,-0.3087458205,0.2600465,1.00403718641075,9125.20500180963,0.42,350,1.0562936,0.8943647115,1.235447405
"ul:hen",521,2.3711762,1.996669885,2.778914535,1.00039987454761,6434.95386131133,0.217142857142857,350,0.79602478,0.666492971,0.94470171
"ul:here",522,-0.088578081,-0.334016823,0.1628054825,1.00081902362582,9242.85018174468,0.425714285714286,350,1.19113645,0.9988279755,1.421069705
"ul:hide",523,-0.00916820195,-0.263422226,0.245016758,1.00210280304147,9196.06222894172,0.417142857142857,350,1.25720805,1.049570485,1.49310021
"ul:high",524,0.253751965,-0.0113302766,0.5290444965,1.00009948878158,7361.14624689686,0.391428571428571,350,1.1514156,0.9680254825,1.363823405
"ul:hold",525,-0.00155542245,-0.2628676915,0.2563385695,1.00201327909776,10006.0385956623,0.417142857142857,350,1.16550375,0.985098951,1.380919905
"ul:hose",526,0.534979695,0.264313704,0.816860815,1.00145860912891,8488.21548674808,0.365714285714286,350,1.04958065,0.8828211835,1.241405365
"ul:ice",527,-0.851106905,-1.11746044,-0.5803478215,1.00040649710685,8911.86230218516,0.505714285714286,350,1.0272728,0.8720332655,1.20076917
"ul:if",528,4.2545479,3.774453,4.842167565,1.00003356461137,5708.60339377351,0.102857142857143,350,0.785218645,0.6454140015,0.954993449
"ul:into",529,3.8939878,3.448940815,4.404127575,1.0000415081589,6193.32929238599,0.114285714285714,350,0.872224715,0.714529052,1.06642887
"ul:is",530,1.22128555,0.9291994795,1.540910985,1.00080937709576,7161.65414805381,0.302857142857143,350,0.97188463,0.817809105,1.15057847
"ul:jar",531,2.7344873,2.35982864,3.15873685,0.999558349977114,6334.07701118342,0.188571428571429,350,0.83673232,0.693842681,0.993302576
"ul:jello",532,0.898037715,0.6099125785,1.20208106,1.00215670161986,8410.75114770095,0.334285714285714,350,0.91523909,0.7779324375,1.07555038
"ul:jelly",533,0.6118908,0.3360800045,0.8951419955,1.00064190943786,9047.57352049622,0.357142857142857,350,1.0871407,0.917840635,1.288079435
"ul:knife",534,-0.09437949,-0.3309335525,0.145558565,1.00059859234797,9135.32727947299,0.425714285714286,350,1.29713475,1.08867699,1.547131895
"ul:knock",535,-0.107531055,-0.36959499,0.1490084215,1.00225055442441,8073.82953456214,0.428571428571429,350,1.12034775,0.9461514125,1.320334665
"ul:ladder",536,0.852857545,0.607411771,1.109744255,1.003550654032,8353.7347581989,0.331428571428571,350,1.2427184,1.0445585,1.47601331
"ul:last",537,2.7830307,2.46109693,3.12997415,1.00123516863037,6630.10778107994,0.171428571428571,350,1.09563455,0.902721011,1.325469015
"ul:lawn mower",538,0.54461729,0.246830419,0.8604217865,1.00039398011043,7187.77816751624,0.368571428571429,350,0.87673607,0.7420381855,1.027205655
"ul:lemme",539,0.49751476,0.2232450395,0.7914169485,0.999689440965252,9291.03790651143,0.368571428571429,350,1.052224,0.8930107825,1.239299125
"ul:lick",540,0.84516217,0.5746598915,1.11789097,1.00096998614303,8987.59734255321,0.334285714285714,350,1.1316155,0.9547047585,1.33979448
"ul:like",541,0.5013016,0.256314471,0.763285276,1.00420262174091,7885.40794840326,0.365714285714286,350,1.24644165,1.040316975,1.48549516
"ul:lip",542,-0.0108121615,-0.262121174,0.240657645,1.00088468656077,9103.67323239065,0.417142857142857,350,1.24450095,1.046132745,1.47540043
"ul:listen",543,1.27454925,1.00703699,1.56622808,1.00017360940305,8065.16511001366,0.294285714285714,350,1.10201675,0.9265373695,1.31097132
"ul:lollipop",544,0.892325185,0.583793144,1.225630495,0.999699364938029,8341.02362344329,0.337142857142857,350,0.844017035,0.71686021,0.991689614
"ul:long",545,1.9078143,1.62755613,2.196618155,1.0009996721433,6652.87024272197,0.237142857142857,350,1.1884284,0.9889523115,1.422759845
"ul:loud",546,0.47011468,0.2174804645,0.7336095985,1.00167722264175,9832.07820877435,0.368571428571429,350,1.26912625,1.059882035,1.50937467
"ul:mad",547,1.4341021,1.146656245,1.72778274,1.00332769893175,7526.23282290159,0.282857142857143,350,1.00982455,0.8486412865,1.194469525
"ul:mailman",548,1.5763118,1.2846697,1.88048774,0.999482013292427,7936.69443212822,0.268571428571429,350,1.08626545,0.9088080145,1.288480195
"ul:make",549,0.83791317,0.5948759335,1.08528286,1.00418115054605,9675.95897807272,0.331428571428571,350,1.3562494,1.130511805,1.63112041
"ul:melon",550,1.49578385,1.124566875,1.890070155,1.00027249568633,7500.58954462146,0.294285714285714,350,0.6916108,0.5835388825,0.8080738815
"ul:mitten",551,1.08525065,0.7556559035,1.427905285,1.00134057121552,8057.29096558024,0.322857142857143,350,0.78967542,0.6672925555,0.927875768
"ul:moose",552,1.8903485,1.50353189,2.293409645,1.00104142654571,7571.68269485648,0.257142857142857,350,0.765358855,0.6423305345,0.9054139735
"ul:mop (object)",553,1.4679818,1.129752955,1.844813605,1.00121027426403,8996.25498968809,0.291428571428571,350,0.76015833,0.6439558105,0.898020936
"ul:movie",554,0.692656195,0.3871585475,0.9978905335,1.00360618096052,10146.8679593298,0.354285714285714,350,0.90069863,0.7680044405,1.05125094
"ul:much",555,2.37890565,2.03246285,2.76013155,0.999448326601142,7956.23178537921,0.208571428571429,350,0.92748568,0.770253422,1.114954255
"ul:muffin",556,0.946427,0.646429237,1.24264512,1.00320077554762,8800.31532335035,0.328571428571429,350,0.97222336,0.822088281,1.14263486
"ul:nail (object)",557,1.3473262,1.05190587,1.6571776,1.00053796039796,7683.12060531008,0.291428571428571,350,0.995287185,0.835597262,1.176349625
"ul:napkin",558,-0.1709293,-0.421782456,0.0887559282,1.00122574710421,9300.36862493936,0.434285714285714,350,1.17234735,0.9934711515,1.385680945
"ul:need",559,1.28928515,1.006291255,1.59298055,1.00088108496182,8359.0712556728,0.294285714285714,350,1.05572545,0.8869006065,1.252182005
"ul:new",560,1.1457036,0.8750896855,1.433204755,1.00153054301458,8900.64505224699,0.305714285714286,350,1.1373007,0.953397873,1.34732543
"ul:next to",561,2.9696125,2.649641445,3.32555559,1.00011480717908,7390.85575978014,0.157142857142857,350,1.14226075,0.9318839515,1.38125854
"ul:noisy",562,1.6092541,1.282306405,1.96850402,1.00019826104701,7610.98680103263,0.274285714285714,350,0.84985565,0.7195768125,1.00696231
"ul:nurse",563,3.14352205,2.80062787,3.5479459,1.00070602310515,7740.11062714427,0.148571428571429,350,1.05049595,0.8537582885,1.276752565
"ul:nut",564,1.0436978,0.7337403765,1.3574193,1.00055178567368,7870.39505017812,0.322857142857143,350,0.874784075,0.741156302,1.019999875
"ul:of",565,2.9774961,2.630358145,3.361072815,1.00052307156045,7377.90666177291,0.16,350,1.03460695,0.851353105,1.25235855
"ul:on top of",566,2.0365664,1.76183941,2.325510215,0.99990891762731,9439.21857633874,0.225714285714286,350,1.2196289,1.0060862,1.46304073
"ul:orange (description)",567,-0.0144387055,-0.3108291825,0.278504508,1.00103140220285,8316.92392858299,0.422857142857143,350,0.88529817,0.7541186105,1.0347275
"ul:over",568,1.16601525,0.8932238645,1.44604807,1.00310436049768,7863.58661096457,0.302857142857143,350,1.1915374,0.994983662,1.41800334
"ul:paint (action)",569,0.334421355,0.08197097675,0.5896782325,1.00078074253416,8417.25117268014,0.382857142857143,350,1.20004915,1.01113339,1.42166877
"ul:pancake",570,-0.57760376,-0.8380118975,-0.3132799725,0.99958464050834,7866.47195161644,0.477142857142857,350,1.1045433,0.9387660855,1.296518805
"ul:pastry",571,0.273339695,-0.0575055717,0.604446209,1.001218093168,9643.20638912775,0.397142857142857,350,0.799877375,0.6802830365,0.9299919965
"ul:peanut butter",572,0.180838425,-0.0447142239,0.420503712,1.00064127449364,8476.80638289071,0.397142857142857,350,1.31711445,1.100413935,1.57843713
"ul:pencil",573,0.011598301,-0.265317131,0.2843949835,1.00121254134398,8306.35917240007,0.417142857142857,350,1.07158035,0.9074968935,1.27086364
"ul:penis",574,0.936037705,0.470478759,1.448427525,1.00129789255871,7646.94615944064,0.362857142857143,350,0.46468391,0.3926298695,0.540610681
"ul:pet's name",575,-1.8148085,-2.32283015,-1.339721555,1.00005575884358,6307.26057898562,0.58,350,0.442761885,0.3736500675,0.51639233
"ul:pick",576,1.3990372,1.12831887,1.692596455,1.00241510214524,6314.46777810146,0.282857142857143,350,1.11360105,0.9338845595,1.33006775
"ul:pickle",577,0.368324855,0.060565235,0.6870847175,1.00135584021997,7898.88491649533,0.385714285714286,350,0.849943115,0.7238343835,1.002769605
"ul:picnic",578,1.6879147,1.407325045,1.989274005,0.999845429753441,8319.47570028587,0.257142857142857,350,1.14542585,0.956112324,1.3631062
"ul:play dough",579,0.94947376,0.63521949,1.285925595,1.00074575157788,8293.97864925021,0.331428571428571,350,0.869008295,0.739484806,1.02063484
"ul:playground",580,1.0997918,0.8100673965,1.405287875,1.00095003426207,7822.92370584789,0.314285714285714,350,0.973856375,0.824048365,1.14425595
"ul:police",581,1.71178835,1.398295025,2.044993745,1.00174233359988,7194.71708816206,0.26,350,0.987498335,0.828483951,1.172144775
"ul:poor",582,3.7448748,3.30612966,4.23737732,1.00001284019012,5201.45624404938,0.125714285714286,350,0.82264361,0.6745918155,1.001482235
"ul:popcorn",583,-0.63584424,-0.887882222,-0.373867957,1.00020584249711,7572.12597465669,0.482857142857143,350,1.13853525,0.9654019025,1.341190925
"ul:popsicle",584,0.32440972,0.03235971215,0.614339487,1.00102057887387,7783.56008858699,0.388571428571429,350,0.958834555,0.807726631,1.130173725
"ul:porch",585,2.47887015,2.115403425,2.88351885,1.00135521604838,7880.66105804578,0.202857142857143,350,0.88953463,0.7413689945,1.060567585
"ul:potato",586,0.11749849,-0.149000556,0.401188362,1.00099778014858,8398.3988069818,0.405714285714286,350,1.0948442,0.9271427255,1.287356525
"ul:pour",587,1.249546,0.993007435,1.51556492,1.00452008403995,9891.30490751317,0.294285714285714,350,1.22972015,1.02262763,1.475496485
"ul:present",588,0.0365123285,-0.18272994,0.2699821795,1.00019832156165,9028.1073822044,0.411428571428571,350,1.35863995,1.13296415,1.616905345
"ul:pretend",589,2.15356775,1.88099043,2.43281324,0.999926396798728,7970.07860068743,0.214285714285714,350,1.30899825,1.06478152,1.586647165
"ul:pretzel",590,0.38733095,0.0909787263,0.6905801865,1.00045221155031,7748.43596718997,0.382857142857143,350,0.92715751,0.788180529,1.084603905
"ul:pudding",591,1.42880685,1.088146915,1.801937225,1.00137651112434,7420.15527545582,0.291428571428571,350,0.81658585,0.6917757655,0.9600857565
"ul:pumpkin",592,0.30817513,0.01803174415,0.6012909445,0.999597905090454,7688.67624099556,0.388571428571429,350,1.0024255,0.842034526,1.17376775
"ul:puzzle",593,-0.423459815,-0.6607152905,-0.1815552605,1.00031498136925,9167.28789497444,0.46,350,1.23471605,1.040487425,1.457460915
"ul:quiet",594,0.994004855,0.7180541735,1.280537465,1.00135045764159,8220.14463995636,0.32,350,1.12891795,0.949579056,1.347685935
"ul:rip",595,2.86741195,2.50888757,3.279658325,1.00334227573172,7065.9885194327,0.174285714285714,350,0.904509005,0.7506519685,1.08585831
"ul:roof",596,1.57849765,1.29953232,1.87610036,1.00009616924725,8449.54744814281,0.265714285714286,350,1.17920485,0.9738291715,1.409236965
"ul:room",597,-0.305249535,-0.554873836,-0.0367955702,1.00034533814941,6422.15982729823,0.448571428571429,350,1.12783945,0.958468928,1.320840265
"ul:rooster",598,1.04973345,0.7621137805,1.348798465,1.00028828594826,10189.7271789251,0.317142857142857,350,1.02758455,0.870119715,1.20843783
"ul:sad",599,0.42394349,0.157985684,0.705137231,1.0043448032186,9731.06947391247,0.374285714285714,350,1.16462615,0.983545799,1.37254487
"ul:salt",600,1.53176055,1.22062122,1.863519905,1.00041800447878,10047.9715389408,0.274285714285714,350,1.00485835,0.8427070455,1.19088667
"ul:sandbox",601,1.16546985,0.8599030745,1.505130445,1.00345602524126,7095.20776570225,0.311428571428571,350,0.87845852,0.7479710335,1.03275954
"ul:sandwich",602,-0.0572468755,-0.2687095015,0.1654559455,1.0012280447443,8180.42076169873,0.42,350,1.59342005,1.31785204,1.9102282
"ul:sauce",603,1.3020914,1.00551577,1.607249155,1.00151801949321,7524.52123155228,0.294285714285714,350,1.0205633,0.860308381,1.204733785
"ul:scarf",604,3.04966125,2.68107892,3.44616583,1.0005328043384,6342.27250262224,0.16,350,0.943094195,0.7805238595,1.140097335
"ul:shake",605,0.453644125,0.1738158515,0.732028463,1.00350830577812,8317.22927172585,0.374285714285714,350,1.00975055,0.8526871045,1.18805921
"ul:share",606,0.53865868,0.3083728775,0.778550326,0.999957667255116,8676.64305729076,0.36,350,1.41314035,1.17456334,1.707901055
"ul:shopping",607,0.33710924,0.07150046815,0.598889865,1.00213742593818,8161.92000811447,0.382857142857143,350,1.21026195,1.018973955,1.43974844
"ul:shoulder",608,0.852840305,0.581481684,1.14499081,1.00085205124781,8471.04934541519,0.334285714285714,350,1.06698375,0.902189261,1.25401303
"ul:shower",609,-0.63129748,-0.8911262765,-0.3620266765,1.00051361425787,9343.85976829556,0.482857142857143,350,1.06995055,0.9045697575,1.25293085
"ul:sidewalk",610,0.869564485,0.6225075315,1.113110445,0.999977675242126,8965.94262238815,0.328571428571429,350,1.36613465,1.135575305,1.64786777
"ul:sit",611,-1.52972405,-1.811059195,-1.25110543,1.00255736827651,8262.00930954172,0.574285714285714,350,0.994297945,0.845811143,1.174675165
"ul:skate (action)",612,2.06785415,1.74133212,2.41498414,0.999395051505786,7450.69804864036,0.234285714285714,350,0.8964069,0.7532940905,1.062810585
"ul:sled",613,3.27386435,2.83534558,3.78523313,1.00026523236302,7234.68593269359,0.16,350,0.74566221,0.615126269,0.895146245
"ul:slide (action)",614,-0.63730525,-0.8845398505,-0.3856258145,1.00034992354425,9269.14364322366,0.482857142857143,350,1.17411475,0.995511324,1.38638175
"ul:slipper",615,1.50404935,1.173166835,1.82593342,1.00000672957009,8257.38596066068,0.282857142857143,350,0.865416445,0.7292596645,1.01698116
"ul:slow",616,1.45469795,1.18220909,1.737178345,1.00116240983817,7708.21200456442,0.277142857142857,350,1.17032105,0.974920419,1.404059815
"ul:snack",617,-0.82696777,-1.09105501,-0.5614737165,1.00067285243056,9193.976337563,0.502857142857143,350,1.06665275,0.897998468,1.254509965
"ul:sneaker",618,2.46712345,2.09615518,2.868450115,1.00184267819181,6621.03390296475,0.208571428571429,350,0.8137759,0.682699642,0.959752143
"ul:snowman",619,1.0194387,0.749308056,1.31041326,1.0006199267537,7518.40336044582,0.317142857142857,350,1.13311705,0.9540511905,1.340982715
"ul:snowsuit",620,4.97332575,4.39656597,5.681564845,1.00266806435925,5951.78437452587,0.0742857142857143,350,0.770266815,0.6230229145,0.9491486685
"ul:so",621,3.1328518,2.705610255,3.62938305,1.00123110713439,6358.00823684098,0.168571428571429,350,0.74721417,0.620571847,0.894509019
"ul:so big",622,0.44612077,0.102956657,0.7961957255,1.00233948696686,7395.97051797905,0.382857142857143,350,0.75603489,0.6398407025,0.882469762
"ul:soda",623,1.230941,0.838831148,1.6811318,1.00076376887053,7898.33289043324,0.322857142857143,350,0.608986785,0.5197184015,0.7143977385
"ul:soup",624,0.147136065,-0.132569522,0.434065245,1.0002962801524,8694.4050962034,0.402857142857143,350,1.0925441,0.9257943675,1.2865793
"ul:spill",625,0.492444865,0.2566723935,0.7523370105,1.00014720556975,8912.84818964288,0.365714285714286,350,1.29624995,1.087854715,1.540390535
"ul:sprinkler",626,1.2993702,1.028048145,1.573301835,1.00077438589573,9301.28588834865,0.291428571428571,350,1.14972515,0.963939342,1.36542353
"ul:stand",627,0.558761165,0.314730118,0.813756679,1.00033174785191,8814.3433594885,0.36,350,1.2380756,1.041955385,1.4617401
"ul:stay",628,0.798263895,0.561162954,1.054868535,1.00054614177625,7457.62727745586,0.337142857142857,350,1.21109735,1.017154625,1.427452375
"ul:stick",629,-0.24587222,-0.5074921365,0.00955964658499997,1.00583524633533,6661.75777926603,0.442857142857143,350,1.1030964,0.9295951805,1.30230946
"ul:sticky",630,0.170566145,-0.09593598815,0.4454514085,0.999628112241306,7568.13501516721,0.4,350,1.15656195,0.972537116,1.373629135
"ul:stone",631,2.95611295,2.546884415,3.410934615,1.00031724653572,6069.39984581219,0.177142857142857,350,0.7837123,0.6549473405,0.933680866
"ul:story",632,-0.10620996,-0.365852554,0.155341518,1.00147893076053,9583.40712955947,0.428571428571429,350,1.0952161,0.9211430785,1.2925964
"ul:strawberry",633,-0.210594585,-0.492488741,0.0659413277,1.00067757168126,10185.2196412073,0.44,350,1.0236731,0.862127887,1.214010605
"ul:street",634,0.0861408135,-0.138788782,0.3200328395,1.00132637445106,8375.28269333868,0.405714285714286,350,1.4212448,1.18065853,1.70463924
"ul:stuck",635,0.43005615,0.142362627,0.7255368715,1.00144411454362,7897.78837679814,0.377142857142857,350,0.976402855,0.8241612375,1.155473395
"ul:sweep",636,0.27473151,0.00422190401,0.5562448395,1.00317717862359,9264.04762249495,0.391428571428571,350,1.02583595,0.8654771885,1.20311499
"ul:talk",637,0.68626954,0.4312332345,0.9514277025,1.0023777184833,7542.2335707109,0.348571428571429,350,1.1674179,0.9836468185,1.380741285
"ul:tape (object)",638,0.53599752,0.3099932985,0.7712357385,1.0037554880686,8743.08565136599,0.36,350,1.44906465,1.212432135,1.73637948
"ul:taste",639,1.17216885,0.887005383,1.475630765,1.00096664216121,6212.92214947663,0.305714285714286,350,1.0152614,0.857006728,1.195352075
"ul:tear",640,1.91645105,1.621142005,2.22652948,0.999938888914815,7965.78538898578,0.237142857142857,350,1.14828015,0.9456188085,1.37666584
"ul:the",641,0.9327868,0.6372384425,1.230982255,1.00074774546987,8356.31157892169,0.328571428571429,350,1.00690045,0.853170096,1.18770938
"ul:then",642,3.5063647,3.09741147,3.981935515,1.00105173511702,5351.20185646132,0.14,350,0.81714952,0.674641383,0.981597377999999
"ul:these",643,1.9366619,1.64279731,2.249163715,1.00071378277958,8013.34600131823,0.24,350,1.0126335,0.8423383055,1.212258845
"ul:think",644,2.62752765,2.29748392,3.003482045,1.00057609938948,8089.11701109944,0.185714285714286,350,1.01880955,0.840955726,1.22869546
"ul:this little piggy",645,0.266577265,-0.01130332715,0.54934017,1.00012876811749,8447.33025194144,0.394285714285714,350,0.92909759,0.789854701,1.09080378
"ul:those",646,2.13200745,1.804843245,2.49355141,1.00069398598935,6688.77766416089,0.228571428571429,350,0.91046477,0.7631251305,1.079554085
"ul:tights",647,3.3318447,2.906895705,3.80727515,1.0021833075671,5934.616174732,0.151428571428571,350,0.805572645,0.6661764595,0.96502144
"ul:time",648,2.6405552,2.25798372,3.068737445,1.00036200732328,7325.2793087938,0.197142857142857,350,0.80518255,0.6662721325,0.957429252
"ul:tiny",649,2.64026505,2.29562601,3.023917195,1.00118415686797,8012.30106275289,0.188571428571429,350,0.938340575,0.782752804,1.12354665
"ul:tissue",650,-0.21759612,-0.486192888,0.05031533,1.00171860659239,8225.2661891753,0.44,350,1.11266595,0.936724766,1.319184265
"ul:to",651,1.05842755,0.7878720025,1.34323553,1.00285777849298,9610.01104737622,0.314285714285714,350,1.1203143,0.937952079,1.332996165
"ul:too",652,0.4990373,0.209779722,0.79578945,1.00050167497609,7946.32611410022,0.371428571428571,350,0.94306534,0.7963325925,1.10959799
"ul:tractor",653,0.129732305,-0.189094398,0.4509953605,1.00001579758846,8019.95694661351,0.411428571428571,350,0.766721345,0.654115298,0.8886559435
"ul:tray",654,2.63961655,2.27770274,3.040127995,0.999926402737606,6933.50936952086,0.191428571428571,350,0.897879745,0.748860668,1.072367805
"ul:tricycle",655,1.337044,0.9880407155,1.711297435,1.00005627758541,8649.92989231065,0.302857142857143,350,0.76058244,0.643625707,0.89006007
"ul:try",656,1.57615485,1.27059723,1.894755575,1.00133817981665,8309.12013288371,0.271428571428571,350,0.988816505,0.833795155,1.16827392
"ul:tuna",657,3.1392029,2.77455524,3.543495315,0.999606126272548,6089.50555838127,0.154285714285714,350,0.94216339,0.7754601745,1.13434683
"ul:turn around",658,0.386006135,0.1362873195,0.638473584,1.00163441114971,7240.90432899484,0.377142857142857,350,1.25266105,1.058322905,1.493732205
"ul:underpants",659,1.56490785,1.25295615,1.89395012,1.00114558116181,7095.69356662075,0.274285714285714,350,0.936925695,0.7863308635,1.11245504
"ul:vagina",660,3.0469881,2.51602024,3.641237155,0.999708547244168,5796.98298327643,0.202857142857143,350,0.534988815,0.445799069,0.6348252155
"ul:vanilla",661,2.65333475,2.366882195,2.981597615,1.00305386990893,7875.07357816066,0.177142857142857,350,1.21268845,0.99202343,1.473656225
"ul:vitamin",662,1.65635975,1.30275416,2.0439699,1.00304630895744,8005.64177387881,0.277142857142857,350,0.74233686,0.6247925335,0.872753836
"ul:wake",663,1.0674406,0.810710582,1.331921735,1.00076767909829,8586.17415389418,0.311428571428571,350,1.2108139,1.0095124,1.439746245
"ul:walker",664,3.8315048,3.386807805,4.33724551,1.00069590440438,5970.97778481806,0.12,350,0.845923965,0.6883514995,1.027172565
"ul:was",665,2.78307515,2.413556165,3.20658813,1.00057089282511,6859.48358399093,0.182857142857143,350,0.86144526,0.711241785,1.031933385
"ul:washing machine",666,1.3560999,1.088864725,1.63494364,1.00260361996373,9248.33291915835,0.285714285714286,350,1.19288105,0.9923664785,1.416713795
"ul:were",667,3.7677291,3.371719265,4.24186769,1.00003697323058,5864.85433353024,0.114285714285714,350,0.99258161,0.8047611745,1.214604085
"ul:which (question)",668,4.0239887,3.580297375,4.553181335,1.0010458799659,6053.31993208303,0.108571428571429,350,0.85936741,0.6952985415,1.053880635
"ul:white",669,0.50787611,0.204782891,0.824732445,1.001605104418,8035.58479154235,0.371428571428571,350,0.924789795,0.785207242,1.08770555
"ul:will",670,2.8436237,2.515072045,3.206173575,1.00111812565338,6348.60703976903,0.168571428571429,350,1.0665854,0.8768635185,1.28177242
"ul:wind",671,0.251046425,-0.00903360016,0.512060535,1.00167527476172,9180.88761881115,0.391428571428571,350,1.2137442,1.014036675,1.446353055
"ul:windy",672,0.84445345,0.5596872075,1.139398915,1.00104016273245,7359.64975850502,0.337142857142857,350,0.99947472,0.8377760095,1.178277435
"ul:wish",673,3.59741705,3.22093233,4.021656535,1.0021670331101,6396.08771366191,0.122857142857143,350,1.0056511,0.8214225395,1.23611358
"ul:with",674,1.340589,1.08476862,1.60145902,1.00174008710144,8891.27587939894,0.285714285714286,350,1.2599559,1.04519092,1.501254405
"ul:wolf",675,1.77420125,1.416068025,2.15763928,1.00090840829222,7337.71835432028,0.265714285714286,350,0.769498605,0.6467785295,0.906022165
"ul:work (action)",676,0.10258037,-0.137774998,0.346242275,1.00275185320014,7545.75052626699,0.405714285714286,350,1.23060885,1.041240905,1.454120825
"ul:would",677,4.2910983,3.84145376,4.84420745,1.00021089180115,5469.52504101717,0.0914285714285714,350,0.92855186,0.74441346,1.15336412
"ul:yellow",678,-0.534908795,-0.848573193,-0.2232472335,1.00060059219532,8739.92225539489,0.474285714285714,350,0.82061212,0.7009693685,0.954089517
"ul:yesterday",679,3.50685385,3.165572395,3.910166635,1.00009868718744,5645.16768671385,0.12,350,1.2245103,0.983542573,1.52335529
"ul:yogurt",680,-0.568749875,-0.894580908,-0.2413428175,1.00161574061277,6739.22029215443,0.477142857142857,350,0.8204148,0.694473217,0.9610017415
"ul:zebra",681,-0.22140478,-0.473226631,0.0396662017,1.00243611179072,7426.11504110328,0.44,350,1.1244311,0.9509758835,1.326075535
