"item","jj","delta_j","delta_j_q5","delta_j_q95","delta_j_rhat","delta_j_ess","emp_prod","n_obs"
"id:I",1,-0.55146622,-0.7577120695,-0.3477341625,1.0019312479169,6858.92622730194,0.378912685337727,607
"id:a",2,0.90935219,0.680692529,1.14345223,1.00098689813783,7194.30503114441,0.240527182866557,607
"id:an",3,3.63824185,3.30217144,3.98537654,1.00049127279763,5914.99505157499,0.0757825370675453,607
"id:backyard",4,1.16827405,0.9375312015,1.40907558,1.00070753259673,7768.47205294269,0.219110378912685,607
"id:couch",5,-0.695867845,-0.896426813,-0.487527078,0.999601385610832,8724.17542711937,0.393739703459638,607
"id:garbage",6,0.88599908,0.6664790865,1.113962115,1.00108348101831,7377.7748931736,0.242174629324547,607
"id:he",7,1.8895224,1.6281378,2.153044,1.00192641844375,7625.4252140008,0.166392092257002,607
"id:her",8,2.5108686,2.22695688,2.79337537,1.00085421526348,9403.28045343265,0.128500823723229,607
"id:hers",9,3.01024035,2.71765349,3.32899417,1.0004296482201,7822.11396695985,0.102141680395387,607
"id:him",10,2.5898116,2.314992185,2.88427824,1.00274681276873,7794.67660006331,0.123558484349259,607
"id:his",11,2.6507037,2.37093849,2.940510105,1.0019134615927,7444.54578059968,0.120263591433278,607
"id:it",12,0.71136454,0.485419458,0.950416397,1.00227455504831,8678.68963339062,0.257001647446458,607
"id:me",13,-1.43942165,-1.640142185,-1.24216605,1.00030287688755,9690.47040776243,0.474464579901153,607
"id:mine",14,-2.26755555,-2.475163715,-2.06205454,1.00073111272666,7891.2338556875,0.5667215815486,607
"id:my",15,-0.33151653,-0.546250354,-0.10743046,1.00036015009766,7053.19689357669,0.355848434925865,607
"id:noodles",16,-0.659020935,-0.8650351475,-0.4607006155,0.999937268561353,8864.16290408047,0.390444810543657,607
"id:she",17,1.8651558,1.611319475,2.12607389,1.00121550742956,7656.29604863432,0.168039538714992,607
"id:sofa",18,2.36253175,2.087520145,2.641182985,1.00310140839159,7862.46258122736,0.13673805601318,607
"id:spaghetti",19,0.12333724,-0.0900045076,0.334593659,1.00161191898771,7237.18940836597,0.311367380560132,607
"id:them",20,3.01076895,2.707697035,3.332960745,1.0008346447171,7551.7973173534,0.102141680395387,607
"id:they",21,2.9152685,2.619562185,3.20929395,1.00202422668508,7597.41386721191,0.107084019769357,607
"id:trash",22,-1.17114135,-1.37133993,-0.970453287,1.00137362443614,7805.07901897621,0.444810543657331,607
"id:us",23,3.42699105,3.100662925,3.765670335,1.00034995327379,6888.92998010396,0.0840197693574959,607
"id:we",24,2.5604384,2.29078482,2.84647996,1.00108451443429,6770.04940359198,0.125205930807249,607
"id:yard",25,1.33866815,1.100193495,1.584610105,0.999602331710306,7455.3197053981,0.205930807248764,607
"ul:1PL.POSS",26,3.01207625,2.70779824,3.32846279,0.999835777257521,6179.75364509977,0.102141680395387,607
"ul:1SG.REFL",27,2.2768155,2.016505155,2.55197343,1.0025909405317,7367.48631112937,0.14168039538715,607
"ul:2SG",28,-0.56946037,-0.7767625205,-0.364325139,1.0008324268253,8019.20127760195,0.380560131795717,607
"ul:2SG.POSS",29,1.98327315,1.72867346,2.242640555,0.999653302072957,7347.87760786471,0.159802306425041,607
"ul:2SG.REFL",30,3.6849034,3.34225676,4.034989145,1.0006864180131,8444.00181964634,0.0741350906095552,607
"ul:3PL.POSS",31,3.46365805,3.144780255,3.81073434,1.00295292266922,6480.59398248143,0.0823723228995058,607
"ul:a lot",32,1.8920095,1.63873118,2.14799416,1.00337855787819,8074.14403709096,0.166392092257002,607
"ul:about",33,4.11782375,3.749505105,4.49873945,1.0003717279347,6656.82543631702,0.0593080724876442,607
"ul:above",34,3.30537805,2.976757325,3.640004495,1.00035436027918,8050.38394547577,0.0889621087314662,607
"ul:after",35,2.0931631,1.822801515,2.37036483,1.00181103939695,8030.00295616996,0.153212520593081,607
"ul:airplane",36,-2.06125045,-2.264282785,-1.862627465,1.0011346764196,8201.02009504299,0.543657331136738,607
"ul:all",37,0.79222369,0.559670581,1.021009885,1.00051198972753,6724.78237417151,0.250411861614498,607
"ul:all gone",38,-2.70278315,-2.91093467,-2.49641017,1.00429534496615,9442.23054215252,0.614497528830313,607
"ul:alligator",39,0.00127183535,-0.2072953485,0.2202009535,1.00368023639842,6031.12357718996,0.322899505766063,607
"ul:am",40,2.09675895,1.831554505,2.36059701,1.00109384376084,7134.51747856395,0.153212520593081,607
"ul:and",41,1.2704269,1.033914225,1.52064548,1.00058876582029,7806.2888173938,0.210873146622735,607
"ul:animal",42,-0.88318466,-1.081768105,-0.6744357505,1.00073642661805,7391.08209507664,0.413509060955519,607
"ul:ankle",43,2.4474505,2.176689335,2.725454795,1.00021540511501,6906.87520199501,0.131795716639209,607
"ul:another",44,1.88889405,1.63380257,2.142031935,1.00034604577973,6863.28298725954,0.166392092257002,607
"ul:ant",45,-0.000345106335,-0.215966885,0.217527215999999,1.0056736648116,8147.43699926252,0.322899505766063,607
"ul:any",46,2.81252745,2.519717405,3.119082975,0.999967110223872,6286.69649842897,0.112026359143328,607
"ul:apple",47,-3.71446205,-3.93533689,-3.5030395,1.00042506534573,9709.17363933071,0.71993410214168,607
"ul:applesauce",48,-0.487597055,-0.6902987165,-0.274421489,1.00350118301026,7252.69665879154,0.372322899505766,607
"ul:are",49,2.41997135,2.136009555,2.69838004,1.00054306036621,8155.95397988541,0.133443163097199,607
"ul:arm",50,-1.4240555,-1.62253839,-1.221172645,1.00416689757895,7030.91008832414,0.472817133443163,607
"ul:around",51,2.65626025,2.362172295,2.95790012,0.999736757851383,8364.87485482122,0.120263591433278,607
"ul:asleep",52,-0.16605824,-0.375242487,0.0477417641,1.00183981826571,7272.37871560662,0.339373970345964,607
"ul:at",53,1.9665997,1.71477431,2.22291037,0.999854168702555,9076.15403697084,0.161449752883031,607
"ul:aunt",54,0.549305755,0.3326616275,0.7731965395,1.00134049807613,6641.37632439037,0.271828665568369,607
"ul:awake",55,0.262392755,0.0482457634,0.4737574315,1.00075908771672,7261.24883718451,0.298187808896211,607
"ul:away",56,1.19400045,0.95678535,1.428443315,1.00022610985779,8336.2362825968,0.217462932454695,607
"ul:baa baa",57,-3.7681422,-3.987043005,-3.56275291,1.00036954260978,8939.00412195272,0.724876441515651,607
"ul:baby",58,-4.46584355,-4.69816391,-4.24415254,1.00218434294639,8570.33073103675,0.789126853377265,607
"ul:babysitter",59,3.42852955,3.103483605,3.75123158,1.00069463096714,7583.82912990492,0.0840197693574959,607
"ul:babysitter's name",60,-0.11504384,-0.3275247385,0.0944765412499998,1.00082653350244,6861.42291736261,0.334431630971993,607
"ul:back (location)",61,0.59887234,0.385112696,0.820008196,1.0001525474086,7485.84528049695,0.266886326194399,607
"ul:bad",62,0.772210075,0.5416494325,1.00284767,1.00143440783817,7564.58821989739,0.252059308072488,607
"ul:ball",63,-6.7571132,-7.09456088,-6.425819365,1.00274076607539,8463.46963739479,0.934102141680395,607
"ul:balloon",64,-3.0530458,-3.256245215,-2.84859555,1.00097835962639,9904.98146833073,0.652388797364086,607
"ul:banana",65,-4.6224594,-4.85718895,-4.395137785,1.00057710960817,8670.09113027821,0.802306425041186,607
"ul:basement",66,2.27456725,2.014630395,2.548561455,1.00319818656002,7286.45799617632,0.14168039538715,607
"ul:basket",67,0.16996123,-0.03758386035,0.392206121,1.00189817203416,7599.4642888922,0.306425041186161,607
"ul:bat (object)",68,0.623136875,0.4021640755,0.846566139,1.00325752582076,7519.86619483633,0.265238879736409,607
"ul:bath",69,-3.7313114,-3.9519961,-3.51187118,1.00212757680044,9050.30064746666,0.72158154859967,607
"ul:bathroom",70,-0.574260985,-0.7724462255,-0.362588389,1.00206255056697,6463.75371993907,0.380560131795717,607
"ul:bathtub",71,-1.1678964,-1.37405784,-0.96698345,1.00019525906112,7376.67587620042,0.444810543657331,607
"ul:be",72,2.7152878,2.43845836,3.012368705,1.00164998075641,6559.45225272714,0.116968698517298,607
"ul:beach",73,0.96998321,0.742284709,1.20110808,1.00204942978263,6661.07730045536,0.235584843492586,607
"ul:beads",74,1.1699632,0.945509598,1.402354635,1.0017109294877,8215.74331684151,0.219110378912685,607
"ul:beans",75,-0.11382479,-0.327198518,0.0992155969,1.0025972923469,7521.90797294046,0.334431630971993,607
"ul:bear",76,-2.8376102,-3.04367212,-2.6364346,0.999980418302448,9185.00821331571,0.629324546952224,607
"ul:because",77,2.87954765,2.586661295,3.186389745,0.999856677596137,7453.84160747396,0.108731466227348,607
"ul:bed",78,-2.4886923,-2.69493011,-2.286654675,1.00052398184147,10147.8647027549,0.591433278418451,607
"ul:bedroom",79,0.29711888,0.0718702991,0.520295344,1.00059302684065,6964.21453223866,0.294892915980231,607
"ul:bee",80,-2.3710467,-2.56665954,-2.17883647,0.999780466770533,8363.44805265785,0.57825370675453,607
"ul:before",81,2.9139197,2.605794765,3.226183995,1.00088322384139,5723.1187792269,0.107084019769357,607
"ul:behind",82,1.74955255,1.487061435,2.004609555,1.0004969600548,7666.90434660334,0.176276771004942,607
"ul:belly button",83,-2.44366775,-2.650626245,-2.24443287,1.00033465587762,7266.26637339335,0.586490939044481,607
"ul:belt",84,1.21090625,0.972727078,1.449216105,0.999743052412949,8201.66817334431,0.215815485996705,607
"ul:bench",85,2.0170587,1.75397902,2.28612515,1.0005944887332,7529.01387432671,0.158154859967051,607
"ul:beside",86,3.26449225,2.951439225,3.60153762,1.0016084192537,7673.96706364466,0.0906095551894563,607
"ul:better",87,0.987139675,0.766362544,1.217151355,1.00211642725864,7381.62275882694,0.233937397034596,607
"ul:bib",88,-0.680415405,-0.8809874125,-0.47883297,1.00001099854175,9228.72972887109,0.392092257001647,607
"ul:bicycle",89,-1.80631655,-2.01528772,-1.597375945,0.999718203730378,8706.17264371981,0.515650741350906,607
"ul:big",90,-1.12526805,-1.332820035,-0.921295591,1.00179302360879,9455.85066628296,0.439868204283361,607
"ul:bird",91,-3.3503156,-3.554070435,-3.14548129,0.999458367891115,8996.08361402421,0.683690280065898,607
"ul:bite",92,-1.1245376,-1.31824756,-0.9306043135,0.999838427614754,7791.11964728693,0.439868204283361,607
"ul:black",93,-0.112745645,-0.3212939495,0.0956815356,0.999907611089677,7857.72216652094,0.334431630971993,607
"ul:blanket",94,-2.3697399,-2.57234605,-2.169355395,0.999602869982311,7715.04681081526,0.57825370675453,607
"ul:blocks",95,-1.8088859,-2.016359845,-1.606579215,1.00139638717647,7943.38372289389,0.515650741350906,607
"ul:blow",96,-0.36077235,-0.5688647555,-0.1497260555,0.999515736735325,7038.72418536803,0.359143327841845,607
"ul:blue",97,-1.8393711,-2.03841372,-1.64208008,1.00072725449522,9248.06727706616,0.518945634266886,607
"ul:boat",98,-2.14848845,-2.353112625,-1.95425454,1.00171363322448,8568.32899711598,0.553542009884679,607
"ul:book",99,-4.7627992,-5.00116537,-4.53164925,0.999905906009406,10112.3310765038,0.813838550247117,607
"ul:boots",100,-2.06257435,-2.262352,-1.85901852,0.999204318572922,8705.14531700614,0.543657331136738,607
"ul:bottle",101,-1.6194176,-1.82171648,-1.419560495,0.999707301537308,9231.91953711114,0.494233937397035,607
"ul:bowl",102,-1.0354459,-1.23344876,-0.8368349545,1.00162162408242,8486.18002376702,0.42998352553542,607
"ul:box",103,-1.79631535,-1.99736415,-1.591078015,1.00018613411947,8049.17904392302,0.514003294892916,607
"ul:boy",104,-0.695688735,-0.901482154,-0.4870621905,1.00136827394818,7749.24753090355,0.393739703459638,607
"ul:bread",105,-1.69360035,-1.88696066,-1.489559215,1.0006188233237,6746.1690982305,0.502471169686985,607
"ul:break",106,0.26027503,0.03761209825,0.485950341,1.00216196592293,7249.35858435304,0.298187808896211,607
"ul:breakfast",107,-0.58768729,-0.790613135,-0.3855117055,0.999798199397827,7746.78796516985,0.382207578253707,607
"ul:bring",108,0.751352195,0.5161720145,0.981574024,0.999644592562924,7257.75630202608,0.253706754530478,607
"ul:broken",109,-0.46975245,-0.67512785,-0.269051761,1.0015573835649,7551.01635152238,0.370675453047776,607
"ul:broom",110,-0.065322868,-0.2795358445,0.143720605,1.00126948719685,7653.20946121628,0.329489291598023,607
"ul:brother",111,-0.115850195,-0.317901018,0.09629633665,1.00047205314244,8227.78630554951,0.334431630971993,607
"ul:brown",112,0.12280954,-0.089982859,0.332612066,1.00488572329592,7453.0712951376,0.311367380560132,607
"ul:brush (object)",113,-1.19986515,-1.39808486,-0.9913115345,1.00197293281688,6709.45841040005,0.448105436573311,607
"ul:bubbles",114,-3.37004175,-3.5751061,-3.16203499,1.00100135620702,13314.2990456571,0.685337726523888,607
"ul:bucket",115,0.24514427,0.02526501865,0.462840927,1.00102145522263,6529.41100685437,0.299835255354201,607
"ul:bug",116,-1.74788195,-1.951473165,-1.54475443,1.00174998083769,8101.0221489821,0.509060955518946,607
"ul:build",117,0.9868646,0.7553334895,1.21922533,1.00010319970302,7829.91247565149,0.233937397034596,607
"ul:bump",118,0.579303245,0.3601399305,0.8158133195,1.0008985117595,7122.08300385985,0.268533772652389,607
"ul:bunny",119,-1.94337685,-2.143452645,-1.730388885,1.00036653093824,8303.78254171298,0.530477759472817,607
"ul:bus",120,-2.6090162,-2.820650145,-2.406130105,1.00008400724791,9779.58670906227,0.604612850082372,607
"ul:but",121,3.54951265,3.22473143,3.887043445,1.00305923819533,7590.89858155742,0.0790774299835255,607
"ul:butt",122,-1.2928938,-1.484997795,-1.09396266,1.00009571937846,7271.85689238468,0.457990115321252,607
"ul:butter",123,-0.095622202,-0.2956592915,0.110557556,1.00093670984082,7195.88086403135,0.332784184514003,607
"ul:butterfly",124,-1.46944815,-1.661374325,-1.271526305,1.00280692309046,6135.46203989921,0.477759472817133,607
"ul:button",125,-1.18533165,-1.39000532,-0.9799157045,1.00123421524976,10004.4587226671,0.446457990115321,607
"ul:buy",126,1.3393345,1.105318145,1.576161375,1.00264282635365,7557.90451224381,0.205930807248764,607
"ul:by",127,2.117239,1.85564211,2.379657825,1.00153360633567,7193.4351212507,0.151565074135091,607
"ul:bye",128,-5.7456973,-6.013666595,-5.48444058,1.00140017767345,9407.77716697878,0.883031301482702,607
"ul:cake",129,-1.63077045,-1.83991151,-1.423458345,1.00340221364303,8158.60976523328,0.495881383855025,607
"ul:call",130,-0.743019305,-0.9381431015,-0.538831805,1.00164310100898,6929.7970473105,0.398682042833608,607
"ul:camera",131,-0.0459231775,-0.266183603,0.167612803,1.00123139353372,6708.35107907968,0.327841845140033,607
"ul:camping",132,3.2688634,2.956983985,3.597795145,1.00065265573924,7648.11204681023,0.0906095551894563,607
"ul:can (auxiliary)",133,1.2762833,1.039489235,1.51577233,1.0008097418069,8044.92546131853,0.210873146622735,607
"ul:can (object)",134,1.4877857,1.23880228,1.746284965,0.999767531257093,7010.7035372992,0.194398682042834,607
"ul:candy",135,-0.755469105,-0.967454334,-0.5472702935,1.00116698937011,7905.48483439208,0.400329489291598,607
"ul:car",136,-4.33618645,-4.55846966,-4.11345852,1.00456041168874,8245.60567576009,0.777594728171334,607
"ul:careful",137,0.50974133,0.2868035355,0.730656342,1.00214237881408,7319.09102072451,0.275123558484349,607
"ul:carrot",138,-0.442635465,-0.653321753,-0.234737581,0.999705760765956,7800.90468669353,0.367380560131796,607
"ul:carry",139,0.069104915,-0.1488506245,0.2940023345,1.00171287230899,7236.77977231394,0.316309719934102,607
"ul:cat",140,-3.7454494,-3.962662735,-3.53584965,1.0028011023159,9603.58433139678,0.723228995057661,607
"ul:catch",141,0.17431848,-0.0395266696,0.39241963,1.00320508835689,8119.06500349591,0.306425041186161,607
"ul:cereal",142,-1.39039775,-1.586305835,-1.19994912,1.00021202282474,6703.54312404745,0.469522240527183,607
"ul:chair",143,-2.19199325,-2.393599885,-1.98980249,1.0019765450916,8762.17669126354,0.558484349258649,607
"ul:chalk",144,0.084607366,-0.134937397,0.30602844,1.00112246097778,7376.62630109073,0.314662273476112,607
"ul:chase",145,0.98909709,0.756027136,1.221299605,1.00164145915886,6803.71454286458,0.233937397034596,607
"ul:cheek",146,-1.48315535,-1.68874938,-1.28472129,1.00070151525682,7308.74710239084,0.479406919275124,607
"ul:cheerios",147,-0.586756935,-0.789291426,-0.369161732,0.999883364381024,7416.08640634023,0.382207578253707,607
"ul:cheese",148,-3.6824098,-3.892723095,-3.47304818,1.00003144038976,9283.16562123397,0.7166392092257,607
"ul:chicken (animal)",149,-1.2747019,-1.471094435,-1.073369855,1.00045345009757,7943.7455298914,0.456342668863262,607
"ul:chicken (food)",150,-0.94221053,-1.139933155,-0.7505526575,1.00022810014493,6514.24736496286,0.420098846787479,607
"ul:child",151,2.97460555,2.68476485,3.28582766,1.00000408777635,7425.65180693294,0.103789126853377,607
"ul:child's own name",152,-2.70271265,-2.897776935,-2.505516465,0.999701052529674,9371.52344606831,0.614497528830313,607
"ul:chin",153,-0.97453534,-1.178135775,-0.7676243155,1.00188886644975,8519.9684452855,0.42339373970346,607
"ul:chips",154,0.569329645,0.343949774,0.794603051,1.00120643136475,5736.82484427253,0.270181219110379,607
"ul:chocolate",155,-0.213404285,-0.431201287,0.0011372711549999,1.00392408430581,6834.82397011425,0.344316309719934,607
"ul:choo choo",156,-3.45246935,-3.663019665,-3.24171323,0.999713408861431,9109.49187308334,0.693574958813839,607
"ul:church",157,0.618667495,0.394779772,0.8495111755,1.00318103116329,7592.8580388785,0.265238879736409,607
"ul:circus",158,3.67606105,3.330443355,4.03265063,0.999892470589798,6695.40963756648,0.0741350906095552,607
"ul:clap",159,-0.894348875,-1.10939388,-0.6853090625,0.999734116905782,7696.1718913362,0.415156507413509,607
"ul:clean (action)",160,-0.40778158,-0.61444345,-0.204685529,1.00066264586824,7737.13858427663,0.364085667215815,607
"ul:clean (description)",161,-0.52185275,-0.7273418915,-0.3196017705,1.00033605269656,6630.90604292766,0.375617792421746,607
"ul:climb",162,0.31099882,0.103458224,0.53207941,1.00113825981862,6351.82307873721,0.293245469522241,607
"ul:clock",163,-1.1265076,-1.33071581,-0.919484963,1.00008924196714,7493.80150308086,0.439868204283361,607
"ul:close",164,-0.149537975,-0.3518766545,0.0561049001999999,1.00064016705306,7295.28223192678,0.337726523887974,607
"ul:closet",165,0.86745803,0.6456963095,1.090332415,1.00126923735092,7267.58197997596,0.243822075782537,607
"ul:cloud",166,-0.183570765,-0.3859751655,0.0287090821499999,1.00032637229049,7669.70189088583,0.341021416803954,607
"ul:clown",167,2.81503565,2.525787275,3.107850605,0.999807306349952,7911.99003856996,0.112026359143328,607
"ul:coat",168,-1.85267065,-2.05273102,-1.65105864,1.00014369591075,8139.57883532683,0.520593080724876,607
"ul:cockadoodledoo",169,-0.570183345,-0.7838201795,-0.355930679,1.00041703242227,7684.8397126227,0.380560131795717,607
"ul:coffee",170,-0.0136298455,-0.2186234705,0.1901832265,0.999634217778545,7652.72039486172,0.324546952224053,607
"ul:coke",171,2.5645544,2.28927001,2.8410835,1.00277664133146,8261.09534786788,0.125205930807249,607
"ul:cold",172,-2.01713055,-2.218466665,-1.819007085,1.00219699340129,6979.86139224051,0.538714991762768,607
"ul:comb (object)",173,0.472262785,0.2496338735,0.7051254435,1.00156947333481,7305.18740175309,0.27841845140033,607
"ul:cook",174,0.15533255,-0.06259817605,0.3731543625,1.00058113528213,8006.67366226627,0.308072487644152,607
"ul:cookie",175,-3.0191914,-3.228968385,-2.8168468,1.00225762044425,8723.78208719438,0.649093904448105,607
"ul:corn",176,-0.11657633,-0.3209916035,0.0938291794,1.00015508759038,6729.32096611451,0.334431630971993,607
"ul:could",177,3.6379088,3.303124805,3.983822045,1.00054877699301,7336.31270108226,0.0757825370675453,607
"ul:country",178,4.45914305,4.072625205,4.8749792,1.00113703591267,7640.22006064127,0.0494233937397035,607
"ul:cover (action)",179,1.93982265,1.68321613,2.19767392,1.00006947403305,6854.67386082166,0.163097199341021,607
"ul:cow",180,-2.80658935,-3.01054214,-2.59998431,0.999948536818412,9855.5258721368,0.626029654036244,607
"ul:cowboy",181,3.3070286,2.98770884,3.64945033,1.00043981883985,7206.74820074454,0.0889621087314662,607
"ul:cracker",182,-2.64284245,-2.839351995,-2.435445625,1.00115126351969,8459.80762123974,0.607907742998353,607
"ul:crayon",183,-1.09018185,-1.29930175,-0.890199117,1.00239220372479,7524.41310336722,0.436573311367381,607
"ul:crib",184,0.34910172,0.1349527155,0.572604244,0.999502480998398,7621.44133271098,0.28995057660626,607
"ul:cry",185,-0.40949155,-0.626480224,-0.191785133,1.00069062979417,7133.22253453945,0.364085667215815,607
"ul:cup",186,-2.88298815,-3.08550861,-2.68086128,1.0001953905084,9970.53655110595,0.634266886326194,607
"ul:cut",187,0.714896995,0.491072682,0.9495548865,1.00053861435328,7079.33870406757,0.257001647446458,607
"ul:cute",188,0.752636085,0.5361835235,0.975945168,1.00101154269651,7964.43186704764,0.253706754530478,607
"ul:daddy",189,-8.05301505,-8.525238345,-7.61678474,0.999693425666457,9581.48220973025,0.973640856672158,607
"ul:dance",190,-1.1417513,-1.340660755,-0.9351428895,0.999887953842575,8028.78728059046,0.441515650741351,607
"ul:dark",191,0.310998605,0.09748963955,0.5330000805,1.00039937302225,7581.10950525107,0.293245469522241,607
"ul:day",192,1.4717203,1.22570901,1.718408895,1.00013050849628,6750.67688042948,0.196046128500824,607
"ul:deer",193,-0.36341416,-0.5693679265,-0.1490208625,1.0008147617379,8376.21820884235,0.359143327841845,607
"ul:diaper",194,-2.9469486,-3.153327765,-2.74483732,0.999629055667077,8601.17060132467,0.640856672158155,607
"ul:did",195,1.6276072,1.38823037,1.877568585,1.00142074548919,6629.13346135871,0.184514003294893,607
"ul:dinner",196,-0.28416598,-0.504456746,-0.0614565691,1.00115614875379,7777.16559417529,0.350906095551895,607
"ul:dirty",197,-0.940869845,-1.14163317,-0.738795944,0.999460012547439,7167.32078862149,0.420098846787479,607
"ul:dish",198,1.5166439,1.266772455,1.75842553,1.00104868943073,7574.56814081088,0.192751235584843,607
"ul:do",199,0.035412858,-0.1801187245,0.2534451,1.00120146738981,7493.99407668671,0.319604612850082,607
"ul:doctor",200,-0.136352615,-0.3388355415,0.0691185532499998,1.00054247170863,6381.66066795589,0.336079077429984,607
"ul:does",201,3.0847828,2.771491985,3.399177975,1.00160885450929,8819.09506746027,0.0988467874794069,607
"ul:dog",202,-5.5356831,-5.7990381,-5.28465139,1.00406856073294,8214.35313440465,0.869851729818781,607
"ul:doll",203,-1.31856065,-1.522939875,-1.112480755,0.999970724389859,7544.80491457166,0.461285008237232,607
"ul:don't",204,0.925257885,0.6944996655,1.1633897,1.00100520067038,6652.00892799584,0.238879736408567,607
"ul:donkey",205,0.693806095,0.4716895595,0.930806557,1.00014677963261,6970.62074207271,0.258649093904448,607
"ul:door",206,-2.45899955,-2.66864062,-2.255974985,1.00264998183018,8567.19001612306,0.588138385502471,607
"ul:down",207,-2.2361722,-2.43926807,-2.03760084,1.00249489965235,8274.13262302833,0.563426688632619,607
"ul:downtown",208,3.34648715,3.029465415,3.6709589,1.00096209224813,7344.36906996265,0.0873146622734761,607
"ul:draw",209,-0.178659755,-0.392527756,0.0304958255499999,1.00211417762922,8031.03477918934,0.341021416803954,607
"ul:drawer",210,1.2536776,1.015859835,1.49805142,0.999586313454079,7009.6699740559,0.212520593080725,607
"ul:dress (object)",211,0.17139254,-0.034667526,0.3834223455,0.999845352745249,8062.44197452519,0.306425041186161,607
"ul:drink (action)",212,-2.015953,-2.21280945,-1.814217785,1.00014226199893,8381.14576918253,0.538714991762768,607
"ul:drink (beverage)",213,-2.13537065,-2.341766415,-1.943636905,1.0015360239917,8857.82119133142,0.551894563426689,607
"ul:drive",214,0.139816785,-0.0833860142,0.3584932835,1.00052082973709,6102.33761993297,0.309719934102142,607
"ul:drop",215,0.41833912,0.207142804,0.638434025,1.00302965935896,8194.39315318938,0.2833607907743,607
"ul:dry (action)",216,0.66053276,0.432369775,0.8815618105,1.00034490440299,7410.38374214533,0.261943986820428,607
"ul:dry (description)",217,0.328125425,0.103180271,0.557908444,1.00121160692577,7356.51590295852,0.29159802306425,607
"ul:dryer",218,1.62383115,1.385365535,1.879271245,1.00013831400251,6877.50646364289,0.184514003294893,607
"ul:duck",219,-3.8330161,-4.049115145,-3.609660275,1.00084275144422,10691.78874,0.731466227347611,607
"ul:dump",220,1.36115855,1.120836415,1.607106225,1.00108100481546,7537.42138100743,0.204283360790774,607
"ul:each",221,4.1189469,3.744004015,4.50902974,1.00158487861943,6897.48584462804,0.0593080724876442,607
"ul:ear",222,-4.5033186,-4.737687885,-4.278166155,0.999960051642929,10086.9747357282,0.792421746293245,607
"ul:eat",223,-2.74611955,-2.95826145,-2.5428684,1.00212382641869,8860.99250301264,0.619439868204283,607
"ul:egg",224,-1.8549083,-2.05620616,-1.647220605,1.00073965171255,9422.19694200925,0.520593080724876,607
"ul:elephant",225,-1.441063,-1.65163722,-1.240876905,1.00362948422387,8128.77753838375,0.474464579901153,607
"ul:empty",226,0.511227415,0.2917804085,0.726357881,1.00151175324154,7687.95655728499,0.275123558484349,607
"ul:every",227,2.94541595,2.648880555,3.242270305,1.00081116486368,6978.51239237403,0.105436573311367,607
"ul:eye",228,-3.4360045,-3.64326357,-3.23078149,1.00117988317596,10619.081837268,0.691927512355848,607
"ul:face",229,-0.60006562,-0.813458705,-0.389892977,1.00091409277783,7121.44489826167,0.383855024711697,607
"ul:fall",230,-0.54138003,-0.7440271395,-0.3300050205,0.999941579537775,7861.20269039471,0.377265238879736,607
"ul:farm",231,0.4940911,0.275179374,0.711059617,1.00029080296842,7415.02487570746,0.276771004942339,607
"ul:fast",232,-0.085450208,-0.2916965785,0.126620509,1.00018724351927,7329.69817432814,0.331136738056013,607
"ul:feed",233,1.0241874,0.7972487535,1.262937015,0.99993450709834,7987.21626309751,0.230642504118616,607
"ul:find",234,0.312832705,0.0868272319,0.542382612,0.999938929853801,6330.88940867588,0.293245469522241,607
"ul:fine",235,2.91475015,2.617007455,3.213208705,1.00155690784192,6549.34410588485,0.107084019769357,607
"ul:finger",236,-2.55115715,-2.7463593,-2.349025215,1.00122554296188,10129.4392034951,0.598023064250412,607
"ul:finish",237,1.27305005,1.0245275,1.51540345,0.999838697242029,6787.14184217342,0.210873146622735,607
"ul:firefighter",238,1.55720705,1.31242516,1.813939115,1.0016983344645,7283.02109470375,0.189456342668863,607
"ul:firetruck",239,-0.521846175,-0.72663096,-0.3235164895,1.0023341207751,7521.84072604417,0.375617792421746,607
"ul:first",240,1.97193925,1.69783916,2.226429125,1.00165614824213,7391.99963924405,0.161449752883031,607
"ul:fish (animal)",241,-3.2901894,-3.49248627,-3.08595333,0.999945226263495,9432.01392435637,0.677100494233937,607
"ul:fish (food)",242,-1.7078404,-1.899877105,-1.50867855,1.00146404025122,7396.52235699817,0.504118616144975,607
"ul:fit",243,1.6703623,1.43110861,1.910866985,1.00226195148723,7585.52184739015,0.181219110378913,607
"ul:fix",244,0.0337532945,-0.169811227,0.2507026695,1.0054168093132,8102.176783108,0.319604612850082,607
"ul:flag",245,0.71398589,0.4899188075,0.944101419,1.00109003129042,7982.51666934901,0.257001647446458,607
"ul:flower",246,-2.34097495,-2.543633765,-2.137717145,1.00174369712638,9378.63317886252,0.57495881383855,607
"ul:food",247,-1.5128523,-1.71095169,-1.31675635,1.00069892849274,7350.88793458351,0.482701812191104,607
"ul:foot",248,-1.1065053,-1.297817475,-0.909421742,1.00088651365794,8267.5119792792,0.438220757825371,607
"ul:for",249,2.0164005,1.749111185,2.28735705,1.00149341291044,7173.18620316943,0.158154859967051,607
"ul:forest",250,2.5041464,2.23254954,2.783078875,1.00212715433568,6972.97485183369,0.128500823723229,607
"ul:fork",251,-1.78096605,-1.975611845,-1.58291417,1.00022708100607,8534.43051518236,0.512355848434926,607
"ul:french fries",252,-0.297306265,-0.5068454605,-0.09333626885,1.00511097498564,6779.23329654505,0.352553542009885,607
"ul:friend",253,0.35016188,0.133333509,0.564519716,1.00254888555251,7932.62735941975,0.28995057660626,607
"ul:frog",254,-2.1195472,-2.31948661,-1.91877564,1.00164035107826,8268.60513212397,0.550247116968699,607
"ul:full",255,0.98790734,0.747375339,1.22538169,1.00062784705619,6649.85560493032,0.233937397034596,607
"ul:game",256,-0.114663685,-0.326151832,0.0932356268499999,1.00022639507553,7976.45758163165,0.334431630971993,607
"ul:garage",257,1.0106365,0.7726788725,1.24931243,1.0015267170183,7754.15441829427,0.232289950576606,607
"ul:garden",258,1.4955701,1.24828656,1.74245222,0.999588726269861,7369.63437443475,0.194398682042834,607
"ul:gas station",259,2.4215052,2.13959676,2.70219241,1.00096793288398,8143.95419362899,0.133443163097199,607
"ul:gentle",260,0.890738275,0.666625795,1.11921224,0.999996237503805,6334.93556008852,0.242174629324547,607
"ul:get",261,-0.520902155,-0.72858673,-0.315437631,0.99947072506706,7703.11791038496,0.375617792421746,607
"ul:giraffe",262,-1.4238673,-1.618548325,-1.225971125,1.00062083737246,7634.16600410721,0.472817133443163,607
"ul:girl",263,-0.602693105,-0.8032657605,-0.404667118,0.999743667325124,7247.55858763799,0.383855024711697,607
"ul:give",264,0.349238855,0.135587475,0.5616808325,1.00273125023332,7366.77646307162,0.28995057660626,607
"ul:give me five",265,-0.015631824,-0.2225913485,0.1911889275,0.999885787923193,6889.93818008159,0.324546952224053,607
"ul:glass",266,0.64307887,0.416197759,0.8660594425,0.999752976121692,7673.90769356236,0.263591433278418,607
"ul:glasses",267,-1.04788675,-1.25440117,-0.8514034015,1.00077332372791,7095.87963402722,0.43163097199341,607
"ul:glove",268,0.606170055,0.374451373,0.8361355505,1.00099033777851,8202.20174030181,0.266886326194399,607
"ul:glue (object)",269,1.9895761,1.73201827,2.260923535,0.999973600854435,6314.26739252698,0.159802306425041,607
"ul:go",270,-3.2261996,-3.425725225,-3.030304365,1.00127524024663,8302.64078597836,0.670510708401977,607
"ul:go potty",271,-1.4571065,-1.64656295,-1.261106885,0.999306335905424,9010.84801721324,0.476112026359143,607
"ul:gonna",272,1.4480972,1.20299597,1.697419785,1.00187202008786,7156.11804121096,0.197693574958814,607
"ul:gonna get you",273,-0.014539325,-0.2258738555,0.2048871805,1.00148847550725,6698.11676068926,0.324546952224053,607
"ul:good",274,-0.232786195,-0.4428996825,-0.02502568025,1.0016189183624,6125.93326929337,0.345963756177924,607
"ul:good night",275,-3.5818327,-3.7958033,-3.36409402,1.00027408353513,9526.66537526444,0.706754530477759,607
"ul:goose",276,0.546521445,0.31999972,0.784367265,1.00129669649328,7592.05295286749,0.271828665568369,607
"ul:gotta",277,2.38732525,2.111554485,2.671391995,1.00153892664076,7515.38081142576,0.135090609555189,607
"ul:grandma",278,-3.5462745,-3.75826029,-3.34263004,0.999633381762275,10201.13573667,0.703459637561779,607
"ul:grandpa",279,-2.88614235,-3.086348395,-2.683376215,1.00166889398945,8222.34303438853,0.634266886326194,607
"ul:grapes",280,-1.64571765,-1.84431943,-1.445362205,1.0013584478686,7586.94268168961,0.497528830313015,607
"ul:grass",281,-0.89778775,-1.091848045,-0.70443096,1.00183926974375,7702.62361242772,0.415156507413509,607
"ul:green",282,-1.1249427,-1.3259859,-0.923273219,1.00093486332509,8610.83488419616,0.439868204283361,607
"ul:green beans",283,1.0067217,0.775084054,1.23741165,1.00016608352667,8389.51906111427,0.232289950576606,607
"ul:grrr",284,-3.9913084,-4.20563615,-3.77986251,1.00009754000951,11046.9139194118,0.746293245469522,607
"ul:gum",285,1.967224,1.70125771,2.23460187,1.00139671787857,7388.47801124962,0.161449752883031,607
"ul:hair",286,-2.9462353,-3.15122237,-2.74354635,1.00210576560451,9436.54983754087,0.640856672158155,607
"ul:hamburger",287,0.511331985,0.2856176135,0.7335105805,1.00085754097102,7657.98857377075,0.275123558484349,607
"ul:hammer",288,0.15269243,-0.05640925725,0.368882594,1.00181173583648,6509.49575513509,0.308072487644152,607
"ul:hand",289,-1.7818578,-1.97941402,-1.582231535,1.00003022887446,8970.8514885289,0.512355848434926,607
"ul:happy",290,-0.64417998,-0.853125601,-0.445487132,1.00049136895058,8080.95738223597,0.388797364085667,607
"ul:hard",291,1.25288225,1.01028225,1.508839465,1.00102199116025,7646.71493757099,0.212520593080725,607
"ul:hat",292,-3.59839715,-3.81084092,-3.39399565,1.00244622050262,9980.78393079651,0.70840197693575,607
"ul:hate",293,4.33603905,3.93271726,4.75451441,1.00069580570947,7497.3643229802,0.0527182866556837,607
"ul:have",294,0.066522897,-0.145223873,0.2837889135,1.00042855180401,7030.94999453707,0.316309719934102,607
"ul:have to",295,1.98969675,1.73706824,2.256105585,1.00243872814809,8359.15334275438,0.159802306425041,607
"ul:head",296,-2.0450992,-2.246630905,-1.842505845,1.00537498764408,9172.79343827335,0.542009884678748,607
"ul:hear",297,0.80836135,0.5860080945,1.036336365,1.00157846716285,7627.87435420159,0.248764415156507,607
"ul:heavy",298,-0.081455935,-0.292827372,0.1305953825,0.999907194986419,7094.29021747568,0.331136738056013,607
"ul:helicopter",299,-0.016237853,-0.2261280005,0.2000519775,1.00362417043866,6828.06655429621,0.324546952224053,607
"ul:hello",300,-5.7813726,-6.05575371,-5.51041826,1.00238209400185,10256.0442994301,0.884678747940692,607
"ul:help",301,-1.70670975,-1.90691094,-1.509318455,1.00189727772705,7383.32422043432,0.504118616144975,607
"ul:hen",302,1.7206508,1.46683694,1.9828883,1.00044794598168,8032.27951179557,0.177924217462932,607
"ul:here",303,0.053646912,-0.1649588525,0.2708439745,1.00097063331332,7735.59028356196,0.317957166392092,607
"ul:hi",304,-2.62378945,-2.828149295,-2.42668082,1.0016997390363,7840.24106991174,0.606260296540362,607
"ul:hide",305,-0.0461719235,-0.267804417,0.1720201475,1.00159363735471,8820.20119644739,0.327841845140033,607
"ul:high",306,0.47605213,0.252773371,0.701959281,1.00170109664999,8055.6373877875,0.27841845140033,607
"ul:high chair",307,0.31011133,0.09683505755,0.5298077445,1.00011426973554,7691.57053238485,0.293245469522241,607
"ul:hit",308,0.01572859,-0.190378323,0.230324545,1.00086006820442,6995.13746402673,0.321252059308072,607
"ul:hold",309,0.1701599,-0.03679367215,0.3821918995,1.00063389910281,7345.60869581435,0.306425041186161,607
"ul:home",310,-1.75079845,-1.940185455,-1.56258487,1.0021829238244,6719.53688872785,0.509060955518946,607
"ul:horse",311,-2.38723855,-2.58616532,-2.186220275,1.00244588990063,8859.30024894485,0.579901153212521,607
"ul:hose",312,1.49411935,1.25100905,1.73676219,1.00196606918844,7380.84441213273,0.194398682042834,607
"ul:hot",313,-3.07032595,-3.273142295,-2.86619544,1.00189593447584,8429.77204596269,0.654036243822076,607
"ul:house",314,-1.3941475,-1.599645625,-1.18810452,1.00113218733876,10088.4021860049,0.469522240527183,607
"ul:how",315,2.75048975,2.45912331,3.0514307,1.00044238447549,7450.1669483854,0.115321252059308,607
"ul:hug",316,-1.85266495,-2.047436805,-1.65397557,1.00013703270867,8876.2188376591,0.520593080724876,607
"ul:hungry",317,-0.52276016,-0.7270527055,-0.315706366,1.00227865448583,7245.77047827446,0.375617792421746,607
"ul:hurry",318,1.7444344,1.483465295,2.00152421,1.00223436798822,7721.9455805868,0.176276771004942,607
"ul:hurt (description)",319,-0.211849875,-0.4223935935,-0.00812462001000009,1.00023973524177,6401.12706804707,0.344316309719934,607
"ul:ice",320,-1.1225395,-1.321189775,-0.9129438925,1.00005822969367,7521.00385929363,0.439868204283361,607
"ul:ice cream",321,-1.51241475,-1.71875958,-1.300545155,1.00033231253818,7455.30002524426,0.482701812191104,607
"ul:if",322,3.9112869,3.564671585,4.26948624,1.00056223441475,7023.95586555143,0.0658978583196046,607
"ul:in",323,-0.459388555,-0.667774177,-0.2527068235,1.00092726764396,8576.37411712222,0.369028006589786,607
"ul:into",324,2.91006295,2.627204705,3.209678585,0.9998614343042,6433.40974395087,0.107084019769357,607
"ul:is",325,1.5121927,1.268189225,1.760733255,1.00036263921286,6065.67610373396,0.192751235584843,607
"ul:jacket",326,-0.95595098,-1.155517305,-0.7617378725,1.00214006809652,7933.31671016189,0.42174629324547,607
"ul:jar",327,-2.47504035,-2.67652675,-2.278334605,1.00099257355253,8402.24157365361,0.589785831960461,607
"ul:jeans",328,0.79234828,0.5612936845,1.02645398,1.00125347867621,7544.17681066007,0.250411861614498,607
"ul:jello",329,2.74937995,2.47316203,3.038293635,1.00030124733857,7663.67957830049,0.115321252059308,607
"ul:jelly",330,1.15049855,0.9155608575,1.390985745,1.00268735118675,6472.99219985393,0.220757825370675,607
"ul:juice",331,-2.77601965,-2.97910862,-2.579012535,1.0008402798775,9111.69350563066,0.622734761120264,607
"ul:jump",332,-1.28982245,-1.487802135,-1.085112275,0.999661796575919,7326.25451979727,0.457990115321252,607
"ul:key",333,2.4737306,2.205022515,2.75371291,1.00077670921783,7091.55676690005,0.130148270181219,607
"ul:kick",334,-0.534009455,-0.7402807715,-0.3318432275,1.00191004387437,6535.17884936981,0.377265238879736,607
"ul:kiss",335,-1.7663824,-1.958261875,-1.575507915,0.999542709871451,7370.72425807755,0.510708401976936,607
"ul:kitchen",336,-0.64542004,-0.8465828535,-0.445979244,1.00065250171351,6427.86011698198,0.388797364085667,607
"ul:kitty",337,-2.8078743,-3.01255557,-2.603415985,1.00133256478312,7829.81033397262,0.626029654036244,607
"ul:knee",338,-1.6011245,-1.806287395,-1.39571103,1.00856248636467,9737.11314206659,0.492586490939044,607
"ul:knife",339,0.41999268,0.2024700215,0.641097518,1.00042237001459,6590.8417038564,0.2833607907743,607
"ul:knock",340,0.105066575,-0.105762595,0.3102730795,1.00045898903466,6978.92875746821,0.313014827018122,607
"ul:ladder",341,1.00771775,0.7770112,1.237569655,1.00059986781886,8626.81778281068,0.232289950576606,607
"ul:lady",342,2.16679875,1.90220498,2.439150305,1.00395522545907,7377.83790950783,0.14827018121911,607
"ul:lamb",343,0.964212325,0.7314763985,1.202636615,1.00170342584752,6569.64314566191,0.235584843492586,607
"ul:lamp",344,1.0697135,0.832959953,1.30716723,1.00024906386973,7022.64214265472,0.227347611202636,607
"ul:last",345,2.9495212,2.66265628,3.24343617,1.00133020402472,7464.39617680584,0.105436573311367,607
"ul:later",346,1.60689255,1.35996681,1.86123998,1.00194194390431,6774.0556696502,0.186161449752883,607
"ul:lawn mower",347,0.811079775,0.5919515245,1.034311865,1.00134590486267,6696.36524727251,0.248764415156507,607
"ul:leg",348,-1.12022595,-1.316229185,-0.9333937005,1.00377897138922,8256.75360052965,0.439868204283361,607
"ul:lemme",349,1.29913805,1.059013145,1.53785535,1.00068108978641,7508.68977546784,0.209225700164745,607
"ul:lick",350,1.42753895,1.189790895,1.663243535,1.00031249913921,8102.58778505451,0.199341021416804,607
"ul:light (object)",351,-1.7649294,-1.975935545,-1.56753877,1.00187228754561,8263.25805416999,0.510708401976936,607
"ul:like",352,0.293712185,0.0704262348,0.516618306,1.00030661521983,7064.80161908409,0.294892915980231,607
"ul:lion",353,-1.260205,-1.46596046,-1.049947435,1.00281248951531,9257.53399849859,0.454695222405272,607
"ul:lip",354,0.29280871,0.08025200405,0.510895115,1.00028812000648,6396.33521497091,0.294892915980231,607
"ul:listen",355,1.21349855,0.986446308,1.45164524,1.00028861648034,7557.06376408817,0.215815485996705,607
"ul:little (description)",356,0.33014119,0.1100711885,0.552605348,1.00102145572344,6982.37130940077,0.29159802306425,607
"ul:living room",357,1.4062229,1.162138695,1.650476905,1.00259938969854,6451.80067519598,0.200988467874794,607
"ul:lollipop",358,1.1092088,0.886906469,1.33448573,1.00129660378637,5825.21248782031,0.224052718286656,607
"ul:long",359,2.5941539,2.32132466,2.875577585,1.00232642938415,8646.91677602904,0.123558484349259,607
"ul:look",360,-0.64994406,-0.8559294795,-0.439517231,1.00073645470184,7638.01296083028,0.388797364085667,607
"ul:loud",361,0.277224475,0.0542621702,0.4934262915,1.0015466533978,6643.04138219669,0.296540362438221,607
"ul:love",362,-0.86534388,-1.066747445,-0.6666970595,1.00117932818418,7592.69934687735,0.411861614497529,607
"ul:lunch",363,-0.37905463,-0.586820573,-0.1697785745,0.999915105752632,6572.48388224025,0.360790774299835,607
"ul:mad",364,1.99266285,1.733643455,2.252229645,1.0003870024382,8537.91107489366,0.159802306425041,607
"ul:mailman",365,2.0639582,1.807451115,2.32880536,1.00006140915981,7388.68983201432,0.154859967051071,607
"ul:make",366,0.96585169,0.748147771,1.19863371,1.00054585338764,7722.38494617032,0.235584843492586,607
"ul:man",367,0.757279175,0.5374343055,0.9790246245,1.00222368378363,6455.15609043632,0.253706754530478,607
"ul:meat",368,1.06865485,0.82974327,1.31158697,1.00179538265721,7284.7486221312,0.227347611202636,607
"ul:medicine",369,0.120016445,-0.09412335375,0.3420037045,1.00090439911265,7875.30373164252,0.311367380560132,607
"ul:melon",370,1.4698444,1.231147485,1.719107625,1.00192058388871,5790.11893167512,0.196046128500824,607
"ul:meow",371,-4.13136415,-4.347298535,-3.916615545,1.00136743324783,9019.52912300198,0.759472817133443,607
"ul:milk",372,-3.90496115,-4.125208035,-3.677076315,1.00141140351334,9682.36773428434,0.738056013179572,607
"ul:mitten",373,0.45721943,0.2378947365,0.6800696345,1.00329360706988,7191.44695807114,0.28006589785832,607
"ul:mommy",374,-7.57666125,-7.980560945,-7.21130498,1.00100595442346,8521.96686636576,0.962108731466227,607
"ul:money",375,0.12399145,-0.0900214951,0.3336838705,1.00140888679087,8249.29162373824,0.311367380560132,607
"ul:monkey",376,-2.19160415,-2.379440175,-2.00078577,1.0053930516938,7515.62840825533,0.558484349258649,607
"ul:moo",377,-4.95619425,-5.19288248,-4.714287445,1.00052203230564,7929.23039373371,0.828665568369028,607
"ul:moon",378,-2.40167,-2.60472164,-2.205027495,1.00083226720114,9227.29013673089,0.581548599670511,607
"ul:moose",379,0.69916163,0.476842382,0.9263229905,1.00218211560354,7315.82419374682,0.258649093904448,607
"ul:mop (object)",380,2.14606215,1.87747675,2.421358855,1.0020206949183,7224.36827637723,0.1499176276771,607
"ul:more",381,-2.6256327,-2.836213145,-2.42122274,1.00049389498056,8629.35734784052,0.606260296540362,607
"ul:morning",382,0.84773116,0.61691413,1.077035415,1.00086511538968,8079.56992231743,0.245469522240527,607
"ul:motorcycle",383,0.29506098,0.08884894245,0.511469131,1.00300546305881,7707.6048665003,0.294892915980231,607
"ul:mouse",384,-1.15388335,-1.349468935,-0.9619165085,1.00262628550464,9442.53903297078,0.443163097199341,607
"ul:mouth",385,-2.7305976,-2.932917975,-2.529642045,0.999760795219382,9511.94991644559,0.617792421746293,607
"ul:movie",386,0.312722145,0.0860959222,0.5364227555,1.00034046720582,6646.84667384718,0.293245469522241,607
"ul:much",387,2.68038035,2.40393045,2.982424255,1.00273890741533,7896.47819256005,0.118616144975288,607
"ul:muffin",388,0.0875554675,-0.1360489655,0.308345461,1.00389999582868,7412.24025694249,0.314662273476112,607
"ul:nail (object)",389,1.8851828,1.640637695,2.152888965,1.00192524826567,6998.12069507726,0.166392092257002,607
"ul:nap",390,-1.36521695,-1.565478515,-1.169516765,1.00145861020332,8337.97522347966,0.466227347611203,607
"ul:napkin",391,0.136272285,-0.08683372205,0.351910551,0.999962283193319,7850.47179696214,0.309719934102142,607
"ul:naughty",392,3.1201109,2.80973438,3.44137724,1.00057188324461,7387.55689781657,0.0971993410214168,607
"ul:necklace",393,0.0849617625,-0.1166876955,0.297687264,1.00160465773135,7014.82396234507,0.314662273476112,607
"ul:need",394,1.31861655,1.066668455,1.56747998,1.00029871181763,7398.09310944078,0.207578253706755,607
"ul:new",395,1.55715305,1.311500735,1.80223946,1.00127131645183,6708.95180394886,0.189456342668863,607
"ul:next to",396,2.47540815,2.205159945,2.75556192,1.00141815842728,7798.84796727231,0.130148270181219,607
"ul:nice",397,0.585724975,0.3624024395,0.8109244255,1.00074414579472,6708.3381649038,0.268533772652389,607
"ul:night",398,-0.196934915,-0.4101506165,0.01365954205,1.00106542150488,7704.74220904748,0.342668863261944,607
"ul:no",399,-5.0381342,-5.286111685,-4.802152845,0.999824722590435,9481.42084144451,0.835255354200989,607
"ul:noisy",400,1.7469247,1.499630965,2.004647925,1.00193153224578,7065.8281210468,0.176276771004942,607
"ul:none",401,2.2205717,1.965898365,2.4937857,1.00064080742421,7413.42344831618,0.14497528830313,607
"ul:nose",402,-4.220084,-4.44639783,-4.000456465,1.00073466545685,9491.23252754654,0.767710049423394,607
"ul:not",403,1.10732815,0.868904687,1.344651955,0.999738263915663,7456.33942836711,0.224052718286656,607
"ul:now",404,0.476327735,0.24708559,0.697742696,1.00166339827404,6375.10595503096,0.27841845140033,607
"ul:nurse",405,2.9803897,2.68704513,3.28176238,0.999521165708539,7390.04868412418,0.103789126853377,607
"ul:nut",406,1.08573845,0.8538158625,1.32547228,1.0033323056705,7441.53436295049,0.225700164744646,607
"ul:of",407,3.3514827,3.03093532,3.66869949,1.00069717869425,7223.11067007751,0.0873146622734761,607
"ul:off",408,-2.0460611,-2.24847143,-1.845186875,1.00288114436744,8252.03886514033,0.542009884678748,607
"ul:old",409,2.5017502,2.216253825,2.798544975,1.00258768141216,7210.07240140094,0.128500823723229,607
"ul:on",410,-1.7649572,-1.974558555,-1.561986215,1.001618705847,7464.10718722816,0.510708401976936,607
"ul:on top of",411,1.7672749,1.51955486,2.036939865,1.00182155304463,6533.13119772755,0.174629324546952,607
"ul:open (action)",412,-1.54479615,-1.73401703,-1.348227145,1.00141068202597,8340.94090469431,0.485996705107084,607
"ul:orange (description)",413,-0.77318365,-0.978929295,-0.563117635,1.00018080626173,7675.59391243741,0.401976935749588,607
"ul:orange (food)",414,-1.10979505,-1.30645991,-0.902980932,1.00023304410322,6300.647419346,0.438220757825371,607
"ul:other",415,2.11521445,1.85876646,2.38455907,1.00052687230673,6895.98343264428,0.151565074135091,607
"ul:ouch",416,-3.27327415,-3.481665635,-3.063412575,1.00050464888168,9111.24297269873,0.675453047775947,607
"ul:out",417,-1.3527161,-1.54777937,-1.14735712,1.00197111447131,7817.35085794502,0.464579901153213,607
"ul:outside",418,-2.74978415,-2.952347985,-2.535289795,1.00373381646015,9403.6072672226,0.619439868204283,607
"ul:oven",419,0.986130445,0.7556115125,1.231972255,1.00192509249658,8588.26502807294,0.233937397034596,607
"ul:over",420,1.1105086,0.8726505555,1.34618941,1.00147539841305,5768.36899374058,0.224052718286656,607
"ul:owie",421,-2.0335381,-2.238479735,-1.826720095,1.00086501622819,7028.95820982071,0.540362438220758,607
"ul:owl",422,-1.4381489,-1.64743945,-1.22905507,1.0005651422117,8856.37459808143,0.474464579901153,607
"ul:paint (action)",423,0.25702545,0.03764804675,0.4771982655,1.00112607545093,7326.51686918254,0.298187808896211,607
"ul:pajamas",424,-0.80551325,-1.01132631,-0.595609041,1.00205684152362,8442.2730837941,0.405271828665568,607
"ul:pancake",425,-0.74216061,-0.9521118885,-0.5257635575,1.00005541483843,8408.76845508044,0.398682042833608,607
"ul:pants",426,-1.7354794,-1.943149445,-1.532832315,1.00079860300913,7841.17981561352,0.507413509060956,607
"ul:paper",427,-1.1409612,-1.33957989,-0.940040374,1.00027295109652,9048.47558781488,0.441515650741351,607
"ul:park",428,-1.44189175,-1.638429225,-1.239634465,1.00260663362657,7208.90003843685,0.474464579901153,607
"ul:party",429,0.659969885,0.4247870585,0.8964613965,1.00002254713222,7912.84353153343,0.261943986820428,607
"ul:pastry",430,0.86871368,0.6391484815,1.10412533,1.0004025792338,7272.33896424658,0.243822075782537,607
"ul:pattycake",431,0.509150385,0.284041349,0.7272205745,1.0003931642553,7848.36584893378,0.275123558484349,607
"ul:peanut butter",432,-0.29424241,-0.502078534,-0.0921218537500001,1.00220102499218,6977.67681938452,0.352553542009885,607
"ul:peas",433,0.0343397045,-0.1811353285,0.2513608275,1.00179276893626,6934.45170310308,0.319604612850082,607
"ul:peekaboo",434,-2.3699343,-2.57434322,-2.17181474,1.00269985452625,8853.78763135777,0.57825370675453,607
"ul:pen",435,-0.23265875,-0.434462097,-0.0213209782,1.00077577978096,7063.42355220309,0.345963756177924,607
"ul:pencil",436,0.533059455,0.315311397,0.754388337,1.00040266343691,7656.28247654092,0.273476112026359,607
"ul:penguin",437,-0.411588755,-0.629015634,-0.2005984955,1.00043373528569,7913.22513270313,0.364085667215815,607
"ul:penis",438,0.693159895,0.4771965455,0.9206081275,1.00106934400427,7707.85796229301,0.258649093904448,607
"ul:penny",439,1.5113604,1.261930765,1.763660025,1.00038493828215,7371.87647464336,0.192751235584843,607
"ul:people",440,0.566465225,0.3544468115,0.7873544805,1.00065590921286,7562.56367627896,0.270181219110379,607
"ul:person",441,2.74832055,2.443810915,3.05505597,1.00039093628425,8494.71179884933,0.115321252059308,607
"ul:pet's name",442,-1.93847505,-2.13970511,-1.742015445,1.0002188996568,7444.17447651564,0.530477759472817,607
"ul:pick",443,1.40634175,1.164441635,1.656250665,1.00289757632338,8327.07388411942,0.200988467874794,607
"ul:pickle",444,1.1072347,0.879343868,1.34835356,1.00168815385751,7522.56648942678,0.224052718286656,607
"ul:picnic",445,1.9884311,1.729516355,2.256661015,1.00121858944669,6826.81663740385,0.159802306425041,607
"ul:picture",446,-0.46039576,-0.66468011,-0.252974463,1.00287011784678,6688.88722039584,0.369028006589786,607
"ul:pig",447,-2.26672685,-2.466167475,-2.070334905,1.00227971750315,9736.55288520604,0.5667215815486,607
"ul:pillow",448,-1.3489166,-1.55207665,-1.152578835,0.999652478090449,6322.49714165473,0.464579901153213,607
"ul:pizza",449,-1.87089315,-2.07165917,-1.667865065,1.00076304345636,7590.92662026912,0.522240527182867,607
"ul:plant",450,0.966486435,0.7297140705,1.206442875,1.00383672235944,7217.0830473465,0.235584843492586,607
"ul:plate",451,-0.648420735,-0.8469332715,-0.446113576,1.00022595684843,9006.56609391997,0.388797364085667,607
"ul:play",452,-1.25990365,-1.45787306,-1.06362177,1.00057677952164,7386.18944382947,0.454695222405272,607
"ul:play dough",453,0.226789535,0.006779889335,0.444838802,1.00537000355851,6834.11925731099,0.301482701812191,607
"ul:play pen",454,4.51791055,4.11778015,4.9341181,1.00381504255434,6055.21333313006,0.0477759472817133,607
"ul:playground",455,0.33140677,0.1093070195,0.558751913,0.999769333904841,6588.55629057885,0.29159802306425,607
"ul:please",456,-3.516555,-3.734658295,-3.29877382,1.00235707372507,8654.82366871391,0.700164744645799,607
"ul:police",457,2.30744965,2.029815975,2.593895435,0.999841006268402,7319.4245654572,0.14003294892916,607
"ul:pony",458,1.23344335,0.9945346945,1.473869035,1.00277255134327,6907.30449136956,0.214168039538715,607
"ul:pool",459,-0.31515178,-0.522126781,-0.0938625025500002,1.00297566082392,7078.2479171129,0.354200988467875,607
"ul:poor",460,4.0130087,3.65041186,4.3909613,1.00050272250419,6165.51844050661,0.0626029654036244,607
"ul:popcorn",461,-0.19760155,-0.4044970735,0.0184200272499999,1.00374074845411,6970.49207543224,0.342668863261944,607
"ul:popsicle",462,0.49114581,0.2825252355,0.70730337,1.00252653661913,7131.4933379033,0.276771004942339,607
"ul:porch",463,1.9358639,1.6885715,2.194353855,1.00147734363935,6671.82234048112,0.163097199341021,607
"ul:potato",464,0.223912615,0.0106931836,0.441037078,1.00208304078103,7400.07888333101,0.301482701812191,607
"ul:potty",465,-2.3105753,-2.516878345,-2.107454665,1.00063843486796,8775.44761172315,0.57166392092257,607
"ul:pour",466,1.47193525,1.232588905,1.71499916,1.00055046104485,7236.89990229624,0.196046128500824,607
"ul:present",467,0.642284705,0.419803995,0.8656871725,1.00057573946142,6784.10527353402,0.263591433278418,607
"ul:pretend",468,2.1977158,1.92572964,2.46535154,1.005052695183,7040.63774119004,0.14662273476112,607
"ul:pretty",469,-0.20092456,-0.417528351,0.00936103158999999,1.00068270507769,8187.48479819848,0.342668863261944,607
"ul:pretzel",470,-0.0845364835,-0.303900462,0.127975658,1.00112704459739,7597.30509166195,0.331136738056013,607
"ul:pudding",471,2.5063999,2.2254094,2.800015705,1.00118038041259,8306.51245103019,0.128500823723229,607
"ul:pull",472,0.350351575,0.1234557985,0.5790090225,1.00544640971589,6313.02613821064,0.28995057660626,607
"ul:pumpkin",473,-0.42597789,-0.6317143295,-0.2168147205,0.999640154406278,7624.46703478906,0.365733113673806,607
"ul:puppy",474,-1.9986788,-2.202979965,-1.79638704,1.00001998706424,8729.74814609969,0.537067545304778,607
"ul:purse",475,0.05431387,-0.1545999665,0.26254441,1.00121504727716,7364.97091198184,0.317957166392092,607
"ul:push",476,-0.674436965,-0.885514599,-0.472516315,1.00177125920609,6475.46271636089,0.392092257001647,607
"ul:put",477,0.58216967,0.365598137,0.795845118,1.00010040983473,6442.01250344846,0.268533772652389,607
"ul:puzzle",478,-0.56794652,-0.777332839,-0.3618852375,1.00115252009603,6615.94395649507,0.380560131795717,607
"ul:quack quack",479,-3.6325401,-3.84203027,-3.427405945,1.00017402837238,8009.05691454962,0.71169686985173,607
"ul:quiet",480,0.809984505,0.5867505755,1.041949625,1.00062111862281,6719.08638600555,0.248764415156507,607
"ul:radio",481,1.99168115,1.740696565,2.245665245,1.00056050793062,6275.00181394995,0.159802306425041,607
"ul:rain",482,-1.6174018,-1.816718405,-1.41655245,1.00009226693198,9136.49273721546,0.494233937397035,607
"ul:raisin",483,-0.294007435,-0.508271259,-0.0804422059500001,1.00207351783057,8095.93912187622,0.352553542009885,607
"ul:read",484,-1.3672085,-1.56782322,-1.17160288,1.00008147364787,7977.54255990623,0.466227347611203,607
"ul:red",485,-1.0449611,-1.24587669,-0.845464051,1.00059712652096,6892.38551016671,0.43163097199341,607
"ul:refrigerator",486,1.1690854,0.93087062,1.41435122,1.00061099804534,8134.65911057299,0.219110378912685,607
"ul:ride",487,-0.198600145,-0.4104357175,0.0118902920499998,1.00120894230963,7466.62506392854,0.342668863261944,607
"ul:rip",488,2.3370715,2.06891221,2.616313235,1.00074131334669,8301.43395721604,0.13838550247117,607
"ul:rock (object)",489,-1.76586525,-1.962500025,-1.567987065,1.00122976335983,7811.74630402462,0.510708401976936,607
"ul:rocking chair",490,0.31161842,0.1006799175,0.5328073905,1.00054991115736,6790.37846413753,0.293245469522241,607
"ul:roof",491,1.76972505,1.5142778,2.030011415,1.00236505902257,6525.09344968369,0.174629324546952,607
"ul:room",492,-0.13254633,-0.3443344115,0.08449865275,1.00193457813394,8142.03145516116,0.336079077429984,607
"ul:rooster",493,1.1083747,0.8866061125,1.333637765,1.00121421478561,7362.97176181266,0.224052718286656,607
"ul:run",494,-0.955100545,-1.166879095,-0.7558301725,1.0020690980436,8194.76920734909,0.42174629324547,607
"ul:sad",495,0.208196445,-0.00318962328499999,0.4192125715,1.00117632889306,6704.27789527151,0.303130148270181,607
"ul:salt",496,1.51607865,1.27591278,1.760783755,0.999847375850635,7121.23370223685,0.192751235584843,607
"ul:same",497,2.304734,2.04313973,2.579028235,1.0012668111261,7971.25786390046,0.14003294892916,607
"ul:sandbox",498,1.84563,1.592640765,2.09761951,1.00084129745871,7811.61753744875,0.169686985172982,607
"ul:sandwich",499,-0.13369592,-0.3492655845,0.0845519435,1.00304545884803,8700.13525424967,0.336079077429984,607
"ul:sauce",500,0.94828849,0.716283342,1.181563175,1.0048087840943,7114.96161753306,0.237232289950577,607
"ul:say",501,1.15015265,0.917320582,1.385697475,1.00213797419815,6357.25371119942,0.220757825370675,607
"ul:scared",502,0.988511755,0.7534044095,1.23135641,1.00367763419388,7203.07291932333,0.233937397034596,607
"ul:scarf",503,1.8177668,1.5548391,2.07846996,1.00376841313199,7255.67055861971,0.171334431630972,607
"ul:school",504,-0.98851534,-1.193221835,-0.78556926,1.00044996028965,6878.97651481615,0.42504118616145,607
"ul:scissors",505,0.45407677,0.235330135,0.6780137445,1.00166717341337,7045.45564060694,0.28006589785832,607
"ul:see",506,-0.95620187,-1.156704425,-0.7554293935,0.999889035288392,7500.06238423513,0.42174629324547,607
"ul:shake",507,0.364530265,0.1535768555,0.581478894,0.999311617564702,6843.01045783518,0.28830313014827,607
"ul:share",508,0.473037575,0.2530831525,0.6949513545,0.999934889572568,6577.57773874514,0.27841845140033,607
"ul:sheep",509,-1.6332973,-1.826217545,-1.43642811,1.00137742216657,8038.79545325073,0.495881383855025,607
"ul:shh",510,-2.7925751,-2.99438708,-2.59369872,1.00178103743639,8880.70146246531,0.624382207578254,607
"ul:shirt",511,-2.00103065,-2.199802855,-1.79734205,1.0007059432457,8258.23189715321,0.537067545304778,607
"ul:shoe",512,-5.0867711,-5.34411559,-4.833429945,1.00408684300295,8447.91290035892,0.838550247116969,607
"ul:shopping",513,0.9296823,0.687277481,1.16458268,1.00215495581347,7665.82774915091,0.238879736408567,607
"ul:shorts",514,0.367308235,0.1452543605,0.593061754,1.00077966328778,6710.22825000999,0.28830313014827,607
"ul:shoulder",515,0.71219419,0.487855911,0.9410955895,1.00237883363139,6358.63646108016,0.257001647446458,607
"ul:shovel",516,0.58276994,0.3653651215,0.8015322745,0.999830781463407,7546.40734910183,0.268533772652389,607
"ul:show",517,0.90775365,0.6751405705,1.154110675,1.00232179133286,7532.4371662626,0.240527182866557,607
"ul:shower",518,-0.474855935,-0.6830614345,-0.2532288185,1.00165641191941,7821.95032005475,0.370675453047776,607
"ul:sick",519,0.9712662,0.7490949675,1.191932615,0.999985806906113,7362.87337151091,0.235584843492586,607
"ul:sidewalk",520,1.21328155,0.9786215485,1.449639165,1.00149560842664,6398.86060886873,0.215815485996705,607
"ul:sing",521,-0.18338144,-0.390100151,0.0312124775999999,1.00212556784894,7077.58298012228,0.341021416803954,607
"ul:sink",522,0.105205775,-0.110845191,0.322575918999999,1.00195742840295,6282.98119596757,0.313014827018122,607
"ul:sister",523,0.368985965,0.1460646255,0.5929462915,1.00291513879414,6033.54488833522,0.28830313014827,607
"ul:sit",524,-1.47331905,-1.660687435,-1.27544664,1.00037332330952,7532.13864384471,0.477759472817133,607
"ul:skate (action)",525,3.23252055,2.91567601,3.560899395,1.00161845549704,8167.38022825668,0.0922570016474465,607
"ul:sky",526,-0.39159526,-0.599506302,-0.1850515925,1.00166315542728,8653.23817774008,0.362438220757825,607
"ul:sled",527,-0.913236,-1.11511338,-0.7063391555,1.00120330301213,7574.98515980152,0.416803953871499,607
"ul:sleep",528,-1.2452321,-1.44657543,-1.036567275,1.00082085854291,7496.89611659202,0.453047775947282,607
"ul:sleepy",529,-0.13228276,-0.341004985,0.0835912747499999,1.00005948476335,6635.20184711709,0.336079077429984,607
"ul:slide (action)",530,-0.61859998,-0.833118268,-0.4065538975,1.00164193922919,7760.49057297701,0.385502471169687,607
"ul:slide (object)",531,-1.45344115,-1.652574875,-1.254476415,1.00080992511534,6593.38579459275,0.476112026359143,607
"ul:slipper",532,1.21463245,0.97039812,1.453268295,1.00416622828427,5908.39843329617,0.215815485996705,607
"ul:slow",533,1.3604788,1.12426748,1.6008298,1.00080669016389,6434.1270189251,0.204283360790774,607
"ul:smile",534,0.94746333,0.714214589,1.17785899,1.00270391088647,7062.94695065281,0.237232289950577,607
"ul:snack",535,-1.79228935,-1.992741645,-1.589895365,1.0038933267425,8922.33883322392,0.514003294892916,607
"ul:sneaker",536,2.5941929,2.31910245,2.900335905,0.999974711019938,5716.42712490124,0.123558484349259,607
"ul:snow",537,-1.0600054,-1.26314852,-0.8592980785,1.00217981510586,6673.77861571498,0.4332784184514,607
"ul:snowman",538,0.349642445,0.118993048,0.5792736165,1.00110833485178,7408.84555791119,0.28995057660626,607
"ul:snowsuit",539,3.0856025,2.782196175,3.39812323,1.00168222400646,7620.42752871287,0.0988467874794069,607
"ul:so",540,3.72684615,3.38256452,4.08268887,1.00079576255952,7427.59730988223,0.0724876441515651,607
"ul:so big",541,0.36852157,0.1559533265,0.5809727785,1.00011345455472,6750.99602880388,0.28830313014827,607
"ul:soap",542,-0.83445482,-1.039889495,-0.632275097,1.0015491425315,8548.69866924847,0.408566721581549,607
"ul:sock",543,1.23578055,0.9936680855,1.47590549,0.999945320411779,7043.38355101837,0.214168039538715,607
"ul:soda",544,2.11677875,1.85491518,2.38382472,1.00216030111028,7200.99291595743,0.151565074135091,607
"ul:soft",545,0.27513539,0.05954164005,0.4908066165,1.00124090599429,7498.77699255814,0.296540362438221,607
"ul:some",546,1.0285649,0.7960505035,1.256080075,1.00219998882042,7599.49719767233,0.230642504118616,607
"ul:soup",547,-0.14649416,-0.364140936,0.06791871,1.00111572635565,7727.87209659049,0.337726523887974,607
"ul:spill",548,1.1468799,0.917826787,1.383459885,1.00176534645841,6956.77971231889,0.220757825370675,607
"ul:splash",549,0.020556631,-0.198123219,0.2425118865,1.00071305885793,7057.09670550289,0.321252059308072,607
"ul:spoon",550,-2.6867985,-2.88017064,-2.48799407,1.00138695102775,9196.86218349419,0.612850082372323,607
"ul:sprinkler",551,2.3067332,2.04400885,2.57521632,1.0004061461168,6281.46906664522,0.14003294892916,607
"ul:squirrel",552,-0.57149063,-0.780142536,-0.350584922,0.999903521402233,7031.03392742307,0.380560131795717,607
"ul:stairs",553,1.4701165,1.227977025,1.713467515,1.00179069554219,8198.38852911619,0.196046128500824,607
"ul:stand",554,0.472569965,0.251917337,0.697881382,1.00083036387671,7307.78001440528,0.27841845140033,607
"ul:star",555,-1.98673105,-2.181730415,-1.78933294,1.00132881921286,9786.82200016039,0.535420098846787,607
"ul:stay",556,0.56091449,0.339140171,0.7914599495,1.00244138912082,7543.09594643568,0.270181219110379,607
"ul:stick",557,-0.47327006,-0.688441205,-0.265689635,1.00237501705365,7055.54373330937,0.370675453047776,607
"ul:sticky",558,0.18935564,-0.02686670325,0.4020796195,1.00355410904582,7420.42483379386,0.304777594728171,607
"ul:stone",559,2.17022175,1.9065353,2.444499145,1.00227984074732,7108.21807441363,0.14827018121911,607
"ul:stop",560,-1.3340829,-1.53147443,-1.135437265,1.00195817070369,8481.65682974074,0.462932454695222,607
"ul:store",561,-0.28221703,-0.4898118235,-0.0745335475500002,1.00002945748757,6014.76908936915,0.350906095551895,607
"ul:story",562,-0.0976489125,-0.3107576965,0.116692194,1.00047431506338,7801.26318049786,0.332784184514003,607
"ul:stove",563,-1.1092105,-1.305382225,-0.905561607,1.00042838461476,6890.25429414498,0.438220757825371,607
"ul:strawberry",564,-1.63113825,-1.83665551,-1.430362545,1.00257032123555,7487.52937171612,0.495881383855025,607
"ul:street",565,0.69445492,0.4782325255,0.923339722,1.00214512845679,7162.96928582294,0.258649093904448,607
"ul:stroller",566,2.62606425,2.34425606,2.91736975,1.00052801915876,8085.84996541837,0.121911037891269,607
"ul:stuck",567,-0.166221375,-0.375307606,0.0428091592,1.00039535882416,7037.10789714868,0.339373970345964,607
"ul:sun",568,-1.3349962,-1.5286705,-1.135187535,1.00325862837122,8191.7001433915,0.462932454695222,607
"ul:sweater",569,-3.46782625,-3.67926402,-3.25174948,1.00202664284945,10131.4881688504,0.695222405271829,607
"ul:sweep",570,0.47303927,0.2548176465,0.7059866105,0.999972961797845,6599.65124689334,0.27841845140033,607
"ul:swim",571,-0.24356414,-0.4556758015,-0.03960574125,1.00048973961048,7098.08230894293,0.347611202635914,607
"ul:swing (action)",572,-1.24944805,-1.450183655,-1.04235163,1.00111666209493,8820.5893192068,0.453047775947282,607
"ul:swing (object)",573,-1.63102985,-1.831982635,-1.423492525,1.00121433799487,8876.93369508785,0.495881383855025,607
"ul:table",574,-0.916455425,-1.1137678,-0.714290667,1.00147716594504,7817.12373636637,0.416803953871499,607
"ul:take",575,0.907070595,0.674583295,1.140803315,1.00150982259439,7780.27735087776,0.240527182866557,607
"ul:talk",576,0.606067375,0.383122836,0.825419528,1.00110112561547,7096.32701756398,0.266886326194399,607
"ul:tape (object)",577,0.989664035,0.7582261685,1.225018355,1.00053803384381,7446.37859368019,0.233937397034596,607
"ul:taste",578,1.4064993,1.163370855,1.64638824,1.001299563616,6391.86477335615,0.200988467874794,607
"ul:teacher",579,1.0669708,0.828576955,1.30800686,1.00197803312833,6902.63032706242,0.227347611202636,607
"ul:tear",580,2.50361885,2.230683405,2.78518546,1.00098531832956,6618.2039225749,0.128500823723229,607
"ul:teddybear",581,-0.426629865,-0.6327352595,-0.2190677635,1.00298230160888,7371.64307971684,0.365733113673806,607
"ul:telephone",582,-1.69044115,-1.892664435,-1.49732176,1.00074633077481,8376.64329014932,0.502471169686985,607
"ul:thank you",583,-3.32239465,-3.526366195,-3.11417483,1.00026506397292,10581.2360821706,0.680395387149918,607
"ul:that",584,-1.2280033,-1.426375365,-1.03778649,1.00006517182886,6938.30727892302,0.451400329489292,607
"ul:the",585,1.58382455,1.32084949,1.84553088,1.00094656281345,6986.66253337602,0.187808896210873,607
"ul:then",586,3.55189915,3.21838589,3.901761745,1.00081593914795,6686.0763080078,0.0790774299835255,607
"ul:there",587,0.033998348,-0.180129954,0.2446327575,1.00090938021045,8213.20535996075,0.319604612850082,607
"ul:these",588,1.3382382,1.106228935,1.5876791,0.999973930089294,6974.30794713353,0.205930807248764,607
"ul:think",589,2.47411955,2.19081938,2.757255295,0.999567810601449,7696.5358686526,0.130148270181219,607
"ul:thirsty",590,0.585226895,0.364726672,0.8064263395,1.0029109778407,6840.26024154343,0.268533772652389,607
"ul:this",591,-1.185095,-1.386615105,-0.9865078185,0.999540564479771,6842.39443317515,0.446457990115321,607
"ul:this little piggy",592,1.213381,0.9758352675,1.450845835,1.00355656968193,6404.84435132104,0.215815485996705,607
"ul:those",593,2.1489899,1.885772135,2.413987905,1.00420849013457,7761.64932726125,0.1499176276771,607
"ul:throw",594,-0.296662,-0.4998853635,-0.0936295907500004,1.00215750487221,7126.95855537751,0.352553542009885,607
"ul:tickle",595,-0.928194165,-1.124089195,-0.7282486855,1.00010604409479,7683.57261621612,0.418451400329489,607
"ul:tiger",596,-0.754143125,-0.956394475,-0.54749373,0.999839471568968,7328.97534091223,0.400329489291598,607
"ul:tights",597,2.4759403,2.19567921,2.77240031,1.00051358239686,7742.27827692724,0.130148270181219,607
"ul:time",598,2.5924268,2.311044065,2.885101695,1.00016915680104,5505.18302529604,0.123558484349259,607
"ul:tiny",599,2.25483315,1.974865315,2.537163865,1.00097008349369,7133.41995215087,0.14332784184514,607
"ul:tired",600,0.657791205,0.4357492535,0.8808117435,1.00193218585202,7020.29013290247,0.261943986820428,607
"ul:tissue",601,0.0020150146,-0.22327209,0.2226711505,1.00001129208974,7608.56433230532,0.322899505766063,607
"ul:to",602,1.32085495,1.075600675,1.55164614,1.00260770506403,7139.70593637824,0.207578253706755,607
"ul:toast",603,-0.48998703,-0.700320801,-0.2835486505,1.00152103308222,6950.61019047618,0.372322899505766,607
"ul:today",604,2.09038865,1.827594185,2.367414,1.00011940162376,6990.59298553899,0.153212520593081,607
"ul:toe",605,-2.20514955,-2.4059884,-2.00843097,1.00254952598393,9029.71315548223,0.560131795716639,607
"ul:tomorrow",606,2.1432189,1.88665755,2.412117015,1.00344272871656,7990.79900191435,0.1499176276771,607
"ul:tongue",607,-1.646224,-1.84592295,-1.440251095,1.00170867662205,7299.18043901265,0.497528830313015,607
"ul:tonight",608,3.04434235,2.75095561,3.350188935,1.00113799563138,6536.51411988472,0.100494233937397,607
"ul:too",609,0.492720625,0.2716298845,0.71940062,1.00174122599916,6683.67371398715,0.276771004942339,607
"ul:tooth",610,-0.64522119,-0.849149387,-0.4405865565,1.00174881200241,6843.86839476796,0.388797364085667,607
"ul:toothbrush",611,-1.82310755,-2.022734095,-1.62386693,1.0001902113721,8541.01363861575,0.517298187808896,607
"ul:touch",612,0.367187195,0.1531906035,0.580098067999999,1.00066692336276,7779.5644886524,0.28830313014827,607
"ul:towel",613,-0.913684255,-1.11970234,-0.7006720915,1.00013393179439,6256.11082598031,0.416803953871499,607
"ul:toy (object)",614,-1.69113445,-1.88800331,-1.49853074,0.999559446583944,9726.87425430209,0.502471169686985,607
"ul:tractor",615,-0.86294499,-1.055580555,-0.666054565,1.00087991988977,7367.13921744974,0.411861614497529,607
"ul:train",616,-2.3738685,-2.56513995,-2.172062655,0.999714237490461,7715.66478839244,0.57825370675453,607
"ul:tray",617,3.01251335,2.70685457,3.34109469,1.0010444280088,7648.36738451234,0.102141680395387,607
"ul:tree",618,-2.80476535,-3.008969905,-2.609713675,1.00142059654437,8877.55769022959,0.626029654036244,607
"ul:tricycle",619,1.57885475,1.339888225,1.826711175,1.00096142772249,7084.82552729279,0.187808896210873,607
"ul:truck",620,-3.0837591,-3.282989385,-2.873799735,1.00220269502666,9577.73207417828,0.655683690280066,607
"ul:try",621,1.1707912,0.9391401775,1.41181906,1.00187594580646,6677.68500538807,0.219110378912685,607
"ul:tummy",622,-1.64358795,-1.846924095,-1.43725471,1.00328193187594,6960.04603382741,0.497528830313015,607
"ul:tuna",623,3.26167635,2.954283765,3.590969005,1.00094000548544,7429.89439286316,0.0906095551894563,607
"ul:turkey",624,0.47529201,0.258849482,0.6935230755,0.999598019614901,6931.67025864929,0.27841845140033,607
"ul:turn around",625,0.908681445,0.682905973,1.13805671,1.00167433078895,6817.99415038396,0.240527182866557,607
"ul:turtle",626,-1.7208103,-1.918883465,-1.523790295,1.00039529693439,9225.15193839888,0.505766062602965,607
"ul:tv",627,-1.51288115,-1.716852845,-1.31222731,1.00058898891807,8543.02566011391,0.482701812191104,607
"ul:uh oh",628,-5.5131556,-5.779009945,-5.253608695,1.00162516580885,11420.439144199,0.868204283360791,607
"ul:uncle",629,0.438336435,0.214875961,0.660205677,1.00113596428876,8073.92593697815,0.28171334431631,607
"ul:under",630,0.65922833,0.436308333,0.8841274975,1.0017312869647,7636.6482103883,0.261943986820428,607
"ul:underpants",631,1.0878732,0.8554251685,1.322960425,1.00138778239514,7264.53805350264,0.225700164744646,607
"ul:up",632,-2.6375223,-2.842751505,-2.44069705,0.999982490736144,9529.64639531056,0.607907742998353,607
"ul:vacuum",633,-0.0665818875,-0.277089297,0.140960558,1.00434752668506,6697.44146347112,0.329489291598023,607
"ul:vagina",634,2.7843619,2.489148475,3.08085467,1.00371442526166,6746.62558587382,0.113673805601318,607
"ul:vanilla",635,2.7812217,2.49091731,3.083689415,0.999826340732383,9170.34663199224,0.113673805601318,607
"ul:vitamin",636,1.1710217,0.9296141565,1.405779265,1.00391378656475,7767.97374379789,0.219110378912685,607
"ul:vroom",637,-3.6328739,-3.84817447,-3.420439885,1.00071714074807,9177.72381330792,0.71169686985173,607
"ul:wait",638,0.18669437,-0.02609981605,0.411173102,1.00015726271111,7459.73373816208,0.304777594728171,607
"ul:wake",639,0.9474938,0.71797277,1.179803465,1.00071079262409,7335.20746635853,0.237232289950577,607
"ul:walk",640,-1.2421042,-1.444347195,-1.04645031,1.00226697868832,8524.81884030816,0.453047775947282,607
"ul:walker",641,4.64255825,4.229887695,5.083959195,1.00004236505104,6405.27358990279,0.0444810543657331,607
"ul:wanna",642,-0.050248842,-0.255165037,0.1582058625,1.00015681591459,7381.27973972235,0.327841845140033,607
"ul:was",643,3.3121126,2.982773715,3.65272976,1.00064864002835,7901.74492219988,0.0889621087314662,607
"ul:wash",644,-0.473329315,-0.684043802,-0.2621355915,1.00429647747137,7332.03270883815,0.370675453047776,607
"ul:washing machine",645,-0.94136133,-1.143217335,-0.7301244005,0.999617052246452,7777.83975873698,0.420098846787479,607
"ul:watch (action)",646,0.527025335,0.3104595875,0.7509105235,1.00137962333979,8104.33434701119,0.273476112026359,607
"ul:watch (object)",647,0.51388022,0.28824856,0.7263147785,1.00219959599462,8984.84253243057,0.275123558484349,607
"ul:water (beverage)",648,-3.0551376,-3.265559545,-2.852650015,1.00014882931028,8966.9992887596,0.652388797364086,607
"ul:water (not beverage)",649,-2.65799445,-2.858874415,-2.451803375,1.00062054179182,9462.72892776821,0.609555189456343,607
"ul:were",650,3.7246891,3.377727265,4.083574735,1.00159160854155,7854.67141743308,0.0724876441515651,607
"ul:wet (description)",651,-1.1678056,-1.373213925,-0.9656144615,1.00377110130441,6838.94337719742,0.444810543657331,607
"ul:what",652,-0.41051892,-0.6196184015,-0.2031285515,1.00053821236012,7972.96385155834,0.364085667215815,607
"ul:when (question)",653,3.55783095,3.20959418,3.90584969,0.999711128302843,7556.4170244828,0.0790774299835255,607
"ul:where (question)",654,0.104247865,-0.1141767025,0.320276804,0.999968295776588,6422.77558180445,0.313014827018122,607
"ul:which (question)",655,3.67995695,3.34868342,4.03250209,1.0032525901663,6685.90735714997,0.0741350906095552,607
"ul:white",656,0.48972738,0.271479306,0.7113389935,1.00250862150587,6774.7614035289,0.276771004942339,607
"ul:who",657,1.8414182,1.58897682,2.10399225,1.00216193478662,6943.9553261957,0.169686985172982,607
"ul:why",658,1.1277007,0.877187519,1.37835109,0.999907883952283,7568.53891288066,0.222405271828666,607
"ul:will",659,2.6532661,2.371811565,2.944893895,0.999717892697714,6498.02384388475,0.120263591433278,607
"ul:wind",660,0.137431185,-0.07761307195,0.3512298115,1.00072681728098,7358.0031170236,0.309719934102142,607
"ul:window",661,1.84274845,1.590685945,2.099833525,1.00036461796029,6935.40956327082,0.169686985172982,607
"ul:windy",662,0.73505115,0.5132659565,0.96743611,1.0005831323742,6986.38991813873,0.255354200988468,607
"ul:wipe",663,0.330843065,0.114867411,0.552191627,1.00389331592022,6644.76219972057,0.29159802306425,607
"ul:wish",664,3.34375615,3.023962805,3.686193425,1.00017220331331,6715.88921447707,0.0873146622734761,607
"ul:with",665,1.56013215,1.31738057,1.805109805,1.00022394836563,8158.47310399877,0.189456342668863,607
"ul:wolf",666,1.33814635,1.093622845,1.587783665,1.0006001825569,7752.712443416,0.205930807248764,607
"ul:woof woof",667,-4.74328485,-4.97944348,-4.51169758,1.0027240147803,7767.09990931557,0.812191103789127,607
"ul:work (action)",668,0.660989635,0.4357404295,0.8837311075,1.00184285953405,7494.08783366826,0.261943986820428,607
"ul:work (place)",669,-0.0466769855,-0.267334806,0.169904474,1.00095397369045,6768.10200664261,0.327841845140033,607
"ul:would",670,4.33499175,3.959319915,4.737051495,1.00109071798668,7464.64067173263,0.0527182866556837,607
"ul:write",671,1.2736208,1.037872105,1.516867375,1.00263666308773,8261.96796542304,0.210873146622735,607
"ul:yellow",672,-1.27254255,-1.476208165,-1.06790937,1.00363190773614,6823.19562047891,0.456342668863262,607
"ul:yes",673,-3.86824315,-4.087209865,-3.65217505,1.00119726736395,8963.90288829891,0.734761120263591,607
"ul:yesterday",674,3.5444728,3.230959825,3.88329553,1.00034322597954,6253.41785342106,0.0790774299835255,607
"ul:yogurt",675,-1.98704415,-2.18776379,-1.78257333,1.00177399925192,8254.97749165545,0.535420098846787,607
"ul:yucky",676,-1.32926555,-1.530191725,-1.133149385,1.00266447184131,8422.97502234127,0.462932454695222,607
"ul:yum yum",677,-3.2887014,-3.48610838,-3.08747835,1.00116833982778,9738.92149803785,0.677100494233937,607
"ul:zebra",678,-0.75447067,-0.959162846,-0.5468578815,1.00133694943355,7783.12072648536,0.400329489291598,607
"ul:zipper",679,-0.2302734,-0.4366379795,-0.0193170629500004,1.00038139108125,7746.17390371811,0.345963756177924,607
"ul:zoo",680,0.314629675,0.08255099215,0.539116909,1.00101415416245,7543.71188199876,0.293245469522241,607
