"ckey","ii","n_admins","xi_median","xi_q5","xi_q95"
"Smith::10265",1,5,-13.731111,-13.8585987,-13.6105566
"Smith::10485",2,3,-11.333286,-11.453292,-11.21042545
"Smith::10520",3,4,-12.272945,-12.40181725,-12.150333
"Smith::10600",4,4,-8.50750425,-8.607334955,-8.406729195
"Smith::10631",5,3,-8.39145015,-8.517864625,-8.264805215
"Smith::10659",6,3,-10.0150455,-10.1396999,-9.89545587
"Smith::10750",7,7,-9.0369716,-9.121267905,-8.952027325
"Smith::10805",8,4,-8.71511245,-8.809756145,-8.619079775
"Smith::10807",9,6,-9.37334805,-9.45580849,-9.290233855
"Smith::10864",10,5,-11.4601985,-11.5600428,-11.3600003
"Smith::10877",11,5,-13.8987565,-14.20251825,-13.6190004
"Smith::10900",12,8,-8.00041865,-8.0686591,-7.93171015
"Smith::10958",13,5,-10.3643535,-10.4629541,-10.2679029
"Smith::10969",14,3,-10.095674,-10.2169221,-9.97690971
"Smith::11000",15,9,-9.01250345,-9.078867835,-8.94187811
"Smith::11002",16,4,-10.267838,-10.39372115,-10.1439515
"Smith::11007",17,5,-8.55815125,-8.653655195,-8.46462768
"Smith::11011",18,8,-6.02914095,-6.09400892,-5.962338815
"Smith::11081",19,3,-10.7962045,-10.92358865,-10.6717497
"Smith::11133",20,3,-8.63008845,-8.743739905,-8.515241525
"Smith::11205",21,4,-11.1080265,-11.21841935,-11.00024335
"Smith::11246",22,4,-10.0707435,-10.1923035,-9.94989566
"Smith::11526",23,3,-10.853549,-10.95170705,-10.7529659
"Smith::11556",24,3,-10.1891185,-10.2978663,-10.07422395
"Smith::11578",25,5,-9.92879435,-10.02854245,-9.83274882
"Smith::11593",26,3,-14.794973,-14.9748416,-14.6199854
"Smith::11683",27,3,-9.2836929,-9.405720235,-9.159782835
"Smith::11685",28,5,-10.7771145,-10.8612165,-10.69028535
"Smith::11695",29,6,-11.901385,-11.99159685,-11.80875585
"Smith::11710",30,6,-11.3560545,-11.4657837,-11.2509143
"Smith::11763",31,4,-13.677811,-13.8360205,-13.5216636
"Smith::11829",32,3,-12.220105,-12.34583865,-12.1013311
"Smith::11890",33,6,-11.084271,-11.17717425,-10.9965155
"Smith::11900",34,3,-7.41991375,-7.54234843,-7.29655394
"Smith::11918",35,5,-8.72030855,-8.80830613,-8.628142395
"Smith::11971",36,3,-11.771759,-11.89200025,-11.6486612
"Smith::12005",37,4,-8.42599085,-8.528231595,-8.322747475
"Smith::12012",38,4,-6.53669615,-6.64281484,-6.430041295
"Smith::12016",39,6,-8.4728104,-8.54723003,-8.395939145
"Smith::12037",40,9,-9.1421753,-9.205730125,-9.07700497
"Smith::12091",41,9,-11.999446,-12.09256715,-11.90307125
"Smith::12154",42,5,-8.57483085,-8.67528582,-8.46935998
"Smith::12187",43,3,-9.49640395,-9.62170707,-9.37425306
"Smith::12192",44,3,-10.123836,-10.2380806,-10.00894755
"Smith::12217",45,3,-7.02429205,-7.15012268,-6.89681643
"Smith::12249",46,5,-11.771882,-11.86204715,-11.67997305
"Smith::12322",47,4,-10.2234095,-10.33440675,-10.11696815
"Smith::12334",48,3,-6.2830844,-6.384306785,-6.176751925
"Smith::12349",49,3,-11.229112,-11.3535274,-11.10802025
"Smith::12354",50,6,-5.8442886,-5.926046025,-5.76160291
"Smith::12366",51,3,-7.50543665,-7.61306632,-7.399676145
"Smith::12367",52,3,-9.2359886,-9.349693435,-9.122131665
"Smith::12375",53,3,-9.67316485,-9.797825985,-9.545106695
"Smith::12469",54,5,-12.4122045,-12.51855255,-12.30616615
"Smith::12558",55,3,-10.5864845,-10.6961711,-10.4790122
"Smith::12598",56,5,-13.2258125,-13.34449455,-13.1139968
"Smith::12615",57,4,-6.07958625,-6.18197975,-5.977454035
"Smith::12618",58,3,-10.721761,-10.85059715,-10.5936179
"Smith::12625",59,3,-9.5889937,-9.70676343,-9.470688365
"Smith::12629",60,6,-7.0345434,-7.12459972,-6.945031765
"Smith::12634",61,4,-11.6986065,-11.81144755,-11.582767
"Smith::12694",62,3,-11.038571,-11.1453952,-10.9313254
"Smith::12696",63,7,-6.5506541,-6.623477915,-6.477509475
"Smith::12703",64,3,-9.24703065,-9.349426975,-9.147812015
"Smith::12731",65,4,-11.3924545,-11.4955302,-11.2881549
"Smith::12751",66,6,-9.3487265,-9.42700503,-9.27129517
"Smith::12753",67,3,-11.8080725,-11.9424269,-11.6783627
"Smith::12803",68,4,-9.2283546,-9.32564533,-9.13326406
"Smith::12821",69,3,-9.92950345,-10.06702065,-9.79322656
"Smith::12870",70,3,-9.54451685,-9.656201705,-9.429808175
"Smith::12925",71,4,-9.65168935,-9.74811447,-9.5545347
"Smith::12947",72,6,-8.38444245,-8.47387435,-8.295133225
"Smith::12958",73,4,-9.5835502,-9.68459766,-9.47761414
"Smith::13075",74,3,-8.70853425,-8.83021096,-8.588837805
"Smith::13082",75,3,-10.2017665,-10.36267185,-10.04200515
"Smith::13138",76,3,-7.93634015,-8.044758715,-7.82643044
"Smith::13150",77,6,-10.7677745,-10.85800765,-10.6770179
"Smith::13152",78,5,-13.0876805,-13.20637585,-12.97203245
"Smith::13158",79,4,-14.000058,-14.13108455,-13.87095125
"Smith::13217",80,3,-8.7984669,-8.90407199,-8.687196915
"Smith::13254",81,4,-7.99344215,-8.099933505,-7.88647041
"Smith::13263",82,8,-9.39211615,-9.465287155,-9.322921845
"Smith::13269",83,5,-11.0192525,-11.110205,-10.92936875
"Smith::13319",84,3,-9.4898166,-9.58793643,-9.3901828
"Smith::13337",85,3,-9.87085285,-9.98470646,-9.759037545
"Smith::13431",86,3,-12.6004635,-12.772684,-12.4299817
"Smith::13444",87,3,-9.72388405,-9.828135805,-9.62356801
"Smith::13446",88,3,-11.312398,-11.49280695,-11.13193475
"Smith::13485",89,5,-6.7314275,-6.84521259,-6.615543695
"Smith::13497",90,3,-9.8786086,-9.97859456,-9.777985265
"Smith::13608",91,3,-11.26097,-11.3887509,-11.1386182
"Smith::13635",92,3,-9.16128755,-9.289822015,-9.032455035
"Smith::13789",93,4,-8.9013267,-8.99460978,-8.80679368
"Smith::13899",94,3,-7.21203795,-7.31742547,-7.10599202
"Smith::13900",95,3,-7.83676115,-7.9500545,-7.7257652
"Smith::13939",96,3,-8.41624675,-8.537917795,-8.29338794
"Smith::13967",97,4,-7.44543755,-7.54010003,-7.355497535
"Smith::13988",98,3,-6.99990655,-7.100824445,-6.899178255
"Smith::14094",99,4,-7.2614081,-7.358094205,-7.16439126
"Smith::14179",100,3,-12.066098,-12.1875901,-11.9403043
"Smith::14222",101,3,-10.6908385,-10.82027005,-10.5627008
"Smith::14253",102,3,-8.6144902,-8.71966678,-8.505340365
"Smith::14257",103,4,-10.400344,-10.5094954,-10.29642795
"Smith::14267",104,5,-8.8721868,-8.968331105,-8.779688595
"Smith::14269",105,4,-9.94013245,-10.0394461,-9.843952255
"Smith::14277",106,5,-9.08798245,-9.192891775,-8.982800865
"Smith::14284",107,4,-8.7371135,-8.82728814,-8.65027492
"Smith::14287",108,3,-9.8574319,-9.960201765,-9.75230366
"Smith::14327",109,4,-11.911741,-12.0431999,-11.7876888
"Smith::14336",110,4,-9.173351,-9.28390541,-9.06601775
"Smith::14346",111,3,-11.277737,-11.3794039,-11.18084735
"Smith::14397",112,4,-9.2778397,-9.36741475,-9.18835356
"Smith::14400",113,4,-10.1364345,-10.24558215,-10.028281
"Smith::14443",114,3,-11.7000595,-11.86033325,-11.54547325
"Smith::14467",115,3,-10.1870465,-10.3203279,-10.0570005
"Smith::14558",116,5,-9.58487925,-9.68267009,-9.490781605
"Smith::14580",117,3,-10.0182205,-10.16663365,-9.87292306
"Smith::14632",118,3,-10.0364075,-10.158604,-9.91717787
"Smith::14648",119,4,-11.475841,-11.5689554,-11.3795065
"Smith::14745",120,5,-12.4928605,-12.60986675,-12.3777059
"Smith::14864",121,3,-9.2022133,-9.312735305,-9.091695435
"Smith::14869",122,3,-6.9677929,-7.076299485,-6.858374725
"Smith::14939",123,3,-9.5760789,-9.693602805,-9.45739167
"Smith::14984",124,3,-8.4812311,-8.587632605,-8.372740925
"Smith::15035",125,3,-10.9307945,-11.0555992,-10.7989071
"Smith::15066",126,3,-7.5404112,-7.646699105,-7.433299565
"Smith::15074",127,5,-10.713412,-10.79900475,-10.62620185
"Smith::15111",128,3,-12.815823,-13.0109032,-12.6319068
"Smith::15112",129,3,-12.949311,-13.1495372,-12.75576365
"Smith::15157",130,3,-9.7559283,-9.86459326,-9.65169981
"Smith::15161",131,3,-10.697944,-10.82795425,-10.5730496
"Smith::15198",132,4,-9.9673254,-10.065797,-9.87044698
"Smith::15287",133,4,-8.8253855,-8.921421445,-8.72630911
"Smith::15321",134,4,-5.7667663,-5.862000075,-5.671828845
"Smith::15415",135,4,-8.9355434,-9.028403045,-8.84240275
"Smith::15428",136,3,-12.315096,-12.4330629,-12.19845715
"Smith::15431",137,3,-11.4775575,-11.6026969,-11.35981675
"Smith::15513",138,3,-6.69554925,-6.79676535,-6.59110268
"Smith::15519",139,4,-12.7628825,-12.99451585,-12.53784445
"Smith::15583",140,3,-10.120064,-10.22670295,-10.0118798
"Smith::15597",141,4,-13.9629735,-14.21190755,-13.7370394
"Smith::15628",142,3,-11.321941,-11.4433417,-11.19858275
"Smith::15666",143,3,-7.79196115,-7.89631115,-7.69213029
"Smith::15768",144,3,-11.726478,-11.89590135,-11.56372865
"Smith::15847",145,4,-10.676979,-10.79677035,-10.5588984
"Smith::15869",146,4,-10.453884,-10.5517564,-10.3537032
"Smith::16077",147,3,-8.09541355,-8.19775033,-7.993866765
"Smith::16149",148,5,-7.33908785,-7.42374503,-7.25508551
"Smith::16163",149,3,-10.2058795,-10.39610355,-10.0257905
"Smith::16470",150,3,-11.473712,-11.72707325,-11.2276089
"Smith::16514",151,3,-10.86239,-10.9923447,-10.7292389
"Smith::16639",152,4,-12.8259295,-13.01779265,-12.6462791
