"ckey","ii","n_admins","xi_median","xi_q5","xi_q95","slope_median","slope_q5","slope_q95"
"Smith::10265",1,5,-11.920131,-12.29425495,-11.553377,0.348507185,0.3084674095,0.390740565
"Smith::10485",2,3,-11.36817,-11.72018585,-11.02848705,0.564924145,0.526621258,0.6039445175
"Smith::10520",3,4,-9.9409086,-10.14611245,-9.742577285,0.261160825,0.237642285,0.285002677
"Smith::10600",4,4,-7.31159625,-7.44148907,-7.186275345,0.29114977,0.269133703,0.312097159
"Smith::10631",5,3,-9.30123565,-9.550096315,-9.05814882,0.7344762,0.6997468895,0.769360252
"Smith::10659",6,3,-11.6119205,-11.9446019,-11.2914406,0.97160483,0.9083913915,1.036268125
"Smith::10750",7,7,-10.1769205,-10.3310345,-10.03053265,1.10282735,1.04509648,1.16699879
"Smith::10805",8,4,-10.578029,-10.81076775,-10.34751155,1.00069615,0.9606672505,1.04081815
"Smith::10807",9,6,-8.95569755,-9.077361095,-8.83128235,0.483714435,0.456177639,0.5103606855
"Smith::10864",10,5,-10.4734105,-10.66545705,-10.27111235,0.425035505,0.399363664,0.4514754035
"Smith::10877",11,5,-12.615462,-13.05736595,-12.2285598,0.17670689,0.05006136305,0.3051959305
"Smith::10900",12,8,-7.90704275,-7.997065875,-7.81998248,0.564021715,0.542423884,0.586144558
"Smith::10958",13,5,-11.250206,-11.4566113,-11.0493762,0.742207085,0.7107373255,0.774134641
"Smith::10969",14,3,-8.95809905,-9.181600225,-8.741251195,0.42038299,0.3968278155,0.4452241335
"Smith::11000",15,9,-10.0485795,-10.1792929,-9.92131602,0.851956165,0.8260297255,0.877107453
"Smith::11002",16,4,-10.959295,-11.1999026,-10.7329788,0.68061772,0.651057235,0.7127222635
"Smith::11007",17,5,-8.79827,-8.922850605,-8.67882224,0.671348265,0.6414607765,0.702080567
"Smith::11011",18,8,-6.81355585,-6.90784313,-6.720804535,1.1325825,1.09082498,1.173044225
"Smith::11081",19,3,-10.2937725,-10.52571985,-10.06823105,0.49192949,0.462459164,0.522120566
"Smith::11133",20,3,-9.0737508,-9.29375093,-8.854467675,0.678314045,0.6412103835,0.71685779
"Smith::11205",21,4,-11.1792495,-11.4975446,-10.8625927,0.605245725,0.5516417765,0.660386942
"Smith::11246",22,4,-9.9879131,-10.1676388,-9.810065335,0.54362818,0.520004204,0.566785718
"Smith::11526",23,3,-5.3765822,-5.76976067,-4.98841687,-0.046540144,-0.0874619946,-0.00457275303000002
"Smith::11556",24,3,-9.0711459,-9.306210815,-8.844514785,0.426026535,0.4000163195,0.4531481035
"Smith::11578",25,5,-9.44688515,-9.605810235,-9.294576325,0.42740459,0.3803120365,0.475545774
"Smith::11593",26,3,-13.159642,-13.8344665,-12.5161505,0.38467947,0.324746635,0.4481027055
"Smith::11683",27,3,-8.7226742,-8.93613726,-8.506047585,0.49013401,0.463987012,0.517308619
"Smith::11685",28,5,-10.7851665,-11.0304717,-10.5417199,0.561490905,0.5352119665,0.5871142185
"Smith::11695",29,6,-11.218414,-11.4670987,-10.98640115,0.479156745,0.4537228225,0.505321624
"Smith::11710",30,6,-10.4583255,-10.67444885,-10.2470943,0.38507476,0.3375243085,0.431565148
"Smith::11763",31,4,-12.5160305,-12.9640674,-12.09995225,0.41544843,0.36316588,0.47017415
"Smith::11829",32,3,-14.1410105,-14.5840186,-13.709772,0.77763778,0.731325657,0.8252792875
"Smith::11890",33,6,-11.567918,-11.8304154,-11.3210542,0.67980806,0.6371500085,0.725125698
"Smith::11900",34,3,-7.5209,-7.69803109,-7.34680064,0.609387375,0.579438004,0.639939383
"Smith::11918",35,5,-8.46267435,-8.65564119,-8.277899935,0.55014877,0.523398383,0.577645496
"Smith::11971",36,3,-10.256341,-10.6036128,-9.93185201,0.380130145,0.340073726,0.422013318
"Smith::12005",37,4,-6.53333175,-6.658810385,-6.413398065,0.21777209,0.200559733,0.2356619625
"Smith::12012",38,4,-7.0082242,-7.13758013,-6.87595868,0.938451825,0.891616923,0.988301381
"Smith::12016",39,6,-8.3253144,-8.460001025,-8.19386,0.5665173,0.540612225,0.5922687255
"Smith::12037",40,9,-9.6349998,-9.765348785,-9.509262695,0.70130822,0.6775128055,0.72518512
"Smith::12091",41,9,-12.4649635,-12.72055215,-12.21662275,0.64895718,0.6138929945,0.684409704
"Smith::12154",42,5,-8.94449085,-9.110885445,-8.785034105,0.638974005,0.6150476255,0.662234584
"Smith::12187",43,3,-8.86622445,-9.039817525,-8.6920264,0.44749723,0.423694031,0.472340392
"Smith::12192",44,3,-9.9919273,-10.24295615,-9.74865218,0.549661225,0.520517737,0.5798504195
"Smith::12217",45,3,-6.7786667,-6.965775595,-6.59887305,0.538362235,0.5026784585,0.5760754155
"Smith::12249",46,5,-14.431181,-14.8207224,-14.04750145,0.836039765,0.7969935635,0.8741510675
"Smith::12322",47,4,-10.672277,-10.93562155,-10.4171212,0.678258285,0.6336099345,0.7229409545
"Smith::12334",48,3,-6.0178268,-6.16233115,-5.879815445,0.510634485,0.4615405075,0.560811223
"Smith::12349",49,3,-10.397804,-10.7475354,-10.08561845,0.457168495,0.4118242585,0.5062107605
"Smith::12354",50,6,-6.14823305,-6.243453645,-6.05627673,0.943227225,0.900335158,0.9890896965
"Smith::12366",51,3,-7.19214265,-7.308218865,-7.07456934,0.41294096,0.378411134,0.449196405
"Smith::12367",52,3,-9.10961155,-9.302828905,-8.92611952,0.5633749,0.5224055745,0.604198461
"Smith::12375",53,3,-8.7293555,-8.88906967,-8.571246845,0.343012025,0.3121137405,0.375032961
"Smith::12469",54,5,-14.858376,-15.4659411,-14.30003305,0.77812844,0.727442509,0.832536899
"Smith::12558",55,3,-11.103437,-11.41746775,-10.7987189,0.63559393,0.599587929,0.6730717445
"Smith::12598",56,5,-12.400832,-12.81148645,-12.01170095,0.463211605,0.42713673,0.50202537
"Smith::12615",57,4,-6.85073925,-7.120214425,-6.582386315,0.866824145,0.7951597635,0.939349392
"Smith::12618",58,3,-10.473434,-10.7207073,-10.22831955,0.52774851,0.4989039045,0.5563601265
"Smith::12625",59,3,-11.2343645,-11.57291645,-10.91125955,0.823631715,0.7804818975,0.8707284145
"Smith::12629",60,6,-5.81148255,-5.950022345,-5.673683835,0.343826865,0.3222333195,0.3660243295
"Smith::12634",61,4,-11.9589495,-12.2857012,-11.6403693,0.60542537,0.5661836525,0.646452382
"Smith::12694",62,3,-9.7955019,-10.0910305,-9.495931955,0.406465145,0.3674689555,0.44446295
"Smith::12696",63,7,-7.19478465,-7.31378648,-7.078497345,0.918554605,0.879485207,0.9585412465
"Smith::12703",64,3,-7.85122865,-8.204507735,-7.490605055,0.391552885,0.3423103145,0.43875251
"Smith::12731",65,4,-10.410246,-10.65626465,-10.179318,0.433790925,0.4035842885,0.4647254655
"Smith::12751",66,6,-10.962463,-11.16808215,-10.7500488,0.8774046,0.843053387,0.910278244
"Smith::12753",67,3,-10.130452,-10.4109218,-9.862036035,0.324547935,0.286576227,0.36315299
"Smith::12803",68,4,-10.8440995,-11.0667354,-10.61833975,0.96810274,0.924539964,1.01107827
"Smith::12821",69,3,-9.4207731,-9.61333349,-9.22531476,0.47530092,0.4520976115,0.4995301925
"Smith::12870",70,3,-7.8446661,-8.029459475,-7.663530285,0.29749356,0.2735977075,0.3213296445
"Smith::12925",71,4,-8.70514405,-8.894689845,-8.51606107,0.437363895,0.411755163,0.4642422375
"Smith::12947",72,6,-8.8724429,-8.99333867,-8.75411208,0.73564902,0.708915905,0.7622132765
"Smith::12958",73,4,-8.94472085,-9.105752105,-8.779790035,0.453678255,0.4232925325,0.4834466655
"Smith::13075",74,3,-10.430735,-10.74775105,-10.147937,1.2724466,1.194425495,1.357607875
"Smith::13082",75,3,-10.0694295,-10.30086575,-9.8349912,0.518107265,0.4942602915,0.5428009755
"Smith::13138",76,3,-8.1900643,-8.334196095,-8.050128975,0.694076865,0.657422021,0.731560818
"Smith::13150",77,6,-12.301584,-12.5568115,-12.04493515,0.745306355,0.7185125045,0.7732124795
"Smith::13152",78,5,-12.336598,-12.68862955,-12.0159054,0.46829395,0.4367062375,0.5026898105
"Smith::13158",79,4,-10.880513,-11.190371,-10.5871029,0.236934555,0.207549722,0.266917056
"Smith::13217",80,3,-8.0254216,-8.23877968,-7.81391896,0.45894675,0.428926481,0.4885211605
"Smith::13254",81,4,-7.80601705,-7.91705753,-7.696391505,0.45038986,0.427286876,0.473655147
"Smith::13263",82,8,-10.66498,-10.8544505,-10.4861042,0.84279873,0.81080561,0.874634767
"Smith::13269",83,5,-11.223655,-11.4887382,-10.956395,0.59490269,0.562696981,0.626950494
"Smith::13319",84,3,-8.4913653,-8.732655725,-8.260291705,0.40965256,0.368678483,0.451307374
"Smith::13337",85,3,-11.8032445,-12.16407485,-11.45711215,0.866429365,0.8198631365,0.916866772
"Smith::13431",86,3,-11.6387585,-12.0032472,-11.29122105,0.433231955,0.388079882,0.479460811
"Smith::13444",87,3,-7.3088443,-7.56586012,-7.049602305,0.245804285,0.213919132,0.2778797365
"Smith::13446",88,3,-10.753893,-11.04762325,-10.47307605,0.37867123,0.283446521,0.475365407
"Smith::13485",89,5,-7.78239185,-7.97043367,-7.59817409,0.914999025,0.8736094175,0.959754449
"Smith::13497",90,3,-9.88305905,-10.2780365,-9.466939105,0.60829627,0.5257094535,0.6870820945
"Smith::13608",91,3,-12.6415385,-13.4183019,-11.99075875,0.806339035,0.7077205725,0.9253538715
"Smith::13635",92,3,-9.5121637,-9.70691248,-9.32499866,0.639896925,0.610871436,0.6699888095
"Smith::13789",93,4,-7.11681065,-7.25530015,-6.98131946,0.21338498,0.192230924,0.2346994585
"Smith::13899",94,3,-7.2978961,-7.42334136,-7.17322657,0.622630315,0.5862993705,0.6582689825
"Smith::13900",95,3,-7.3472558,-7.47166015,-7.22770262,0.338291985,0.303554297,0.3748851465
"Smith::13939",96,3,-8.8378118,-9.01533304,-8.673099265,0.71620684,0.679203786,0.7528211195
"Smith::13967",97,4,-7.587703,-7.684041705,-7.48769798,0.875152165,0.8084344185,0.943920823
"Smith::13988",98,3,-7.06270405,-7.163338985,-6.96171394,0.63324535,0.5169552715,0.7511573355
"Smith::14094",99,4,-7.35341455,-7.45738526,-7.247248685,0.617504475,0.583047795,0.655179712
"Smith::14179",100,3,-10.3750405,-10.7393357,-10.0170035,0.33225156,0.2806942415,0.3820300155
"Smith::14222",101,3,-12.02396,-12.3686667,-11.70408275,0.749459915,0.7112274485,0.7889262575
"Smith::14253",102,3,-9.26706305,-9.66167817,-8.893507565,0.69584255,0.639851157,0.75599647
"Smith::14257",103,4,-10.8124835,-11.10751505,-10.5443448,0.699759495,0.640960351,0.762808869
"Smith::14267",104,5,-8.90036915,-9.036120645,-8.76700574,0.58631698,0.5621086805,0.6095572395
"Smith::14269",105,4,-8.95621005,-9.12883511,-8.793375165,0.39254253,0.3636698085,0.4210845935
"Smith::14277",106,5,-8.68074495,-8.807178725,-8.55619459,0.460700965,0.4420934595,0.4806646005
"Smith::14284",107,4,-9.27792695,-9.672103845,-8.881507655,0.678171875,0.6212413415,0.7359287895
"Smith::14287",108,3,-9.003264,-9.223303945,-8.78694543,0.45013513,0.4211169595,0.479995841
"Smith::14327",109,4,-11.1236955,-11.4342896,-10.832367,0.45057312,0.405552864,0.498470142
"Smith::14336",110,4,-10.127244,-10.33125175,-9.9285378,0.83917577,0.7999519265,0.879164393
"Smith::14346",111,3,-9.80239535,-10.29554645,-9.3088355,0.39721134,0.3413803335,0.452866141
"Smith::14397",112,4,-9.11709655,-9.30379937,-8.92810685,0.56604676,0.521516451,0.6105409265
"Smith::14400",113,4,-9.53789155,-9.705229085,-9.367967805,0.465471795,0.4429809995,0.487708291
"Smith::14443",114,3,-10.8267585,-11.12165185,-10.5527929,0.43958683,0.403046266,0.4776611665
"Smith::14467",115,3,-11.8400635,-12.21309435,-11.49943845,0.860120735,0.809845067,0.9111829655
"Smith::14558",116,5,-11.0259205,-11.23523195,-10.82092765,0.91908912,0.8807516195,0.958604336
"Smith::14580",117,3,-9.8648147,-10.07622405,-9.657727005,0.503970865,0.4111086515,0.5965289075
"Smith::14632",118,3,-10.608037,-10.92118215,-10.3130539,0.73136416,0.6719856625,0.7941711095
"Smith::14648",119,4,-10.732523,-11.01185055,-10.4515387,0.47518746,0.442387696,0.508069952
"Smith::14745",120,5,-12.017987,-12.3617191,-11.7146612,0.495107835,0.4657337325,0.5264275935
"Smith::14864",121,3,-7.02750945,-7.22048273,-6.83889908,0.229295245,0.203855928,0.254449659
"Smith::14869",122,3,-6.9764796,-7.12123915,-6.833284695,0.606434855,0.570678846,0.641734584
"Smith::14939",123,3,-11.209869,-11.4926098,-10.93358745,0.87840686,0.8348892265,0.923261156
"Smith::14984",124,3,-7.1016467,-7.37498913,-6.83323294,0.382195385,0.344127048,0.421136685
"Smith::15035",125,3,-10.676325,-10.98703505,-10.3830112,0.541578275,0.478847047,0.608326196
"Smith::15066",126,3,-7.81747625,-7.973246505,-7.6750136,0.728204525,0.68547052,0.7734512755
"Smith::15074",127,5,-9.83078435,-10.0357381,-9.62562339,0.44074158,0.410163733,0.472184045
"Smith::15111",128,3,-11.6813575,-12.2611481,-11.1605081,0.354138465,0.244824996,0.472383806
"Smith::15112",129,3,-11.9989725,-12.58691815,-11.4341951,0.39407382,0.2760060365,0.5121393155
"Smith::15157",130,3,-14.0825445,-14.46601975,-13.6931123,1.4336512,1.369912155,1.497855815
"Smith::15161",131,3,-9.86016945,-10.07438065,-9.65787355,0.438464965,0.413189813,0.4640426405
"Smith::15198",132,4,-10.0610345,-10.30148985,-9.83142113,0.626699255,0.5768099235,0.6770761445
"Smith::15287",133,4,-8.9940625,-9.15600773,-8.832535085,0.688067335,0.63227215,0.7433155535
"Smith::15321",134,4,-6.1407735,-6.25555907,-6.027149465,0.97221032,0.9250732015,1.024906465
"Smith::15415",135,4,-11.013313,-11.31558895,-10.72133785,0.98464336,0.9334202825,1.039719255
"Smith::15428",136,3,-12.5672315,-13.21169205,-11.8936735,0.60817058,0.5193347615,0.690978268
"Smith::15431",137,3,-10.462461,-10.8148393,-10.11949675,0.424167905,0.370104132,0.4772634365
"Smith::15513",138,3,-6.56696985,-6.68105776,-6.453309665,1.33673255,1.250588555,1.424894355
"Smith::15519",139,4,-11.3307545,-11.5950652,-11.08096225,0.178892945,0.116715267,0.241874202
"Smith::15583",140,3,-9.07954775,-9.35186586,-8.810974685,0.378980365,0.3246736335,0.4329311345
"Smith::15597",141,4,-11.806664,-12.1384563,-11.51035115,0.18969342,0.133465474,0.247740115
"Smith::15628",142,3,-12.276139,-12.77558245,-11.81514915,0.72619478,0.660304914,0.7986145225
"Smith::15666",143,3,-7.7026772,-7.846161575,-7.560034655,0.57604789,0.53176936,0.6192975925
"Smith::15768",144,3,-11.57061,-11.95371635,-11.19532185,0.558926505,0.462676319,0.6563306165
"Smith::15847",145,4,-9.95438635,-10.17432195,-9.7521135,0.40673648,0.3591218875,0.456648547
"Smith::15869",146,4,-9.9065283,-10.12618695,-9.692566235,0.494260625,0.4610295585,0.5280051475
"Smith::16077",147,3,-8.07837645,-8.24921521,-7.914660475,0.610794225,0.5659711165,0.6548632195
"Smith::16149",148,5,-7.36355465,-7.46241799,-7.26110315,0.60961373,0.5803767945,0.637642037
"Smith::16163",149,3,-10.1285685,-10.3213189,-9.937030155,0.40548145,0.2947341185,0.515177149
"Smith::16470",150,3,-11.3337445,-11.61316315,-11.077917,0.362810735,0.2137702185,0.5201345755
"Smith::16514",151,3,-9.933286,-10.1886772,-9.68659566,0.36414593,0.3066008135,0.420565964
"Smith::16639",152,4,-11.505162,-11.86746955,-11.17732335,0.277853115,0.2014250475,0.3567286015
