dataset_name,lab_subject_id,lwl_age,lwl_log_rt
seedlings_zhu,01,8,7.44833386089748
seedlings_zhu,01,8,6.96790920180188
seedlings_zhu,01,8,7.43543801981455
seedlings_zhu,01,8,6.35610766069589
seedlings_zhu,01,8,5.83481073706261
seedlings_zhu,01,10,6.00388706710654
seedlings_zhu,01,10,7.33888813383888
seedlings_zhu,01,10,6.95654544315157
seedlings_zhu,01,10,7.10578612948127
seedlings_zhu,01,10,7.12849594568004
seedlings_zhu,01,10,5.79605775076537
seedlings_zhu,01,10,6.64248680136726
seedlings_zhu,01,10,6.78445706263764
seedlings_zhu,01,10,6.98564181763921
seedlings_zhu,01,12,6.96508034560141
seedlings_zhu,01,12,5.91079664404053
seedlings_zhu,01,12,6.30444880242198
seedlings_zhu,01,12,7.29369772060144
seedlings_zhu,01,12,6.57228254269401
seedlings_zhu,01,12,6.76503897678054
seedlings_zhu,01,12,6.85540879860993
seedlings_zhu,01,14,6.33150184989369
seedlings_zhu,01,14,6.84694313958538
seedlings_zhu,01,14,6.97166860472579
seedlings_zhu,01,14,6.64898455002478
seedlings_zhu,01,14,6.64768837356333
seedlings_zhu,01,14,6.01126717440416
seedlings_zhu,01,14,6.84906628263346
seedlings_zhu,01,14,5.98393628068719
seedlings_zhu,01,14,6.72262979485545
seedlings_zhu,01,16,6.53813982376767
seedlings_zhu,01,16,6.18001665365257
seedlings_zhu,01,16,6.11146733950268
seedlings_zhu,01,16,6.17586727010576
seedlings_zhu,01,16,5.98896141688986
seedlings_zhu,01,16,6.01859321449623
seedlings_zhu,01,16,6.42162226780652
seedlings_zhu,01,16,6.59987049921284
seedlings_zhu,01,16,6.11589212548303
seedlings_zhu,01,16,6.26720054854136
seedlings_zhu,01,16,5.78996017089725
seedlings_zhu,01,16,6.68085467879022
seedlings_zhu,01,16,6.27852142416584
seedlings_zhu,01,16,6.06145691892802
seedlings_zhu,01,18,6.99759598298193
seedlings_zhu,01,18,7.01929665371505
seedlings_zhu,01,18,6.1779441140506
seedlings_zhu,01,18,6.12468339089421
seedlings_zhu,01,18,6.15909538849193
seedlings_zhu,01,18,6.19644412779452
seedlings_zhu,01,18,6.07764224334903
seedlings_zhu,01,18,7.39079852173568
seedlings_zhu,01,18,6.89871453432999
seedlings_zhu,01,18,6.04973345523196
seedlings_zhu,01,18,6.44094654063292
seedlings_zhu,01,18,6.63987583382654
seedlings_zhu,01,18,5.93224518744801
seedlings_zhu,01,18,6.3750248198281
seedlings_zhu,02,8,7.06219163228656
seedlings_zhu,02,8,6.20455776256869
seedlings_zhu,02,8,6.15909538849193
seedlings_zhu,02,8,6.62671774924903
seedlings_zhu,02,8,6.29526600143965
seedlings_zhu,02,8,5.72031177660741
seedlings_zhu,02,8,6.7719355558396
seedlings_zhu,02,8,6.80572255341699
seedlings_zhu,02,10,7.15773548424991
seedlings_zhu,02,10,6.77422388635761
seedlings_zhu,02,10,6.76503897678054
seedlings_zhu,02,10,7.10249935577465
seedlings_zhu,02,10,6.3818160174061
seedlings_zhu,02,12,6.20657592672493
seedlings_zhu,02,12,6.69208374250663
seedlings_zhu,02,12,6.59441345974978
seedlings_zhu,02,12,7.49498623395053
seedlings_zhu,02,12,7.44949800538285
seedlings_zhu,02,12,6.16120732169508
seedlings_zhu,02,14,5.87211778947542
seedlings_zhu,02,14,5.95842469302978
seedlings_zhu,02,14,6.07993319509559
seedlings_zhu,02,14,6.06610809010375
seedlings_zhu,02,16,6.96318998587024
seedlings_zhu,02,16,6.49375383985169
seedlings_zhu,02,16,6.58479139238572
seedlings_zhu,02,16,5.83188247728352
seedlings_zhu,02,16,6.22851100359118
seedlings_zhu,02,16,6.49223983502047
seedlings_zhu,02,18,5.72358510195238
seedlings_zhu,02,18,6.361302477573
seedlings_zhu,02,18,6.81454289725996
seedlings_zhu,02,18,6.03787091992214
seedlings_zhu,02,18,5.98141421125448
seedlings_zhu,02,18,6.05443934626937
seedlings_zhu,02,18,6.62140565176413
seedlings_zhu,02,18,5.84932477994686
seedlings_zhu,02,18,6.82328612235569
seedlings_zhu,03,8,7.34018683532012
seedlings_zhu,03,10,6.20657592672493
seedlings_zhu,03,10,7.26961674960817
seedlings_zhu,03,10,5.96870755998537
seedlings_zhu,03,12,6.89365635460264
seedlings_zhu,03,12,6.24804287450843
seedlings_zhu,03,14,7.03614849375054
seedlings_zhu,03,16,6.88038408218601
seedlings_zhu,03,16,7.01660968389422
seedlings_zhu,03,16,6.00635315960173
seedlings_zhu,03,16,7.29573507274928
seedlings_zhu,03,16,6.94697599213542
seedlings_zhu,03,16,7.19368581839511
seedlings_zhu,03,18,7.18462915271732
seedlings_zhu,03,18,7.02820143205801
seedlings_zhu,03,18,6.74170069465206
seedlings_zhu,03,18,6.69950034016168
seedlings_zhu,03,18,6.3750248198281
seedlings_zhu,03,18,6.64768837356333
seedlings_zhu,03,18,6.3135480462771
seedlings_zhu,03,18,6.67708346124714
seedlings_zhu,03,18,6.08449941307517
seedlings_zhu,03,18,5.77765232322266
seedlings_zhu,03,18,7.39510754656249
seedlings_zhu,04,8,6.79234442747081
seedlings_zhu,04,8,6.63463335786169
seedlings_zhu,04,8,6.19236248947487
seedlings_zhu,04,8,6.7945865808765
seedlings_zhu,04,10,6.30261897574491
seedlings_zhu,04,10,7.2848209125686
seedlings_zhu,04,10,7.47477218239787
seedlings_zhu,04,10,6.97914527506881
seedlings_zhu,04,12,7.16317239084664
seedlings_zhu,04,12,5.99893656194668
seedlings_zhu,04,12,6.84054652928869
seedlings_zhu,04,12,6.95749737087695
seedlings_zhu,04,12,6.77422388635761
seedlings_zhu,04,12,5.92692602597041
seedlings_zhu,04,12,6.3261494731551
seedlings_zhu,04,12,6.37672694789863
seedlings_zhu,04,14,6.13772705408623
seedlings_zhu,04,14,7.3125534981026
seedlings_zhu,04,14,7.09007683577609
seedlings_zhu,04,14,6.82546003625531
seedlings_zhu,04,14,6.63856778916652
seedlings_zhu,04,14,6.98933526597456
seedlings_zhu,04,14,6.94215670569947
seedlings_zhu,04,14,6.67959918584438
seedlings_zhu,04,16,6.37842618365159
seedlings_zhu,04,16,6.90875477931522
seedlings_zhu,04,16,6.94505106372583
seedlings_zhu,04,16,6.77422388635761
seedlings_zhu,04,16,7.36707705988101
seedlings_zhu,04,16,5.78996017089725
seedlings_zhu,04,16,6.3261494731551
seedlings_zhu,04,16,6.21260609575152
seedlings_zhu,04,16,5.80814248998044
seedlings_zhu,04,16,6.95368421087054
seedlings_zhu,04,16,6.20859002609663
seedlings_zhu,04,16,6.44730586254121
seedlings_zhu,04,18,6.3919171133926
seedlings_zhu,04,18,5.79605775076537
seedlings_zhu,04,18,6.99668148817654
seedlings_zhu,04,18,6.73696695800186
seedlings_zhu,04,18,6.4085287910595
seedlings_zhu,04,18,5.96614673912369
seedlings_zhu,04,18,6.98841318199959
seedlings_zhu,04,18,6.0913098820777
seedlings_zhu,06,8,6.43615036836943
seedlings_zhu,06,8,6.29156913955832
seedlings_zhu,06,8,7.19067603433221
seedlings_zhu,06,8,7.03262426102801
seedlings_zhu,06,10,6.03787091992214
seedlings_zhu,06,10,5.88332238848828
seedlings_zhu,06,10,7.44600149832412
seedlings_zhu,06,10,6.19236248947487
seedlings_zhu,06,12,6.48768401848461
seedlings_zhu,06,12,7.34277918933185
seedlings_zhu,06,12,6.0088131854426
seedlings_zhu,06,12,6.3578422665081
seedlings_zhu,06,12,7.21303165983487
seedlings_zhu,06,14,6.82979373751243
seedlings_zhu,06,14,6.8596149036542
seedlings_zhu,06,14,6.94022246911964
seedlings_zhu,06,14,7.3004728142678
seedlings_zhu,06,14,6.92853781816467
seedlings_zhu,06,14,6.87005341179813
seedlings_zhu,06,14,5.76519110278484
seedlings_zhu,06,14,7.16780918431644
seedlings_zhu,06,14,6.4723462945009
seedlings_zhu,06,14,6.28226674689601
seedlings_zhu,06,14,6.70318811324086
seedlings_zhu,06,14,6.78784498230958
seedlings_zhu,06,16,6.68461172766793
seedlings_zhu,06,16,6.84374994900623
seedlings_zhu,06,16,7.41397029019044
seedlings_zhu,06,16,6.2841341610708
seedlings_zhu,06,16,6.45204895443723
seedlings_zhu,06,16,6.3578422665081
seedlings_zhu,06,16,6.57088296233958
seedlings_zhu,06,16,5.82008293035236
seedlings_zhu,06,16,6.91770560983531
seedlings_zhu,06,16,6.19847871649231
seedlings_zhu,06,16,6.63200177739563
seedlings_zhu,06,16,6.00141487796115
seedlings_zhu,06,16,6.24997524225948
seedlings_zhu,06,16,6.51025834052315
seedlings_zhu,06,16,6.5191472879404
seedlings_zhu,06,16,6.10924758276437
seedlings_zhu,06,18,6.03068526026126
seedlings_zhu,06,18,6.20859002609663
seedlings_zhu,06,18,5.83188247728352
seedlings_zhu,06,18,6.22455842927536
seedlings_zhu,06,18,5.76519110278484
seedlings_zhu,06,18,6.5206211275587
seedlings_zhu,06,18,6.3750248198281
seedlings_zhu,06,18,6.10702288774226
seedlings_zhu,06,18,5.99396142730657
seedlings_zhu,07,8,6.23244801655052
seedlings_zhu,07,8,7.4770384723197
seedlings_zhu,07,8,6.34738920965601
seedlings_zhu,07,8,6.94022246911964
seedlings_zhu,07,10,6.80350525760834
seedlings_zhu,07,10,7.40306109109009
seedlings_zhu,07,10,6.35610766069589
seedlings_zhu,07,10,7.01301578963963
seedlings_zhu,07,12,6.88959130835447
seedlings_zhu,07,14,6.45990445437754
seedlings_zhu,07,14,6.81454289725996
seedlings_zhu,07,14,7.06902342657826
seedlings_zhu,07,16,6.04737217904628
seedlings_zhu,07,16,6.49072353450251
seedlings_zhu,07,18,6.54678541076052
seedlings_zhu,07,18,6.68586094706836
seedlings_zhu,07,18,6.67329796776765
seedlings_zhu,07,18,6.95463886488099
seedlings_zhu,07,18,6.04025471127741
seedlings_zhu,07,18,7.41577697541539
seedlings_zhu,07,18,6.27852142416584
seedlings_zhu,07,18,5.7268477475872
seedlings_zhu,07,18,7.13807303404435
seedlings_zhu,07,18,6.98933526597456
seedlings_zhu,07,18,7.3031700512368
seedlings_zhu,07,18,7.27586460054653
seedlings_zhu,07,18,6.3491389913798
seedlings_zhu,07,18,6.86484777797086
seedlings_zhu,08,8,7.1785454837637
seedlings_zhu,08,8,7.15226885603254
seedlings_zhu,08,8,7.19743535409659
seedlings_zhu,08,8,7.39449310721904
seedlings_zhu,08,10,6.53233429222235
seedlings_zhu,08,10,6.45990445437754
seedlings_zhu,08,10,6.01615715969835
seedlings_zhu,08,10,7.23128700432762
seedlings_zhu,08,10,7.26892012819372
seedlings_zhu,08,10,6.85540879860993
seedlings_zhu,08,10,6.38350663488401
seedlings_zhu,08,10,6.93634273583405
seedlings_zhu,08,10,6.98749024700099
seedlings_zhu,08,10,6.69579891705849
seedlings_zhu,08,12,7.42117752859539
seedlings_zhu,08,12,6.44094654063292
seedlings_zhu,08,12,6.20859002609663
seedlings_zhu,08,12,5.9427993751267
seedlings_zhu,08,12,5.80211837537706
seedlings_zhu,08,14,6.69826805411541
seedlings_zhu,08,14,6.60258789218934
seedlings_zhu,08,14,6.49677499018586
seedlings_zhu,08,14,5.95324333428779
seedlings_zhu,08,14,6.55677835615804
seedlings_zhu,08,14,7.13648320859025
seedlings_zhu,08,14,6.68085467879022
seedlings_zhu,08,14,6.68336094576628
seedlings_zhu,08,14,6.3750248198281
seedlings_zhu,08,16,6.05678401322863
seedlings_zhu,08,16,5.76832099579377
seedlings_zhu,08,16,6.6052979209482
seedlings_zhu,08,16,6.16120732169508
seedlings_zhu,08,16,6.65286302935335
seedlings_zhu,08,16,6.10031895202006
seedlings_zhu,08,16,5.91620206260744
seedlings_zhu,08,18,6.65544035036765
seedlings_zhu,08,18,6.70073110954781
seedlings_zhu,08,18,6.09356977004514
seedlings_zhu,08,18,5.98141421125448
seedlings_zhu,08,18,5.98393628068719
seedlings_zhu,08,18,6.20859002609663
seedlings_zhu,08,18,6.39859493453521
seedlings_zhu,08,18,5.74620319054015
seedlings_zhu,08,18,6.15060276844628
seedlings_zhu,08,18,6.99025650049388
seedlings_zhu,08,18,6.19644412779452
seedlings_zhu,08,18,6.68336094576628
seedlings_zhu,08,18,6.48463523563525
seedlings_zhu,09,8,5.87211778947542
seedlings_zhu,09,8,7.01481435127555
seedlings_zhu,09,8,6.3279367837292
seedlings_zhu,09,8,7.11069612297883
seedlings_zhu,09,8,7.49164547360513
seedlings_zhu,09,12,7.26612877955645
seedlings_zhu,09,12,6.76157276880406
seedlings_zhu,09,12,6.69208374250663
seedlings_zhu,09,12,6.20253551718792
seedlings_zhu,09,12,6.78105762593618
seedlings_zhu,09,12,6.75110146893676
seedlings_zhu,09,12,6.26339826259162
seedlings_zhu,09,12,6.49828214947643
seedlings_zhu,09,14,6.87832646829133
seedlings_zhu,09,14,6.79234442747081
seedlings_zhu,09,14,7.05272104923232
seedlings_zhu,09,14,6.85751406254539
seedlings_zhu,09,14,6.47850964220857
seedlings_zhu,09,14,6.22851100359118
seedlings_zhu,09,14,6.50876913697168
seedlings_zhu,09,14,6.32256523992728
seedlings_zhu,09,14,6.0330862217988
seedlings_zhu,09,16,5.98896141688986
seedlings_zhu,09,16,6.55819780281227
seedlings_zhu,09,16,6.53233429222235
seedlings_zhu,09,16,6.43294009273918
seedlings_zhu,09,16,6.21060007702465
seedlings_zhu,09,16,6.77650699237218
seedlings_zhu,09,16,6.33150184989369
seedlings_zhu,09,16,6.18414889093748
seedlings_zhu,09,16,5.88887795833288
seedlings_zhu,09,16,6.35088571671474
seedlings_zhu,09,18,6.13988455222626
seedlings_zhu,09,18,5.9427993751267
seedlings_zhu,09,18,5.89989735358249
seedlings_zhu,09,18,5.76832099579377
seedlings_zhu,09,18,6.33505425149806
seedlings_zhu,09,18,7.09174211509515
seedlings_zhu,10,8,7.1608459066643
seedlings_zhu,10,8,6.38519439899773
seedlings_zhu,10,8,6.2841341610708
seedlings_zhu,10,8,5.83773044716594
seedlings_zhu,10,8,6.97166860472579
seedlings_zhu,10,8,6.8351845861473
seedlings_zhu,10,10,5.97888576490112
seedlings_zhu,10,10,6.48463523563525
seedlings_zhu,10,10,6.74170069465206
seedlings_zhu,10,10,7.3004728142678
seedlings_zhu,10,10,6.97260625130175
seedlings_zhu,10,10,6.31173480915292
seedlings_zhu,10,10,6.70563909486
seedlings_zhu,10,12,5.95064255258773
seedlings_zhu,10,12,7.42117752859539
seedlings_zhu,10,14,6.99117688712121
seedlings_zhu,10,14,6.5510803350434
seedlings_zhu,10,14,7.41697962138115
seedlings_zhu,10,14,6.77308037565554
seedlings_zhu,10,14,6.63856778916652
seedlings_zhu,10,14,7.34665516317654
seedlings_zhu,10,14,7.07749805356923
seedlings_zhu,10,14,6.88857245956536
seedlings_zhu,10,14,6.74641212857337
seedlings_zhu,10,14,7.35883089834235
seedlings_zhu,10,16,6.60394382460047
seedlings_zhu,10,16,7.25134498337221
seedlings_zhu,10,16,6.09807428216624
seedlings_zhu,10,16,6.88857245956536
seedlings_zhu,10,16,6.54534966033442
seedlings_zhu,10,16,6.66568371778241
seedlings_zhu,10,16,6.33682573114644
seedlings_zhu,10,16,6.06842558824411
seedlings_zhu,10,16,6.51471269087253
seedlings_zhu,10,16,7.26612877955645
seedlings_zhu,10,18,7.19368581839511
seedlings_zhu,10,18,6.93049476595163
seedlings_zhu,10,18,6.53524127101366
seedlings_zhu,10,18,6.03787091992214
seedlings_zhu,10,18,6.87212810133899
seedlings_zhu,10,18,6.40191719672719
seedlings_zhu,10,18,5.87211778947542
seedlings_zhu,10,18,6.88038408218601
seedlings_zhu,11,10,6.12029741895095
seedlings_zhu,11,10,5.74620319054015
seedlings_zhu,11,10,5.71702770140622
seedlings_zhu,11,10,5.85507192220243
seedlings_zhu,11,10,6.68586094706836
seedlings_zhu,11,12,6.89467003943348
seedlings_zhu,11,12,6.18826412308259
seedlings_zhu,11,12,6.95749737087695
seedlings_zhu,11,12,5.88332238848828
seedlings_zhu,11,12,7.33236920592906
seedlings_zhu,11,16,6.4085287910595
seedlings_zhu,11,16,6.4831073514572
seedlings_zhu,11,16,6.4393503711001
seedlings_zhu,11,16,6.66440902035041
seedlings_zhu,11,16,6.40357419793482
seedlings_zhu,11,16,6.16331480403464
seedlings_zhu,11,18,7.13329595489607
seedlings_zhu,11,18,7.31654817718298
seedlings_zhu,11,18,7.08590146436561
seedlings_zhu,11,18,6.97073007814353
seedlings_zhu,11,18,6.59030104819669
seedlings_zhu,11,18,7.02908756414966
seedlings_zhu,11,18,6.15909538849193
seedlings_zhu,11,18,6.6682282484174
seedlings_zhu,11,18,5.95324333428779
seedlings_zhu,11,18,5.93753620508243
seedlings_zhu,11,18,6.20050917404269
seedlings_zhu,11,18,6.46614472423762
seedlings_zhu,11,18,5.73657229747919
seedlings_zhu,12,8,6.4085287910595
seedlings_zhu,12,10,7.09920174355309
seedlings_zhu,12,10,7.33302301438648
seedlings_zhu,12,10,7.34729970074316
seedlings_zhu,12,10,7.37462901521895
seedlings_zhu,12,10,7.10987946307227
seedlings_zhu,12,10,6.84800527457636
seedlings_zhu,12,10,7.11395610956603
seedlings_zhu,12,10,6.69208374250663
seedlings_zhu,12,10,6.4118182677099
seedlings_zhu,12,12,7.18992217074581
seedlings_zhu,12,12,6.4281052726846
seedlings_zhu,12,12,6.49072353450251
seedlings_zhu,12,12,6.89871453432999
seedlings_zhu,12,14,5.99146454710798
seedlings_zhu,12,14,6.13988455222626
seedlings_zhu,12,14,6.15909538849193
seedlings_zhu,12,14,6.20253551718792
seedlings_zhu,12,14,6.03548143252476
seedlings_zhu,12,14,6.40522845803084
seedlings_zhu,12,14,6.04500531403601
seedlings_zhu,12,14,5.99146454710798
seedlings_zhu,12,14,6.72142570079064
seedlings_zhu,12,14,6.34212141872115
seedlings_zhu,12,14,6.39024066706535
seedlings_zhu,12,14,6.26530121273771
seedlings_zhu,12,14,6.3135480462771
seedlings_zhu,12,16,6.4723462945009
seedlings_zhu,12,16,6.37161184723186
seedlings_zhu,12,16,6.60394382460047
seedlings_zhu,12,16,6.18208490671663
seedlings_zhu,12,16,6.84374994900623
seedlings_zhu,12,16,6.15060276844628
seedlings_zhu,12,16,7.06561336359772
seedlings_zhu,12,16,6.70073110954781
seedlings_zhu,12,16,7.0647590277918
seedlings_zhu,12,16,5.86929691313377
seedlings_zhu,12,16,6.24027584517077
seedlings_zhu,12,16,6.32435896238131
seedlings_zhu,12,16,6.81783057145415
seedlings_zhu,12,18,6.00635315960173
seedlings_zhu,12,18,6.42971947803914
seedlings_zhu,12,18,6.0137151560428
seedlings_zhu,12,18,6.3818160174061
seedlings_zhu,12,18,5.8636311755981
seedlings_zhu,12,18,6.18208490671663
seedlings_zhu,12,18,5.89989735358249
seedlings_zhu,12,18,6.11589212548303
seedlings_zhu,12,18,6.28785856016178
seedlings_zhu,12,18,6.29341927884648
seedlings_zhu,12,18,7.15305163493748
seedlings_zhu,12,18,6.17170059741092
seedlings_zhu,13,8,7.07918439460967
seedlings_zhu,13,8,7.06731984865348
seedlings_zhu,13,8,6.07073772800249
seedlings_zhu,13,8,7.36707705988101
seedlings_zhu,13,10,5.78689738136671
seedlings_zhu,13,10,6.62936325343745
seedlings_zhu,13,10,6.53813982376767
seedlings_zhu,13,12,6.61204103483309
seedlings_zhu,13,12,5.87211778947542
seedlings_zhu,13,12,6.00141487796115
seedlings_zhu,13,14,6.03068526026126
seedlings_zhu,13,14,6.31896811374643
seedlings_zhu,13,14,6.12468339089421
seedlings_zhu,13,16,6.8134445995109
seedlings_zhu,13,16,6.04263283368238
seedlings_zhu,13,16,6.76849321164863
seedlings_zhu,13,16,6.95177216439891
seedlings_zhu,13,16,5.76832099579377
seedlings_zhu,13,16,5.73979291217923
seedlings_zhu,13,18,6.50428817353665
seedlings_zhu,13,18,6.32256523992728
seedlings_zhu,13,18,6.70318811324086
seedlings_zhu,13,18,5.8664680569333
seedlings_zhu,13,18,6.361302477573
seedlings_zhu,13,18,6.2803958389602
seedlings_zhu,13,18,6.83195356556586
seedlings_zhu,13,18,6.74170069465206
seedlings_zhu,14,8,6.24997524225948
seedlings_zhu,14,8,6.69084227741856
seedlings_zhu,14,8,7.46450983463653
seedlings_zhu,14,10,6.55677835615804
seedlings_zhu,14,10,6.88857245956536
seedlings_zhu,14,10,6.4118182677099
seedlings_zhu,14,10,6.38350663488401
seedlings_zhu,14,10,6.32435896238131
seedlings_zhu,14,10,6.64248680136726
seedlings_zhu,14,12,6.42162226780652
seedlings_zhu,14,12,7.24351297466548
seedlings_zhu,14,12,6.42486902390539
seedlings_zhu,14,12,6.7428806357919
seedlings_zhu,14,12,7.32580750259577
seedlings_zhu,14,14,7.11069612297883
seedlings_zhu,14,14,6.96885037834195
seedlings_zhu,14,14,7.25063551189868
seedlings_zhu,14,14,6.05678401322863
seedlings_zhu,14,14,6.64768837356333
seedlings_zhu,14,14,6.22851100359118
seedlings_zhu,14,14,6.21660610108487
seedlings_zhu,14,14,7.1770187659099
seedlings_zhu,14,14,6.34738920965601
seedlings_zhu,14,16,7.03262426102801
seedlings_zhu,14,16,6.80572255341699
seedlings_zhu,14,16,6.53813982376767
seedlings_zhu,14,16,6.57228254269401
seedlings_zhu,14,16,5.82600010738045
seedlings_zhu,14,16,7.14755927118945
seedlings_zhu,14,16,6.48157712927643
seedlings_zhu,14,16,6.18001665365257
seedlings_zhu,14,16,6.1463292576689
seedlings_zhu,14,16,7.16857989726404
seedlings_zhu,14,16,5.87773578177964
seedlings_zhu,14,16,5.98896141688986
seedlings_zhu,14,16,5.98896141688986
seedlings_zhu,14,18,6.34388043412633
seedlings_zhu,14,18,6.21860011969173
seedlings_zhu,14,18,6.03548143252476
seedlings_zhu,14,18,6.11589212548303
seedlings_zhu,14,18,5.80211837537706
seedlings_zhu,14,18,7.07242190053737
seedlings_zhu,14,18,6.35957386867238
seedlings_zhu,14,18,6.57646956904822
seedlings_zhu,14,18,6.54965074223381
seedlings_zhu,14,18,5.97380961186926
seedlings_zhu,14,18,6.1463292576689
seedlings_zhu,14,18,6.29341927884648
seedlings_zhu,15,8,7.31188616407717
seedlings_zhu,15,8,6.47389069635227
seedlings_zhu,15,8,5.8406416573734
seedlings_zhu,15,8,6.74523634948436
seedlings_zhu,15,10,7.4713630881871
seedlings_zhu,15,10,7.20414929203594
seedlings_zhu,15,10,5.73009978297357
seedlings_zhu,15,12,7.49498623395053
seedlings_zhu,15,12,5.75890177387728
seedlings_zhu,15,12,6.15697898558556
seedlings_zhu,15,12,5.78996017089725
seedlings_zhu,15,12,7.22256601882217
seedlings_zhu,15,12,6.01615715969835
seedlings_zhu,15,14,6.87729607149743
seedlings_zhu,15,14,7.02197642307216
seedlings_zhu,15,14,6.80239476332431
seedlings_zhu,15,14,6.67329796776765
seedlings_zhu,15,14,6.28226674689601
seedlings_zhu,15,14,6.74051935960622
seedlings_zhu,15,16,7.03966034986208
seedlings_zhu,15,16,6.54678541076052
seedlings_zhu,15,16,7.41276401742656
seedlings_zhu,15,16,5.87773578177964
seedlings_zhu,15,16,6.15060276844628
seedlings_zhu,15,16,7.34536484041687
seedlings_zhu,15,16,7.30988148582479
seedlings_zhu,15,16,7.14282740116162
seedlings_zhu,15,16,6.62406522779989
seedlings_zhu,15,16,6.29341927884648
seedlings_zhu,15,16,6.3261494731551
seedlings_zhu,15,16,6.06610809010375
seedlings_zhu,15,16,6.49677499018586
seedlings_zhu,15,18,6.03787091992214
seedlings_zhu,15,18,7.18916773842032
seedlings_zhu,15,18,6.16331480403464
seedlings_zhu,15,18,6.57786135772105
seedlings_zhu,15,18,7.18765716411496
seedlings_zhu,15,18,6.17170059741092
seedlings_zhu,15,18,6.68085467879022
seedlings_zhu,15,18,6.71295620067707
seedlings_zhu,15,18,6.62140565176413
seedlings_zhu,15,18,6.35088571671474
seedlings_zhu,16,8,6.71295620067707
seedlings_zhu,16,8,6.26909628370626
seedlings_zhu,16,8,6.35437004079735
seedlings_zhu,16,8,6.87005341179813
seedlings_zhu,16,8,6.51471269087253
seedlings_zhu,16,10,5.83773044716594
seedlings_zhu,16,10,5.98896141688986
seedlings_zhu,16,12,6.74641212857337
seedlings_zhu,16,12,6.28226674689601
seedlings_zhu,16,12,5.71373280550937
seedlings_zhu,16,12,7.43425738213314
seedlings_zhu,16,12,6.09356977004514
seedlings_zhu,16,12,6.23048144757848
seedlings_zhu,16,14,6.24804287450843
seedlings_zhu,16,14,6.52356230614951
seedlings_zhu,16,14,6.01126717440416
seedlings_zhu,16,14,5.97126183979046
seedlings_zhu,16,14,6.64378973314767
seedlings_zhu,16,14,7.0352685992811
seedlings_zhu,16,14,5.97380961186926
seedlings_zhu,16,14,6.56244409369372
seedlings_zhu,16,14,6.60800062529609
seedlings_zhu,16,14,6.41999492814714
seedlings_zhu,16,14,5.93224518744801
seedlings_zhu,16,14,6.29341927884648
seedlings_zhu,16,16,6.03068526026126
seedlings_zhu,16,16,6.86693328446188
seedlings_zhu,16,16,5.87493073085203
seedlings_zhu,16,16,6.59714570188665
seedlings_zhu,16,16,6.06610809010375
seedlings_zhu,16,16,6.52649485957079
seedlings_zhu,16,16,6.89467003943348
seedlings_zhu,16,16,6.31173480915292
seedlings_zhu,16,16,6.07534603108868
seedlings_zhu,16,16,6.25190388316589
seedlings_zhu,16,16,6.93147180559945
seedlings_zhu,16,18,6.59714570188665
seedlings_zhu,16,18,6.31896811374643
seedlings_zhu,16,18,5.97126183979046
seedlings_zhu,16,18,6.94985645500077
seedlings_zhu,16,18,6.92559519711047
seedlings_zhu,16,18,6.63987583382654
seedlings_zhu,16,18,6.55250788703459
seedlings_zhu,16,18,6.63987583382654
seedlings_zhu,16,18,6.11368217983223
seedlings_zhu,16,18,6.04263283368238
seedlings_zhu,16,18,6.28599809450887
seedlings_zhu,17,8,6.81783057145415
seedlings_zhu,17,8,6.24804287450843
seedlings_zhu,17,8,5.8636311755981
seedlings_zhu,17,10,5.96614673912369
seedlings_zhu,17,10,5.75574221358691
seedlings_zhu,17,10,5.87773578177964
seedlings_zhu,17,10,6.7428806357919
seedlings_zhu,17,12,6.61873898351722
seedlings_zhu,17,12,6.90875477931522
seedlings_zhu,17,14,7.44073370738926
seedlings_zhu,17,14,6.61873898351722
seedlings_zhu,17,14,6.39859493453521
seedlings_zhu,17,14,6.8134445995109
seedlings_zhu,17,14,6.32435896238131
seedlings_zhu,17,14,6.02102334934953
seedlings_zhu,17,14,6.44413125670044
seedlings_zhu,17,14,7.46393660446893
seedlings_zhu,17,16,6.24610676548156
seedlings_zhu,17,16,6.76503897678054
seedlings_zhu,17,16,5.76519110278484
seedlings_zhu,17,16,7.04664727784876
seedlings_zhu,17,16,6.15060276844628
seedlings_zhu,17,16,6.65801104587075
seedlings_zhu,17,16,7.00850518208228
seedlings_zhu,17,16,6.96885037834195
seedlings_zhu,17,16,6.61338421837956
seedlings_zhu,17,18,6.49375383985169
seedlings_zhu,17,18,6.59441345974978
seedlings_zhu,17,18,6.65027904858742
seedlings_zhu,17,18,6.07993319509559
seedlings_zhu,17,18,6.22653666928747
seedlings_zhu,17,18,6.72262979485545
seedlings_zhu,17,18,6.80572255341699
seedlings_zhu,18,8,6.56385552653213
seedlings_zhu,18,12,7.05272104923232
seedlings_zhu,18,14,7.07580886397839
seedlings_zhu,18,14,6.46458830368996
seedlings_zhu,18,14,6.41836493593621
seedlings_zhu,18,14,6.3297209055227
seedlings_zhu,18,14,6.6052979209482
seedlings_zhu,18,14,6.53813982376767
seedlings_zhu,18,14,6.4281052726846
seedlings_zhu,18,14,7.20711885620776
seedlings_zhu,18,14,6.57786135772105
seedlings_zhu,18,14,6.70318811324086
seedlings_zhu,18,16,7.21007962817079
seedlings_zhu,18,16,6.52649485957079
seedlings_zhu,18,16,6.67582322163485
seedlings_zhu,18,16,6.31173480915292
seedlings_zhu,18,16,6.02344759296103
seedlings_zhu,18,16,6.07534603108868
seedlings_zhu,18,16,5.83773044716594
seedlings_zhu,18,16,6.3750248198281
seedlings_zhu,18,16,6.40191719672719
seedlings_zhu,18,16,6.71295620067707
seedlings_zhu,18,16,6.58340922215877
seedlings_zhu,18,18,6.43454651878745
seedlings_zhu,18,18,6.40191719672719
seedlings_zhu,18,18,6.43133108193348
seedlings_zhu,18,18,7.05012252026906
seedlings_zhu,18,18,6.78105762593618
seedlings_zhu,18,18,6.30444880242198
seedlings_zhu,18,18,6.37842618365159
seedlings_zhu,18,18,6.91968384984741
seedlings_zhu,18,18,6.59167373200866
seedlings_zhu,18,18,6.19644412779452
seedlings_zhu,18,18,6.45990445437754
seedlings_zhu,19,8,5.76205138278018
seedlings_zhu,19,8,6.07534603108868
seedlings_zhu,19,8,6.61069604471776
seedlings_zhu,19,8,6.69084227741856
seedlings_zhu,19,8,6.22257626807137
seedlings_zhu,19,10,6.49223983502047
seedlings_zhu,19,10,7.13727843726039
seedlings_zhu,19,10,7.17395831975679
seedlings_zhu,19,10,6.51174532964473
seedlings_zhu,19,10,5.96614673912369
seedlings_zhu,19,10,6.19440539110467
seedlings_zhu,19,10,6.11146733950268
seedlings_zhu,19,10,7.14991683613211
seedlings_zhu,19,12,6.01615715969835
seedlings_zhu,19,12,7.03702761468628
seedlings_zhu,19,12,5.82600010738045
seedlings_zhu,19,12,6.40191719672719
seedlings_zhu,19,12,6.81454289725996
seedlings_zhu,19,12,6.54678541076052
seedlings_zhu,19,12,6.83195356556586
seedlings_zhu,19,12,6.59987049921284
seedlings_zhu,19,12,6.61606518513282
seedlings_zhu,19,12,6.7945865808765
seedlings_zhu,19,12,6.63725803128446
seedlings_zhu,19,14,6.90775527898214
seedlings_zhu,19,14,5.87773578177964
seedlings_zhu,19,14,5.78689738136671
seedlings_zhu,19,14,6.73578001424233
seedlings_zhu,19,14,5.92425579741453
seedlings_zhu,19,14,5.7268477475872
seedlings_zhu,19,14,6.69703424766648
seedlings_zhu,19,14,6.28785856016178
seedlings_zhu,19,14,5.95583736946483
seedlings_zhu,19,16,6.04263283368238
seedlings_zhu,19,16,6.18001665365257
seedlings_zhu,19,16,6.36818718635049
seedlings_zhu,19,16,6.02344759296103
seedlings_zhu,19,16,5.72031177660741
seedlings_zhu,19,16,6.98007594056176
seedlings_zhu,19,16,5.75890177387728
seedlings_zhu,19,16,6.05678401322863
seedlings_zhu,19,16,6.05208916892442
seedlings_zhu,19,18,6.40522845803084
seedlings_zhu,19,18,5.98141421125448
seedlings_zhu,19,18,6.05678401322863
seedlings_zhu,19,18,6.31896811374643
seedlings_zhu,20,8,6.30261897574491
seedlings_zhu,20,8,6.64378973314767
seedlings_zhu,20,8,7.4489161025442
seedlings_zhu,20,8,7.02464903045364
seedlings_zhu,20,8,7.19668657083435
seedlings_zhu,20,10,7.12849594568004
seedlings_zhu,20,10,7.27031288607903
seedlings_zhu,20,12,5.92157841964382
seedlings_zhu,20,14,6.94505106372583
seedlings_zhu,20,14,6.07534603108868
seedlings_zhu,20,14,6.83410873881384
seedlings_zhu,20,14,7.12205988162914
seedlings_zhu,20,14,6.3818160174061
seedlings_zhu,20,14,6.67076632084587
seedlings_zhu,20,14,7.04141166379481
seedlings_zhu,20,14,7.10824413973154
seedlings_zhu,20,16,6.41836493593621
seedlings_zhu,20,16,6.3919171133926
seedlings_zhu,20,16,6.95177216439891
seedlings_zhu,20,16,7.06390396147207
seedlings_zhu,20,16,6.70441435496411
seedlings_zhu,20,16,7.0604763659998
seedlings_zhu,20,18,6.84906628263346
seedlings_zhu,20,18,6.42648845745769
seedlings_zhu,20,18,6.62804137617953
seedlings_zhu,20,18,7.13648320859025
seedlings_zhu,20,18,6.17586727010576
seedlings_zhu,20,18,6.46146817635372
seedlings_zhu,20,18,6.12029741895095
seedlings_zhu,20,18,6.6945620585211
seedlings_zhu,20,18,6.64118216974059
seedlings_zhu,20,18,6.45833828334479
seedlings_zhu,20,18,6.15060276844628
seedlings_zhu,20,18,6.36990098282823
seedlings_zhu,21,8,7.42595365707754
seedlings_zhu,21,8,6.78332520060396
seedlings_zhu,21,8,7.20414929203594
seedlings_zhu,21,10,5.95842469302978
seedlings_zhu,21,10,6.51767127291228
seedlings_zhu,21,10,5.96357934361845
seedlings_zhu,21,10,5.75257263882563
seedlings_zhu,21,10,7.10742547411071
seedlings_zhu,21,12,6.81673588059497
seedlings_zhu,21,12,7.32052696227274
seedlings_zhu,21,12,7.39939808333135
seedlings_zhu,21,12,5.99645208861902
seedlings_zhu,21,14,6.68085467879022
seedlings_zhu,21,14,6.38856140554563
seedlings_zhu,21,14,6.08677472691231
seedlings_zhu,21,14,7.1066061377273
seedlings_zhu,21,14,7.09920174355309
seedlings_zhu,21,14,5.71373280550937
seedlings_zhu,21,16,6.38519439899773
seedlings_zhu,21,16,7.0604763659998
seedlings_zhu,21,16,6.68835471394676
seedlings_zhu,21,16,6.5410299991899
seedlings_zhu,21,16,6.33682573114644
seedlings_zhu,21,16,7.08590146436561
seedlings_zhu,21,16,5.87773578177964
seedlings_zhu,21,16,6.289715570909
seedlings_zhu,21,16,6.77992190747225
seedlings_zhu,21,16,6.56667242980324
seedlings_zhu,21,16,7.33888813383888
seedlings_zhu,21,18,5.95842469302978
seedlings_zhu,21,18,5.99893656194668
seedlings_zhu,21,18,6.97260625130175
seedlings_zhu,21,18,6.3750248198281
seedlings_zhu,21,18,7.20414929203594
seedlings_zhu,21,18,5.91620206260744
seedlings_zhu,21,18,6.60258789218934
seedlings_zhu,21,18,6.56103066589657
seedlings_zhu,22,8,6.57786135772105
seedlings_zhu,22,10,6.4085287910595
seedlings_zhu,22,10,6.97073007814353
seedlings_zhu,22,12,5.97126183979046
seedlings_zhu,22,12,7.44424864949671
seedlings_zhu,22,12,6.62936325343745
seedlings_zhu,22,14,7.42535788702715
seedlings_zhu,22,14,6.51767127291228
seedlings_zhu,22,16,6.11809719804135
seedlings_zhu,22,16,6.17586727010576
seedlings_zhu,22,16,7.0475172213573
seedlings_zhu,22,16,6.57786135772105
seedlings_zhu,22,16,5.73334127689775
seedlings_zhu,22,16,6.3261494731551
seedlings_zhu,22,16,7.31121838441963
seedlings_zhu,22,16,7.02019070831193
seedlings_zhu,22,16,6.93147180559945
seedlings_zhu,22,18,7.29097477814298
seedlings_zhu,22,18,6.93731408122368
seedlings_zhu,22,18,6.9037472575846
seedlings_zhu,22,18,5.96870755998537
seedlings_zhu,22,18,6.57228254269401
seedlings_zhu,22,18,6.60258789218934
seedlings_zhu,22,18,6.33859407820318
seedlings_zhu,22,18,6.47697236288968
seedlings_zhu,22,18,6.65157187358973
seedlings_zhu,22,18,6.85435450225502
seedlings_zhu,23,8,6.85751406254539
seedlings_zhu,23,10,6.87212810133899
seedlings_zhu,23,14,7.32712329225929
seedlings_zhu,23,16,7.24494154633701
seedlings_zhu,23,16,7.37588214821501
seedlings_zhu,23,16,7.46278915741245
seedlings_zhu,23,18,6.48768401848461
seedlings_zhu,23,18,7.42237370098682
seedlings_zhu,25,10,6.55535689181067
seedlings_zhu,25,12,6.56526497003536
seedlings_zhu,25,14,7.25205395185281
seedlings_zhu,25,14,7.0604763659998
seedlings_zhu,25,14,6.34388043412633
seedlings_zhu,25,14,6.87419849545329
seedlings_zhu,25,14,6.81454289725996
seedlings_zhu,25,14,7.42833319419081
seedlings_zhu,25,14,6.8501261661455
seedlings_zhu,25,16,6.74170069465206
seedlings_zhu,25,16,6.79794041297493
seedlings_zhu,25,16,7.09090982207998
seedlings_zhu,25,16,6.5875500148248
seedlings_zhu,25,16,6.27852142416584
seedlings_zhu,25,16,6.43454651878745
seedlings_zhu,25,16,5.95324333428779
seedlings_zhu,25,16,5.99893656194668
seedlings_zhu,25,18,6.73933662735717
seedlings_zhu,25,18,7.24351297466548
seedlings_zhu,25,18,5.85507192220243
seedlings_zhu,25,18,6.40522845803084
seedlings_zhu,25,18,6.4281052726846
seedlings_zhu,25,18,5.88887795833288
seedlings_zhu,25,18,6.48920493132532
seedlings_zhu,25,18,5.9427993751267
seedlings_zhu,26,8,5.8406416573734
seedlings_zhu,26,10,6.06610809010375
seedlings_zhu,26,10,6.64768837356333
seedlings_zhu,26,10,6.28599809450887
seedlings_zhu,26,10,6.45990445437754
seedlings_zhu,26,12,7.29505641646263
seedlings_zhu,26,12,5.83773044716594
seedlings_zhu,26,12,7.23056315340929
seedlings_zhu,26,12,6.99117688712121
seedlings_zhu,26,12,6.54821910276237
seedlings_zhu,26,12,6.94022246911964
seedlings_zhu,26,14,7.37086016653672
seedlings_zhu,26,14,6.00635315960173
seedlings_zhu,26,14,6.00388706710654
seedlings_zhu,26,16,6.51767127291228
seedlings_zhu,26,16,7.3178761986265
seedlings_zhu,26,16,5.94803498918065
seedlings_zhu,26,16,6.70563909486
seedlings_zhu,26,16,5.73334127689775
seedlings_zhu,26,16,6.59987049921284
seedlings_zhu,26,16,6.34738920965601
seedlings_zhu,26,16,6.46614472423762
seedlings_zhu,26,16,6.72262979485545
seedlings_zhu,26,16,7.01121398735037
seedlings_zhu,26,16,6.86380339145295
seedlings_zhu,26,18,6.43454651878745
seedlings_zhu,26,18,6.19644412779452
seedlings_zhu,26,18,7.27862894232068
seedlings_zhu,26,18,6.45047042214418
seedlings_zhu,26,18,6.61069604471776
seedlings_zhu,26,18,6.39526159811545
seedlings_zhu,26,18,6.91274282049318
seedlings_zhu,26,18,7.37588214821501
seedlings_zhu,26,18,6.37161184723186
seedlings_zhu,26,18,5.91620206260744
seedlings_zhu,27,8,6.4281052726846
seedlings_zhu,27,10,7.4759059693674
seedlings_zhu,27,10,6.52649485957079
seedlings_zhu,27,10,7.48661331313996
seedlings_zhu,27,10,6.96979066990159
seedlings_zhu,27,10,6.81124437860129
seedlings_zhu,27,10,7.27517231945277
seedlings_zhu,27,10,7.19743535409659
seedlings_zhu,27,10,7.05531284333975
seedlings_zhu,27,10,6.80350525760834
seedlings_zhu,27,10,5.77455154554441
seedlings_zhu,27,12,7.48155570190952
seedlings_zhu,27,12,6.89972310728487
seedlings_zhu,27,12,7.34858753092759
seedlings_zhu,27,12,7.28000825288419
seedlings_zhu,27,12,7.18614430452233
seedlings_zhu,27,12,6.27287700654617
seedlings_zhu,27,12,7.47929963778283
seedlings_zhu,27,14,6.2709884318583
seedlings_zhu,27,14,6.87212810133899
seedlings_zhu,27,14,6.44094654063292
seedlings_zhu,27,14,7.04664727784876
seedlings_zhu,27,14,6.35437004079735
seedlings_zhu,27,14,6.40191719672719
seedlings_zhu,27,14,6.98749024700099
seedlings_zhu,27,14,6.41017488196617
seedlings_zhu,27,14,6.75925527066369
seedlings_zhu,27,14,7.22620901010067
seedlings_zhu,27,14,6.57646956904822
seedlings_zhu,27,16,6.99759598298193
seedlings_zhu,27,16,6.20050917404269
seedlings_zhu,27,16,6.33505425149806
seedlings_zhu,27,16,6.67329796776765
seedlings_zhu,27,16,6.49978704065585
seedlings_zhu,27,16,6.63200177739563
seedlings_zhu,27,16,6.79234442747081
seedlings_zhu,27,18,6.83195356556586
seedlings_zhu,27,18,7.09589322109753
seedlings_zhu,27,18,6.19644412779452
seedlings_zhu,27,18,6.62671774924903
seedlings_zhu,27,18,6.34388043412633
seedlings_zhu,27,18,6.18414889093748
seedlings_zhu,27,18,5.93753620508243
seedlings_zhu,27,18,5.73334127689775
seedlings_zhu,27,18,7.06561336359772
seedlings_zhu,27,18,5.82600010738045
seedlings_zhu,28,8,7.16780918431644
seedlings_zhu,28,8,5.88332238848828
seedlings_zhu,28,10,7.29776828253138
seedlings_zhu,28,12,7.10906213568717
seedlings_zhu,28,12,6.07304453410041
seedlings_zhu,28,12,7.19067603433221
seedlings_zhu,28,12,6.57368016696065
seedlings_zhu,28,12,6.54534966033442
seedlings_zhu,28,12,6.39526159811545
seedlings_zhu,28,14,6.4831073514572
seedlings_zhu,28,14,6.66568371778241
seedlings_zhu,28,14,6.75460409948796
seedlings_zhu,28,14,6.24804287450843
seedlings_zhu,28,14,6.0330862217988
seedlings_zhu,28,14,5.71373280550937
seedlings_zhu,28,14,6.59987049921284
seedlings_zhu,28,14,6.29710931993394
seedlings_zhu,28,16,6.47543271670409
seedlings_zhu,28,16,6.30809844150953
seedlings_zhu,28,16,6.04737217904628
seedlings_zhu,28,16,6.05208916892442
seedlings_zhu,28,16,6.40191719672719
seedlings_zhu,28,16,6.80572255341699
seedlings_zhu,28,16,6.60258789218934
seedlings_zhu,28,16,6.63987583382654
seedlings_zhu,28,16,6.81014245011514
seedlings_zhu,28,16,6.07993319509559
seedlings_zhu,28,16,6.74875954749168
seedlings_zhu,28,16,6.35088571671474
seedlings_zhu,28,16,6.46614472423762
seedlings_zhu,28,18,6.8330317327862
seedlings_zhu,28,18,6.65801104587075
seedlings_zhu,28,18,6.06145691892802
seedlings_zhu,28,18,6.55535689181067
seedlings_zhu,28,18,7.29776828253138
seedlings_zhu,28,18,7.40184157874383
seedlings_zhu,28,18,6.07764224334903
seedlings_zhu,28,18,6.49526555593701
seedlings_zhu,28,18,6.1527326947041
seedlings_zhu,28,18,6.9782137426307
seedlings_zhu,28,18,6.51471269087253
seedlings_zhu,28,18,6.48768401848461
seedlings_zhu,29,8,6.04973345523196
seedlings_zhu,29,8,6.18826412308259
seedlings_zhu,29,10,7.03790596344718
seedlings_zhu,29,10,7.33953769540768
seedlings_zhu,29,10,6.96224346426621
seedlings_zhu,29,10,7.19967834569117
seedlings_zhu,29,10,6.57507584059962
seedlings_zhu,29,12,6.55393340402581
seedlings_zhu,29,12,6.97914527506881
seedlings_zhu,29,12,7.40367029001237
seedlings_zhu,29,12,7.15617663748062
seedlings_zhu,29,12,5.94803498918065
seedlings_zhu,29,12,7.39079852173568
seedlings_zhu,29,12,7.32514895795558
seedlings_zhu,29,12,6.87005341179813
seedlings_zhu,29,14,7.35436233042148
seedlings_zhu,29,14,6.49072353450251
seedlings_zhu,29,14,6.81014245011514
seedlings_zhu,29,14,7.14834574390007
seedlings_zhu,29,16,6.45362499889269
seedlings_zhu,29,16,6.91671502035361
seedlings_zhu,29,16,6.67582322163485
seedlings_zhu,29,16,6.77650699237218
seedlings_zhu,29,16,6.15060276844628
seedlings_zhu,29,16,6.56244409369372
seedlings_zhu,29,16,5.76832099579377
seedlings_zhu,29,16,6.57228254269401
seedlings_zhu,29,16,6.05208916892442
seedlings_zhu,29,16,6.40357419793482
seedlings_zhu,29,16,6.92264389147589
seedlings_zhu,29,16,5.96357934361845
seedlings_zhu,29,18,6.55535689181067
seedlings_zhu,29,18,7.46450983463653
seedlings_zhu,29,18,5.8171111599632
seedlings_zhu,29,18,6.2803958389602
seedlings_zhu,29,18,6.58617165485468
seedlings_zhu,29,18,5.80814248998044
seedlings_zhu,29,18,6.30627528694802
seedlings_zhu,29,18,5.7037824746562
seedlings_zhu,29,18,6.09807428216624
seedlings_zhu,29,18,6.49072353450251
seedlings_zhu,30,8,6.65672652417839
seedlings_zhu,30,8,5.79909265446053
seedlings_zhu,30,8,6.49978704065585
seedlings_zhu,30,8,6.94697599213542
seedlings_zhu,30,8,7.32580750259577
seedlings_zhu,30,8,7.46965417293213
seedlings_zhu,30,8,7.44249272279444
seedlings_zhu,30,10,6.3297209055227
seedlings_zhu,30,10,7.49498623395053
seedlings_zhu,30,12,6.12029741895095
seedlings_zhu,30,12,7.15773548424991
seedlings_zhu,30,12,5.92425579741453
seedlings_zhu,30,12,6.07764224334903
seedlings_zhu,30,14,6.87935580446044
seedlings_zhu,30,14,6.3261494731551
seedlings_zhu,30,14,6.26909628370626
seedlings_zhu,30,14,6.27287700654617
seedlings_zhu,30,14,5.84354441703136
seedlings_zhu,30,14,6.77764659363512
seedlings_zhu,30,14,6.48157712927643
seedlings_zhu,30,16,7.30451594646016
seedlings_zhu,30,16,6.45676965557216
seedlings_zhu,30,16,6.50876913697168
seedlings_zhu,30,16,7.09090982207998
seedlings_zhu,30,16,6.15060276844628
seedlings_zhu,30,16,6.5510803350434
seedlings_zhu,30,16,5.99396142730657
seedlings_zhu,30,16,7.16857989726404
seedlings_zhu,30,18,7.34923082461333
seedlings_zhu,30,18,6.59714570188665
seedlings_zhu,30,18,6.81454289725996
seedlings_zhu,30,18,6.23244801655052
seedlings_zhu,30,18,6.45833828334479
seedlings_zhu,30,18,5.73979291217923
seedlings_zhu,30,18,7.13727843726039
seedlings_zhu,30,18,5.84932477994686
seedlings_zhu,31,8,7.26612877955645
seedlings_zhu,31,8,6.62406522779989
seedlings_zhu,31,8,6.43615036836943
seedlings_zhu,31,8,6.35610766069589
seedlings_zhu,31,8,7.02908756414966
seedlings_zhu,31,8,6.80350525760834
seedlings_zhu,31,10,6.00388706710654
seedlings_zhu,31,10,6.39859493453521
seedlings_zhu,31,10,6.1463292576689
seedlings_zhu,31,10,6.65801104587075
seedlings_zhu,31,10,6.59167373200866
seedlings_zhu,31,10,6.53233429222235
seedlings_zhu,31,10,6.74875954749168
seedlings_zhu,31,10,7.24208235925696
seedlings_zhu,31,12,7.46106551435428
seedlings_zhu,31,12,6.33327962813969
seedlings_zhu,31,12,6.45047042214418
seedlings_zhu,31,12,6.66568371778241
seedlings_zhu,31,12,6.5694814204143
seedlings_zhu,31,12,5.89440283426485
seedlings_zhu,31,14,6.97447891102505
seedlings_zhu,31,14,7.06902342657826
seedlings_zhu,31,14,6.85118492749374
seedlings_zhu,31,14,5.86078622346587
seedlings_zhu,31,14,6.01859321449623
seedlings_zhu,31,14,6.60665018619822
seedlings_zhu,31,14,6.96508034560141
seedlings_zhu,31,14,6.26339826259162
seedlings_zhu,31,16,7.39572160860205
seedlings_zhu,31,16,6.48768401848461
seedlings_zhu,31,18,5.88332238848828
seedlings_zhu,31,18,6.63987583382654
seedlings_zhu,31,18,5.88332238848828
seedlings_zhu,31,18,6.72743172485086
seedlings_zhu,31,18,6.3818160174061
seedlings_zhu,31,18,6.54965074223381
seedlings_zhu,31,18,6.78332520060396
seedlings_zhu,31,18,6.62273632394984
seedlings_zhu,31,18,6.4281052726846
seedlings_zhu,31,18,5.92157841964382
seedlings_zhu,31,18,6.67456139181443
seedlings_zhu,31,18,6.68835471394676
seedlings_zhu,31,18,6.68586094706836
seedlings_zhu,31,18,6.71780469502369
seedlings_zhu,31,18,6.40191719672719
seedlings_zhu,32,8,5.81413053182507
seedlings_zhu,32,8,6.64768837356333
seedlings_zhu,32,8,5.73657229747919
seedlings_zhu,32,8,6.73459165997295
seedlings_zhu,32,8,5.83773044716594
seedlings_zhu,32,8,7.04141166379481
seedlings_zhu,32,10,6.11809719804135
seedlings_zhu,32,10,6.07993319509559
seedlings_zhu,32,10,6.46925031679577
seedlings_zhu,32,10,7.454719949364
seedlings_zhu,32,10,7.39387829010776
seedlings_zhu,32,10,6.03068526026126
seedlings_zhu,32,10,7.41397029019044
seedlings_zhu,32,10,6.85329909318608
seedlings_zhu,32,12,6.73459165997295
seedlings_zhu,32,12,6.26339826259162
seedlings_zhu,32,12,6.42486902390539
seedlings_zhu,32,12,7.40913644392013
seedlings_zhu,32,12,6.84374994900623
seedlings_zhu,32,12,6.53233429222235
seedlings_zhu,32,12,5.9427993751267
seedlings_zhu,32,12,6.56103066589657
seedlings_zhu,32,14,7.45529848568329
seedlings_zhu,32,14,6.50578406012823
seedlings_zhu,32,14,6.94601399109923
seedlings_zhu,32,14,6.78445706263764
seedlings_zhu,32,14,6.0330862217988
seedlings_zhu,32,14,6.39526159811545
seedlings_zhu,32,14,6.38856140554563
seedlings_zhu,32,14,5.81413053182507
seedlings_zhu,32,16,6.82110747225647
seedlings_zhu,32,16,6.0282785202307
seedlings_zhu,32,16,7.03262426102801
seedlings_zhu,32,16,6.01859321449623
seedlings_zhu,32,16,6.69579891705849
seedlings_zhu,32,16,6.46925031679577
seedlings_zhu,32,16,6.96979066990159
seedlings_zhu,32,16,5.90536184805457
seedlings_zhu,32,16,6.6052979209482
seedlings_zhu,32,16,7.25981961036319
seedlings_zhu,32,16,6.70318811324086
seedlings_zhu,32,16,6.2363695902037
seedlings_zhu,32,16,6.72623340235875
seedlings_zhu,32,18,6.3578422665081
seedlings_zhu,32,18,7.25488481007734
seedlings_zhu,32,18,7.42416528104203
seedlings_zhu,32,18,6.24416690066374
seedlings_zhu,32,18,6.30444880242198
seedlings_zhu,32,18,6.25190388316589
seedlings_zhu,32,18,6.12029741895095
seedlings_zhu,32,18,6.29894924685594
seedlings_zhu,32,18,6.64378973314767
seedlings_zhu,32,18,7.38025578842646
seedlings_zhu,33,8,5.92692602597041
seedlings_zhu,33,10,7.00760061395185
seedlings_zhu,33,10,7.45818615734049
seedlings_zhu,33,10,6.74875954749168
seedlings_zhu,33,10,6.00388706710654
seedlings_zhu,33,10,7.03262426102801
seedlings_zhu,33,10,5.78074351579233
seedlings_zhu,33,10,5.9295891433899
seedlings_zhu,33,12,6.59304453414244
seedlings_zhu,33,12,6.63594655568665
seedlings_zhu,33,12,6.60800062529609
seedlings_zhu,33,12,6.25958146406492
seedlings_zhu,33,12,7.00850518208228
seedlings_zhu,33,12,7.32712329225929
seedlings_zhu,33,12,5.79909265446053
seedlings_zhu,33,12,6.97260625130175
seedlings_zhu,33,12,5.9427993751267
seedlings_zhu,33,12,6.78558764500793
seedlings_zhu,33,14,6.4377516497364
seedlings_zhu,33,14,6.289715570909
seedlings_zhu,33,14,6.73459165997295
seedlings_zhu,33,14,5.91079664404053
seedlings_zhu,33,14,6.80572255341699
seedlings_zhu,33,14,6.56385552653213
seedlings_zhu,33,14,6.4150969591716
seedlings_zhu,33,14,5.81413053182507
seedlings_zhu,33,14,6.27852142416584
seedlings_zhu,33,14,6.16541785423142
seedlings_zhu,33,14,7.31920245876785
seedlings_zhu,33,16,6.10702288774226
seedlings_zhu,33,16,5.76519110278484
seedlings_zhu,33,16,6.56667242980324
seedlings_zhu,33,16,5.81413053182507
seedlings_zhu,33,16,6.64639051484773
seedlings_zhu,33,18,6.68461172766793
seedlings_zhu,33,18,6.4707995037826
seedlings_zhu,33,18,6.55250788703459
seedlings_zhu,33,18,6.57228254269401
seedlings_zhu,33,18,6.34388043412633
seedlings_zhu,33,18,7.26752542782817
seedlings_zhu,34,8,7.41034709782102
seedlings_zhu,34,10,6.72743172485086
seedlings_zhu,34,10,6.68336094576628
seedlings_zhu,34,12,5.89989735358249
seedlings_zhu,34,12,5.92692602597041
seedlings_zhu,34,16,6.07534603108868
seedlings_zhu,34,16,7.24636808010246
seedlings_zhu,34,16,6.87109129461055
seedlings_zhu,34,18,7.30182234213793
seedlings_zhu,34,18,6.68336094576628
seedlings_zhu,34,18,5.76519110278484
seedlings_zhu,34,18,6.65286302935335
seedlings_zhu,35,8,6.3818160174061
seedlings_zhu,35,8,7.08590146436561
seedlings_zhu,35,8,6.31896811374643
seedlings_zhu,35,10,7.29709100516042
seedlings_zhu,35,10,7.04664727784876
seedlings_zhu,35,10,6.29526600143965
seedlings_zhu,35,10,5.87211778947542
seedlings_zhu,35,10,7.26542972325395
seedlings_zhu,35,10,7.2291138777933
seedlings_zhu,35,12,6.49677499018586
seedlings_zhu,35,12,6.85224256905188
seedlings_zhu,35,12,7.18765716411496
seedlings_zhu,35,12,6.61873898351722
seedlings_zhu,35,12,7.25770767716004
seedlings_zhu,35,12,7.32184971378836
seedlings_zhu,35,12,5.85507192220243
seedlings_zhu,35,12,7.32974968904151
seedlings_zhu,35,14,7.19518732017871
seedlings_zhu,35,14,6.12468339089421
seedlings_zhu,35,14,6.68586094706836
seedlings_zhu,35,14,6.69332366826995
seedlings_zhu,35,14,7.41276401742656
seedlings_zhu,35,14,6.04263283368238
seedlings_zhu,35,14,6.94985645500077
seedlings_zhu,35,14,6.91770560983531
seedlings_zhu,35,14,6.53233429222235
seedlings_zhu,35,14,7.01660968389422
seedlings_zhu,35,16,6.81014245011514
seedlings_zhu,35,16,6.64248680136726
seedlings_zhu,35,16,6.70073110954781
seedlings_zhu,35,16,6.48768401848461
seedlings_zhu,35,16,6.72743172485086
seedlings_zhu,35,16,6.18001665365257
seedlings_zhu,35,16,6.12468339089421
seedlings_zhu,35,16,7.26752542782817
seedlings_zhu,35,16,6.48157712927643
seedlings_zhu,35,16,6.49072353450251
seedlings_zhu,35,16,6.06610809010375
seedlings_zhu,35,16,5.92157841964382
seedlings_zhu,35,16,6.46302945692067
seedlings_zhu,35,16,6.74875954749168
seedlings_zhu,35,16,6.10702288774226
seedlings_zhu,35,18,6.42648845745769
seedlings_zhu,35,18,6.0137151560428
seedlings_zhu,35,18,6.17586727010576
seedlings_zhu,35,18,6.35088571671474
seedlings_zhu,35,18,5.7268477475872
seedlings_zhu,35,18,6.32256523992728
seedlings_zhu,35,18,6.49375383985169
seedlings_zhu,35,18,6.23244801655052
seedlings_zhu,35,18,5.99396142730657
seedlings_zhu,35,18,7.13886699994552
seedlings_zhu,35,18,5.98393628068719
seedlings_zhu,36,8,6.51025834052315
seedlings_zhu,36,8,7.434847875212
seedlings_zhu,36,8,6.39359075395063
seedlings_zhu,36,8,6.92461239604856
seedlings_zhu,36,10,5.79605775076537
seedlings_zhu,36,10,6.41836493593621
seedlings_zhu,36,10,7.17242457712485
seedlings_zhu,36,10,6.21260609575152
seedlings_zhu,36,10,5.88887795833288
seedlings_zhu,36,10,6.93439720992856
seedlings_zhu,36,10,6.80572255341699
seedlings_zhu,36,10,6.3261494731551
seedlings_zhu,36,10,6.76272950693188
seedlings_zhu,36,12,5.99396142730657
seedlings_zhu,36,12,7.05875815251866
seedlings_zhu,36,12,6.96129604591017
seedlings_zhu,36,12,6.99393297522319
seedlings_zhu,36,12,6.9555926083963
seedlings_zhu,36,12,6.91473089271856
seedlings_zhu,36,12,6.73696695800186
seedlings_zhu,36,12,6.74523634948436
seedlings_zhu,36,12,5.78689738136671
seedlings_zhu,36,12,6.23048144757848
seedlings_zhu,36,12,6.95081476844258
seedlings_zhu,36,12,6.93244789157251
seedlings_zhu,36,12,6.44413125670044
seedlings_zhu,36,14,7.14913159855741
seedlings_zhu,36,14,7.27586460054653
seedlings_zhu,36,14,7.05272104923232
seedlings_zhu,36,14,6.17586727010576
seedlings_zhu,36,14,6.56807791141198
seedlings_zhu,36,14,6.58063913728495
seedlings_zhu,36,14,6.26909628370626
seedlings_zhu,36,14,6.19031540585315
seedlings_zhu,36,14,5.75574221358691
seedlings_zhu,36,14,5.77765232322266
seedlings_zhu,36,14,6.08904487544685
seedlings_zhu,36,16,6.06610809010375
seedlings_zhu,36,16,7.41878088275079
seedlings_zhu,36,16,5.98896141688986
seedlings_zhu,36,16,6.03787091992214
seedlings_zhu,36,16,6.0088131854426
seedlings_zhu,36,16,7.35179986905778
seedlings_zhu,36,16,7.26892012819372
seedlings_zhu,36,16,5.81413053182507
seedlings_zhu,36,16,6.8501261661455
seedlings_zhu,36,16,6.68586094706836
seedlings_zhu,36,18,6.81014245011514
seedlings_zhu,36,18,6.53813982376767
seedlings_zhu,36,18,6.59987049921284
seedlings_zhu,36,18,7.03702761468628
seedlings_zhu,36,18,6.77536609093639
seedlings_zhu,36,18,6.22653666928747
seedlings_zhu,36,18,6.69208374250663
seedlings_zhu,36,18,6.90073066404517
seedlings_zhu,36,18,6.40522845803084
seedlings_zhu,36,18,6.84374994900623
seedlings_zhu,36,18,6.98749024700099
seedlings_zhu,37,8,7.47929963778283
seedlings_zhu,37,8,7.35436233042148
seedlings_zhu,37,8,7.06902342657826
seedlings_zhu,37,8,6.00388706710654
seedlings_zhu,37,8,5.94803498918065
seedlings_zhu,37,8,5.88887795833288
seedlings_zhu,37,10,7.28961052145117
seedlings_zhu,37,10,6.68835471394676
seedlings_zhu,37,12,6.62804137617953
seedlings_zhu,37,12,7.4318919168078
seedlings_zhu,37,12,6.92264389147589
seedlings_zhu,37,12,6.12029741895095
seedlings_zhu,37,12,7.21817683840341
seedlings_zhu,37,12,6.19031540585315
seedlings_zhu,37,12,5.98141421125448
seedlings_zhu,37,12,5.88332238848828
seedlings_zhu,37,12,6.91671502035361
seedlings_zhu,37,12,7.38956395367764
seedlings_zhu,37,12,6.68959926917897
seedlings_zhu,37,14,6.95939851213398
seedlings_zhu,37,14,6.61873898351722
seedlings_zhu,37,14,6.49978704065585
seedlings_zhu,37,14,6.25190388316589
seedlings_zhu,37,14,6.61338421837956
seedlings_zhu,37,16,5.76205138278018
seedlings_zhu,37,16,6.61873898351722
seedlings_zhu,37,16,6.9782137426307
seedlings_zhu,37,16,7.13727843726039
seedlings_zhu,37,18,6.45047042214418
seedlings_zhu,37,18,6.30809844150953
seedlings_zhu,37,18,6.70441435496411
seedlings_zhu,37,18,6.49072353450251
seedlings_zhu,37,18,7.30854279753919
seedlings_zhu,37,18,6.89871453432999
seedlings_zhu,37,18,7.27170370688737
seedlings_zhu,37,18,6.61873898351722
seedlings_zhu,38,8,6.81783057145415
seedlings_zhu,38,8,6.3919171133926
seedlings_zhu,38,8,7.38832785957711
seedlings_zhu,38,12,6.68210859744981
seedlings_zhu,38,12,6.36647044773144
seedlings_zhu,38,12,5.90263333340137
seedlings_zhu,38,12,6.41836493593621
seedlings_zhu,38,12,6.81673588059497
seedlings_zhu,38,12,5.92157841964382
seedlings_zhu,38,14,6.93731408122368
seedlings_zhu,38,14,6.19236248947487
seedlings_zhu,38,16,6.94408720822953
seedlings_zhu,38,16,6.68835471394676
seedlings_zhu,38,16,6.82762923450285
seedlings_zhu,38,16,6.1779441140506
seedlings_zhu,38,16,6.67329796776765
seedlings_zhu,38,16,6.88243747099785
seedlings_zhu,38,18,7.13329595489607
seedlings_zhu,38,18,6.49978704065585
seedlings_zhu,38,18,6.73340189183736
seedlings_zhu,38,18,6.30809844150953
seedlings_zhu,38,18,6.48463523563525
seedlings_zhu,38,18,6.61338421837956
seedlings_zhu,39,8,6.88243747099785
seedlings_zhu,39,8,5.87211778947542
seedlings_zhu,39,8,6.46925031679577
seedlings_zhu,39,8,7.37211802833779
seedlings_zhu,39,8,6.99484998583307
seedlings_zhu,39,10,6.89264164117209
seedlings_zhu,39,10,7.23489842031483
seedlings_zhu,39,10,6.99301512293296
seedlings_zhu,39,10,7.09090982207998
seedlings_zhu,39,12,6.95272864462487
seedlings_zhu,39,12,7.07242190053737
seedlings_zhu,39,12,7.30586003268401
seedlings_zhu,39,14,7.30720231476474
seedlings_zhu,39,16,6.11146733950268
seedlings_zhu,39,18,7.01031186730723
seedlings_zhu,39,18,7.08086789669078
seedlings_zhu,40,8,6.18826412308259
seedlings_zhu,40,8,7.37211802833779
seedlings_zhu,40,8,6.35437004079735
seedlings_zhu,40,8,5.9295891433899
seedlings_zhu,40,8,6.4425401664682
seedlings_zhu,40,8,6.90173720665657
seedlings_zhu,40,8,7.30988148582479
seedlings_zhu,40,10,6.63200177739563
seedlings_zhu,40,10,7.23633934275434
seedlings_zhu,40,10,7.26052259808985
seedlings_zhu,40,12,6.58202513889283
seedlings_zhu,40,12,6.62936325343745
seedlings_zhu,40,12,6.22059017009974
seedlings_zhu,40,14,6.65544035036765
seedlings_zhu,40,14,6.74170069465206
seedlings_zhu,40,14,7.32909373624659
seedlings_zhu,40,14,6.53813982376767
seedlings_zhu,40,14,6.38350663488401
seedlings_zhu,40,16,6.91869521902047
seedlings_zhu,40,16,6.71052310945243
seedlings_zhu,40,16,6.49677499018586
seedlings_zhu,40,16,6.78332520060396
seedlings_zhu,40,16,6.67329796776765
seedlings_zhu,40,16,6.76503897678054
seedlings_zhu,40,16,6.85751406254539
seedlings_zhu,40,16,6.68586094706836
seedlings_zhu,40,16,6.89060912014717
seedlings_zhu,40,16,5.84932477994686
seedlings_zhu,40,16,6.34738920965601
seedlings_zhu,40,16,6.65286302935335
seedlings_zhu,40,16,7.00215595440362
seedlings_zhu,40,18,6.31535800152234
seedlings_zhu,40,18,6.39859493453521
seedlings_zhu,40,18,6.68336094576628
seedlings_zhu,40,18,5.96357934361845
seedlings_zhu,40,18,6.4118182677099
seedlings_zhu,40,18,6.41345895716736
seedlings_zhu,40,18,6.36990098282823
seedlings_zhu,40,18,6.70808408385307
seedlings_zhu,40,18,7.1785454837637
seedlings_zhu,40,18,6.43133108193348
seedlings_zhu,40,18,5.71373280550937
seedlings_zhu,41,8,6.0282785202307
seedlings_zhu,41,8,6.11146733950268
seedlings_zhu,41,8,6.39859493453521
seedlings_zhu,41,8,7.14755927118945
seedlings_zhu,41,8,6.17378610390194
seedlings_zhu,41,8,6.13339804299665
seedlings_zhu,41,8,6.87626461189077
seedlings_zhu,41,8,7.37337430991005
seedlings_zhu,41,8,6.72982407048948
seedlings_zhu,41,10,6.34738920965601
seedlings_zhu,41,10,6.75460409948796
seedlings_zhu,41,10,6.49677499018586
seedlings_zhu,41,10,6.90875477931522
seedlings_zhu,41,10,5.96357934361845
seedlings_zhu,41,10,6.87419849545329
seedlings_zhu,41,10,6.94601399109923
seedlings_zhu,41,10,6.8596149036542
seedlings_zhu,41,12,6.04737217904628
seedlings_zhu,41,12,6.42648845745769
seedlings_zhu,41,12,6.87109129461055
seedlings_zhu,41,12,6.37331978957701
seedlings_zhu,41,12,5.99645208861902
seedlings_zhu,41,12,6.67834211465433
seedlings_zhu,41,12,6.45362499889269
seedlings_zhu,41,12,7.21007962817079
seedlings_zhu,41,12,7.06817200038804
seedlings_zhu,41,12,6.41673228251233
seedlings_zhu,41,12,7.18765716411496
seedlings_zhu,41,14,6.78558764500793
seedlings_zhu,41,14,7.00488198971286
seedlings_zhu,41,14,6.47389069635227
seedlings_zhu,41,14,7.00124562206948
seedlings_zhu,41,14,7.13009851012558
seedlings_zhu,41,14,6.361302477573
seedlings_zhu,41,14,6.87212810133899
seedlings_zhu,41,14,6.38350663488401
seedlings_zhu,41,14,7.01929665371505
seedlings_zhu,41,14,6.33859407820318
seedlings_zhu,41,14,6.17586727010576
seedlings_zhu,41,14,6.62273632394984
seedlings_zhu,41,16,6.57786135772105
seedlings_zhu,41,16,7.12608727329913
seedlings_zhu,41,16,7.24494154633701
seedlings_zhu,41,16,6.91869521902047
seedlings_zhu,41,16,7.08924315502751
seedlings_zhu,41,16,6.95749737087695
seedlings_zhu,41,16,6.20253551718792
seedlings_zhu,41,16,6.38856140554563
seedlings_zhu,41,16,5.87211778947542
seedlings_zhu,41,16,5.96357934361845
seedlings_zhu,41,16,6.09807428216624
seedlings_zhu,41,16,5.89989735358249
seedlings_zhu,41,18,6.75576892198426
seedlings_zhu,41,18,6.94601399109923
seedlings_zhu,41,18,6.50876913697168
seedlings_zhu,41,18,7.24208235925696
seedlings_zhu,41,18,6.48768401848461
seedlings_zhu,41,18,6.289715570909
seedlings_zhu,41,18,7.14440718032114
seedlings_zhu,41,18,6.37161184723186
seedlings_zhu,41,18,5.74620319054015
seedlings_zhu,41,18,6.68586094706836
seedlings_zhu,41,18,6.38856140554563
seedlings_zhu,42,8,6.91075078796194
seedlings_zhu,42,8,6.07993319509559
seedlings_zhu,42,8,7.25063551189868
seedlings_zhu,42,8,6.58063913728495
seedlings_zhu,42,8,6.93342302573072
seedlings_zhu,42,8,6.8596149036542
seedlings_zhu,42,8,6.57786135772105
seedlings_zhu,42,10,7.09837563859079
seedlings_zhu,42,10,6.80239476332431
seedlings_zhu,42,10,6.80572255341699
seedlings_zhu,42,10,6.78445706263764
seedlings_zhu,42,10,7.28824440102012
seedlings_zhu,42,10,6.81673588059497
seedlings_zhu,42,10,5.87211778947542
seedlings_zhu,42,10,6.75343791859778
seedlings_zhu,42,10,6.37331978957701
seedlings_zhu,42,10,7.00033446027523
seedlings_zhu,42,10,6.43454651878745
seedlings_zhu,42,10,6.5410299991899
seedlings_zhu,42,12,6.93828448401696
seedlings_zhu,42,12,6.62936325343745
seedlings_zhu,42,12,6.01126717440416
seedlings_zhu,42,12,6.05678401322863
seedlings_zhu,42,12,7.20934025660291
seedlings_zhu,42,12,7.31121838441963
seedlings_zhu,42,12,6.82546003625531
seedlings_zhu,42,14,7.02286808608264
seedlings_zhu,42,14,7.45876269238096
seedlings_zhu,42,14,6.84054652928869
seedlings_zhu,42,14,7.43779512167193
seedlings_zhu,42,14,6.3456363608286
seedlings_zhu,42,14,6.1527326947041
seedlings_zhu,42,14,7.49387388678356
seedlings_zhu,42,14,7.24921505711439
seedlings_zhu,42,16,6.61472560020376
seedlings_zhu,42,16,7.19593722647557
seedlings_zhu,42,16,6.8001700683022
seedlings_zhu,42,16,5.74300318780948
seedlings_zhu,42,16,5.75257263882563
seedlings_zhu,42,16,6.19644412779452
seedlings_zhu,42,16,6.82762923450285
seedlings_zhu,42,16,6.53233429222235
seedlings_zhu,42,16,7.17930796950403
seedlings_zhu,42,16,6.36990098282823
seedlings_zhu,42,16,7.27793857294566
seedlings_zhu,42,16,6.30078579466324
seedlings_zhu,42,18,5.90263333340137
seedlings_zhu,42,18,6.33859407820318
seedlings_zhu,42,18,7.25063551189868
seedlings_zhu,42,18,6.36818718635049
seedlings_zhu,42,18,5.82008293035236
seedlings_zhu,42,18,6.88038408218601
seedlings_zhu,42,18,7.14755927118945
seedlings_zhu,42,18,6.69332366826995
seedlings_zhu,42,18,6.53233429222235
seedlings_zhu,42,18,6.59714570188665
seedlings_zhu,42,18,6.46302945692067
seedlings_zhu,42,18,5.96100533962327
seedlings_zhu,43,8,6.88857245956536
seedlings_zhu,43,10,6.58479139238572
seedlings_zhu,43,12,6.62936325343745
seedlings_zhu,43,12,6.45990445437754
seedlings_zhu,43,12,7.29573507274928
seedlings_zhu,43,14,6.50727771238501
seedlings_zhu,43,14,6.97728134163075
seedlings_zhu,43,14,6.61338421837956
seedlings_zhu,43,14,5.80211837537706
seedlings_zhu,43,14,5.94803498918065
seedlings_zhu,43,14,7.46450983463653
seedlings_zhu,43,14,7.2991214627108
seedlings_zhu,43,14,6.40522845803084
seedlings_zhu,43,16,7.04925484125584
seedlings_zhu,43,16,7.02997291170639
seedlings_zhu,43,16,6.58063913728495
seedlings_zhu,43,16,7.07326971745971
seedlings_zhu,43,16,6.76849321164863
seedlings_zhu,43,16,7.01121398735037
seedlings_zhu,43,16,6.89770494312864
seedlings_zhu,43,16,6.44730586254121
seedlings_zhu,43,16,6.49677499018586
seedlings_zhu,43,16,6.81014245011514
seedlings_zhu,43,18,6.4281052726846
seedlings_zhu,43,18,6.81783057145415
seedlings_zhu,43,18,7.40062057737114
seedlings_zhu,43,18,6.62406522779989
seedlings_zhu,43,18,6.8134445995109
seedlings_zhu,43,18,6.35088571671474
seedlings_zhu,43,18,6.52649485957079
seedlings_zhu,43,18,6.43133108193348
seedlings_zhu,43,18,7.40367029001237
seedlings_zhu,43,18,6.97541392745595
seedlings_zhu,43,18,6.76041469108343
seedlings_zhu,44,8,6.78784498230958
seedlings_zhu,44,8,5.77144112313002
seedlings_zhu,44,8,7.06731984865348
seedlings_zhu,44,8,6.04263283368238
seedlings_zhu,44,10,6.7945865808765
seedlings_zhu,44,10,6.49526555593701
seedlings_zhu,44,12,6.7990558620588
seedlings_zhu,44,12,7.11232744471091
seedlings_zhu,44,14,6.2363695902037
seedlings_zhu,44,14,7.38087903556412
seedlings_zhu,44,14,7.22037383672395
seedlings_zhu,44,14,7.19218205871325
seedlings_zhu,44,16,6.20050917404269
seedlings_zhu,44,16,7.42595365707754
seedlings_zhu,44,16,5.98141421125448
seedlings_zhu,44,16,6.06610809010375
seedlings_zhu,44,16,6.9985096422506
seedlings_zhu,44,18,7.13489085156588
seedlings_zhu,44,18,6.55819780281227
seedlings_zhu,44,18,6.3456363608286
seedlings_zhu,44,18,7.23993259132047
seedlings_zhu,45,8,6.10031895202006
seedlings_zhu,45,8,6.07534603108868
seedlings_zhu,45,8,5.80211837537706
seedlings_zhu,45,10,6.44730586254121
seedlings_zhu,45,10,6.53233429222235
seedlings_zhu,45,10,6.96318998587024
seedlings_zhu,45,10,6.58617165485468
seedlings_zhu,45,10,6.1463292576689
seedlings_zhu,45,10,7.30854279753919
seedlings_zhu,45,10,5.83188247728352
seedlings_zhu,45,10,6.06610809010375
seedlings_zhu,45,10,6.45676965557216
seedlings_zhu,45,12,6.0330862217988
seedlings_zhu,45,12,6.4118182677099
seedlings_zhu,45,12,6.49375383985169
seedlings_zhu,45,12,7.13329595489607
seedlings_zhu,45,12,7.21376830811864
seedlings_zhu,45,12,5.85507192220243
seedlings_zhu,45,12,6.40025744530882
seedlings_zhu,45,14,7.16162200293919
seedlings_zhu,45,14,6.84694313958538
seedlings_zhu,45,14,5.78996017089725
seedlings_zhu,45,14,6.67582322163485
seedlings_zhu,45,14,6.13339804299665
seedlings_zhu,45,16,6.76734312526539
seedlings_zhu,45,16,5.98896141688986
seedlings_zhu,45,16,7.26052259808985
seedlings_zhu,45,16,7.22475340576797
seedlings_zhu,45,16,6.36475075685191
seedlings_zhu,45,16,6.20455776256869
seedlings_zhu,45,16,7.45414107814668
seedlings_zhu,45,16,5.72031177660741
seedlings_zhu,45,16,7.19967834569117
seedlings_zhu,45,16,6.59167373200866
seedlings_zhu,45,16,6.90875477931522
seedlings_zhu,45,16,6.6052979209482
seedlings_zhu,45,16,7.04490511712937
seedlings_zhu,45,16,6.73221070646721
seedlings_zhu,45,16,5.88887795833288
seedlings_zhu,45,16,6.42486902390539
seedlings_zhu,45,18,6.09807428216624
seedlings_zhu,45,18,6.49072353450251
seedlings_zhu,45,18,6.87832646829133
seedlings_zhu,45,18,6.56103066589657
seedlings_zhu,45,18,6.4377516497364
seedlings_zhu,45,18,6.05678401322863
seedlings_zhu,45,18,6.33682573114644
seedlings_zhu,45,18,5.75257263882563
seedlings_zhu,45,18,6.31535800152234
seedlings_zhu,45,18,5.99396142730657
seedlings_zhu,45,18,6.32256523992728
seedlings_zhu,45,18,6.81454289725996
seedlings_zhu,45,18,6.4723462945009
seedlings_zhu,45,18,6.37161184723186
seedlings_zhu,45,18,6.50279004591562
seedlings_zhu,46,8,6.94215670569947
seedlings_zhu,46,8,7.47022413589997
seedlings_zhu,46,8,6.0088131854426
seedlings_zhu,46,8,5.93489419561959
seedlings_zhu,46,8,5.78074351579233
seedlings_zhu,46,8,7.46450983463653
seedlings_zhu,46,10,5.96870755998537
seedlings_zhu,46,10,6.07534603108868
seedlings_zhu,46,12,6.7719355558396
seedlings_zhu,46,12,6.08449941307517
seedlings_zhu,46,12,6.33327962813969
seedlings_zhu,46,12,6.06610809010375
seedlings_zhu,46,12,6.84054652928869
seedlings_zhu,46,12,6.12029741895095
seedlings_zhu,46,16,7.26542972325395
seedlings_zhu,46,16,7.19518732017871
seedlings_zhu,46,16,6.10702288774226
seedlings_zhu,46,16,7.0884087786754
seedlings_zhu,46,16,6.51471269087253
seedlings_zhu,46,16,6.29341927884648
seedlings_zhu,46,16,5.8805329864007
seedlings_zhu,46,16,6.47543271670409
seedlings_zhu,46,18,6.5206211275587
seedlings_zhu,46,18,7.09920174355309
seedlings_zhu,46,18,6.49677499018586
seedlings_zhu,09,10,5.97126183979046
seedlings_zhu,09,10,6.42324696353352
seedlings_zhu,09,10,7.47250074473756
